ISO-10303-21;
HEADER;
/* Generated by software containing ST-Developer
 * from STEP Tools, Inc. (www.steptools.com) 
 */

FILE_DESCRIPTION(
/* description */ (''),
/* implementation_level */ '2;1');

FILE_NAME(
/* name */ 'MacroPad.step',
/* time_stamp */ '2026-08-12T22:13:27-07:00',
/* author */ (''),
/* organization */ (''),
/* preprocessor_version */ 'ST-DEVELOPER v20.1',
/* originating_system */ 'Autodesk Translation Framework v15.8.0.0',
/* authorisation */ '');

FILE_SCHEMA (('AUTOMOTIVE_DESIGN { 1 0 10303 214 3 1 1 }'));
ENDSEC;

DATA;
#10=MECHANICAL_DESIGN_GEOMETRIC_PRESENTATION_REPRESENTATION('',(#13,#14),
#5061);
#11=SHAPE_REPRESENTATION_RELATIONSHIP('SRR','None',#5067,#12);
#12=ADVANCED_BREP_SHAPE_REPRESENTATION('',(#15,#16),#5060);
#13=STYLED_ITEM('',(#5087),#15);
#14=STYLED_ITEM('',(#5087),#16);
#15=MANIFOLD_SOLID_BREP('Body1',#3224);
#16=MANIFOLD_SOLID_BREP('Body3',#3225);
#17=CIRCLE('',#3239,2.1);
#18=CIRCLE('',#3240,2.1);
#19=CIRCLE('',#3242,2.1);
#20=CIRCLE('',#3243,2.1);
#21=CIRCLE('',#3245,2.1);
#22=CIRCLE('',#3246,2.1);
#23=CIRCLE('',#3248,2.1);
#24=CIRCLE('',#3249,2.1);
#25=CIRCLE('',#3284,3.1);
#26=CIRCLE('',#3285,3.1);
#27=CIRCLE('',#3287,3.1);
#28=CIRCLE('',#3288,3.1);
#29=CIRCLE('',#3290,3.1);
#30=CIRCLE('',#3291,3.1);
#31=CIRCLE('',#3293,3.1);
#32=CIRCLE('',#3294,3.1);
#33=CYLINDRICAL_SURFACE('',#3238,2.1);
#34=CYLINDRICAL_SURFACE('',#3241,2.1);
#35=CYLINDRICAL_SURFACE('',#3244,2.1);
#36=CYLINDRICAL_SURFACE('',#3247,2.1);
#37=CYLINDRICAL_SURFACE('',#3283,3.1);
#38=CYLINDRICAL_SURFACE('',#3286,3.1);
#39=CYLINDRICAL_SURFACE('',#3289,3.1);
#40=CYLINDRICAL_SURFACE('',#3292,3.1);
#41=FACE_BOUND('',#253,.T.);
#42=FACE_BOUND('',#254,.T.);
#43=FACE_BOUND('',#255,.T.);
#44=FACE_BOUND('',#256,.T.);
#45=FACE_BOUND('',#268,.T.);
#46=FACE_BOUND('',#276,.T.);
#47=FACE_BOUND('',#284,.T.);
#48=FACE_BOUND('',#292,.T.);
#49=FACE_BOUND('',#300,.T.);
#50=FACE_BOUND('',#301,.T.);
#51=FACE_BOUND('',#302,.T.);
#52=FACE_BOUND('',#303,.T.);
#53=FACE_BOUND('',#411,.T.);
#54=FACE_BOUND('',#412,.T.);
#55=FACE_BOUND('',#413,.T.);
#56=FACE_BOUND('',#414,.T.);
#57=FACE_BOUND('',#415,.T.);
#58=FACE_BOUND('',#416,.T.);
#59=FACE_BOUND('',#417,.T.);
#60=FACE_BOUND('',#418,.T.);
#61=FACE_BOUND('',#419,.T.);
#62=FACE_BOUND('',#420,.T.);
#63=FACE_BOUND('',#421,.T.);
#64=FACE_BOUND('',#422,.T.);
#65=FACE_BOUND('',#423,.T.);
#66=FACE_BOUND('',#424,.T.);
#67=FACE_BOUND('',#425,.T.);
#68=FACE_BOUND('',#426,.T.);
#69=FACE_BOUND('',#427,.T.);
#70=FACE_BOUND('',#428,.T.);
#71=FACE_BOUND('',#429,.T.);
#72=FACE_BOUND('',#430,.T.);
#73=FACE_BOUND('',#433,.T.);
#74=FACE_BOUND('',#434,.T.);
#75=FACE_BOUND('',#435,.T.);
#76=FACE_BOUND('',#436,.T.);
#77=FACE_BOUND('',#437,.T.);
#78=FACE_BOUND('',#438,.T.);
#79=FACE_BOUND('',#439,.T.);
#80=FACE_BOUND('',#440,.T.);
#81=FACE_BOUND('',#441,.T.);
#82=FACE_BOUND('',#442,.T.);
#83=FACE_BOUND('',#443,.T.);
#84=FACE_BOUND('',#444,.T.);
#85=FACE_BOUND('',#445,.T.);
#86=FACE_BOUND('',#446,.T.);
#87=FACE_BOUND('',#447,.T.);
#88=FACE_BOUND('',#448,.T.);
#89=FACE_BOUND('',#449,.T.);
#90=FACE_BOUND('',#450,.T.);
#91=FACE_BOUND('',#451,.T.);
#92=FACE_BOUND('',#452,.T.);
#93=FACE_OUTER_BOUND('',#248,.T.);
#94=FACE_OUTER_BOUND('',#249,.T.);
#95=FACE_OUTER_BOUND('',#250,.T.);
#96=FACE_OUTER_BOUND('',#251,.T.);
#97=FACE_OUTER_BOUND('',#252,.T.);
#98=FACE_OUTER_BOUND('',#257,.T.);
#99=FACE_OUTER_BOUND('',#258,.T.);
#100=FACE_OUTER_BOUND('',#259,.T.);
#101=FACE_OUTER_BOUND('',#260,.T.);
#102=FACE_OUTER_BOUND('',#261,.T.);
#103=FACE_OUTER_BOUND('',#262,.T.);
#104=FACE_OUTER_BOUND('',#263,.T.);
#105=FACE_OUTER_BOUND('',#264,.T.);
#106=FACE_OUTER_BOUND('',#265,.T.);
#107=FACE_OUTER_BOUND('',#266,.T.);
#108=FACE_OUTER_BOUND('',#267,.T.);
#109=FACE_OUTER_BOUND('',#269,.T.);
#110=FACE_OUTER_BOUND('',#270,.T.);
#111=FACE_OUTER_BOUND('',#271,.T.);
#112=FACE_OUTER_BOUND('',#272,.T.);
#113=FACE_OUTER_BOUND('',#273,.T.);
#114=FACE_OUTER_BOUND('',#274,.T.);
#115=FACE_OUTER_BOUND('',#275,.T.);
#116=FACE_OUTER_BOUND('',#277,.T.);
#117=FACE_OUTER_BOUND('',#278,.T.);
#118=FACE_OUTER_BOUND('',#279,.T.);
#119=FACE_OUTER_BOUND('',#280,.T.);
#120=FACE_OUTER_BOUND('',#281,.T.);
#121=FACE_OUTER_BOUND('',#282,.T.);
#122=FACE_OUTER_BOUND('',#283,.T.);
#123=FACE_OUTER_BOUND('',#285,.T.);
#124=FACE_OUTER_BOUND('',#286,.T.);
#125=FACE_OUTER_BOUND('',#287,.T.);
#126=FACE_OUTER_BOUND('',#288,.T.);
#127=FACE_OUTER_BOUND('',#289,.T.);
#128=FACE_OUTER_BOUND('',#290,.T.);
#129=FACE_OUTER_BOUND('',#291,.T.);
#130=FACE_OUTER_BOUND('',#293,.T.);
#131=FACE_OUTER_BOUND('',#294,.T.);
#132=FACE_OUTER_BOUND('',#295,.T.);
#133=FACE_OUTER_BOUND('',#296,.T.);
#134=FACE_OUTER_BOUND('',#297,.T.);
#135=FACE_OUTER_BOUND('',#298,.T.);
#136=FACE_OUTER_BOUND('',#299,.T.);
#137=FACE_OUTER_BOUND('',#304,.T.);
#138=FACE_OUTER_BOUND('',#305,.T.);
#139=FACE_OUTER_BOUND('',#306,.T.);
#140=FACE_OUTER_BOUND('',#307,.T.);
#141=FACE_OUTER_BOUND('',#308,.T.);
#142=FACE_OUTER_BOUND('',#309,.T.);
#143=FACE_OUTER_BOUND('',#310,.T.);
#144=FACE_OUTER_BOUND('',#311,.T.);
#145=FACE_OUTER_BOUND('',#312,.T.);
#146=FACE_OUTER_BOUND('',#313,.T.);
#147=FACE_OUTER_BOUND('',#314,.T.);
#148=FACE_OUTER_BOUND('',#315,.T.);
#149=FACE_OUTER_BOUND('',#316,.T.);
#150=FACE_OUTER_BOUND('',#317,.T.);
#151=FACE_OUTER_BOUND('',#318,.T.);
#152=FACE_OUTER_BOUND('',#319,.T.);
#153=FACE_OUTER_BOUND('',#320,.T.);
#154=FACE_OUTER_BOUND('',#321,.T.);
#155=FACE_OUTER_BOUND('',#322,.T.);
#156=FACE_OUTER_BOUND('',#323,.T.);
#157=FACE_OUTER_BOUND('',#324,.T.);
#158=FACE_OUTER_BOUND('',#325,.T.);
#159=FACE_OUTER_BOUND('',#326,.T.);
#160=FACE_OUTER_BOUND('',#327,.T.);
#161=FACE_OUTER_BOUND('',#328,.T.);
#162=FACE_OUTER_BOUND('',#329,.T.);
#163=FACE_OUTER_BOUND('',#330,.T.);
#164=FACE_OUTER_BOUND('',#331,.T.);
#165=FACE_OUTER_BOUND('',#332,.T.);
#166=FACE_OUTER_BOUND('',#333,.T.);
#167=FACE_OUTER_BOUND('',#334,.T.);
#168=FACE_OUTER_BOUND('',#335,.T.);
#169=FACE_OUTER_BOUND('',#336,.T.);
#170=FACE_OUTER_BOUND('',#337,.T.);
#171=FACE_OUTER_BOUND('',#338,.T.);
#172=FACE_OUTER_BOUND('',#339,.T.);
#173=FACE_OUTER_BOUND('',#340,.T.);
#174=FACE_OUTER_BOUND('',#341,.T.);
#175=FACE_OUTER_BOUND('',#342,.T.);
#176=FACE_OUTER_BOUND('',#343,.T.);
#177=FACE_OUTER_BOUND('',#344,.T.);
#178=FACE_OUTER_BOUND('',#345,.T.);
#179=FACE_OUTER_BOUND('',#346,.T.);
#180=FACE_OUTER_BOUND('',#347,.T.);
#181=FACE_OUTER_BOUND('',#348,.T.);
#182=FACE_OUTER_BOUND('',#349,.T.);
#183=FACE_OUTER_BOUND('',#350,.T.);
#184=FACE_OUTER_BOUND('',#351,.T.);
#185=FACE_OUTER_BOUND('',#352,.T.);
#186=FACE_OUTER_BOUND('',#353,.T.);
#187=FACE_OUTER_BOUND('',#354,.T.);
#188=FACE_OUTER_BOUND('',#355,.T.);
#189=FACE_OUTER_BOUND('',#356,.T.);
#190=FACE_OUTER_BOUND('',#357,.T.);
#191=FACE_OUTER_BOUND('',#358,.T.);
#192=FACE_OUTER_BOUND('',#359,.T.);
#193=FACE_OUTER_BOUND('',#360,.T.);
#194=FACE_OUTER_BOUND('',#361,.T.);
#195=FACE_OUTER_BOUND('',#362,.T.);
#196=FACE_OUTER_BOUND('',#363,.T.);
#197=FACE_OUTER_BOUND('',#364,.T.);
#198=FACE_OUTER_BOUND('',#365,.T.);
#199=FACE_OUTER_BOUND('',#366,.T.);
#200=FACE_OUTER_BOUND('',#367,.T.);
#201=FACE_OUTER_BOUND('',#368,.T.);
#202=FACE_OUTER_BOUND('',#369,.T.);
#203=FACE_OUTER_BOUND('',#370,.T.);
#204=FACE_OUTER_BOUND('',#371,.T.);
#205=FACE_OUTER_BOUND('',#372,.T.);
#206=FACE_OUTER_BOUND('',#373,.T.);
#207=FACE_OUTER_BOUND('',#374,.T.);
#208=FACE_OUTER_BOUND('',#375,.T.);
#209=FACE_OUTER_BOUND('',#376,.T.);
#210=FACE_OUTER_BOUND('',#377,.T.);
#211=FACE_OUTER_BOUND('',#378,.T.);
#212=FACE_OUTER_BOUND('',#379,.T.);
#213=FACE_OUTER_BOUND('',#380,.T.);
#214=FACE_OUTER_BOUND('',#381,.T.);
#215=FACE_OUTER_BOUND('',#382,.T.);
#216=FACE_OUTER_BOUND('',#383,.T.);
#217=FACE_OUTER_BOUND('',#384,.T.);
#218=FACE_OUTER_BOUND('',#385,.T.);
#219=FACE_OUTER_BOUND('',#386,.T.);
#220=FACE_OUTER_BOUND('',#387,.T.);
#221=FACE_OUTER_BOUND('',#388,.T.);
#222=FACE_OUTER_BOUND('',#389,.T.);
#223=FACE_OUTER_BOUND('',#390,.T.);
#224=FACE_OUTER_BOUND('',#391,.T.);
#225=FACE_OUTER_BOUND('',#392,.T.);
#226=FACE_OUTER_BOUND('',#393,.T.);
#227=FACE_OUTER_BOUND('',#394,.T.);
#228=FACE_OUTER_BOUND('',#395,.T.);
#229=FACE_OUTER_BOUND('',#396,.T.);
#230=FACE_OUTER_BOUND('',#397,.T.);
#231=FACE_OUTER_BOUND('',#398,.T.);
#232=FACE_OUTER_BOUND('',#399,.T.);
#233=FACE_OUTER_BOUND('',#400,.T.);
#234=FACE_OUTER_BOUND('',#401,.T.);
#235=FACE_OUTER_BOUND('',#402,.T.);
#236=FACE_OUTER_BOUND('',#403,.T.);
#237=FACE_OUTER_BOUND('',#404,.T.);
#238=FACE_OUTER_BOUND('',#405,.T.);
#239=FACE_OUTER_BOUND('',#406,.T.);
#240=FACE_OUTER_BOUND('',#407,.T.);
#241=FACE_OUTER_BOUND('',#408,.T.);
#242=FACE_OUTER_BOUND('',#409,.T.);
#243=FACE_OUTER_BOUND('',#410,.T.);
#244=FACE_OUTER_BOUND('',#431,.T.);
#245=FACE_OUTER_BOUND('',#432,.T.);
#246=FACE_OUTER_BOUND('',#453,.T.);
#247=FACE_OUTER_BOUND('',#454,.T.);
#248=EDGE_LOOP('',(#2040,#2041,#2042,#2043));
#249=EDGE_LOOP('',(#2044,#2045,#2046,#2047));
#250=EDGE_LOOP('',(#2048,#2049,#2050,#2051));
#251=EDGE_LOOP('',(#2052,#2053,#2054,#2055,#2056,#2057,#2058,#2059));
#252=EDGE_LOOP('',(#2060,#2061,#2062,#2063));
#253=EDGE_LOOP('',(#2064,#2065,#2066,#2067,#2068,#2069));
#254=EDGE_LOOP('',(#2070,#2071,#2072,#2073,#2074,#2075));
#255=EDGE_LOOP('',(#2076,#2077,#2078,#2079,#2080,#2081));
#256=EDGE_LOOP('',(#2082,#2083,#2084,#2085,#2086,#2087));
#257=EDGE_LOOP('',(#2088,#2089,#2090,#2091));
#258=EDGE_LOOP('',(#2092,#2093,#2094,#2095));
#259=EDGE_LOOP('',(#2096,#2097,#2098,#2099));
#260=EDGE_LOOP('',(#2100,#2101,#2102,#2103));
#261=EDGE_LOOP('',(#2104,#2105,#2106,#2107));
#262=EDGE_LOOP('',(#2108,#2109,#2110,#2111));
#263=EDGE_LOOP('',(#2112,#2113,#2114,#2115));
#264=EDGE_LOOP('',(#2116,#2117,#2118,#2119));
#265=EDGE_LOOP('',(#2120,#2121,#2122,#2123));
#266=EDGE_LOOP('',(#2124,#2125,#2126,#2127));
#267=EDGE_LOOP('',(#2128,#2129,#2130,#2131,#2132,#2133));
#268=EDGE_LOOP('',(#2134));
#269=EDGE_LOOP('',(#2135,#2136,#2137,#2138));
#270=EDGE_LOOP('',(#2139,#2140,#2141,#2142));
#271=EDGE_LOOP('',(#2143,#2144,#2145,#2146));
#272=EDGE_LOOP('',(#2147,#2148,#2149,#2150));
#273=EDGE_LOOP('',(#2151,#2152,#2153,#2154));
#274=EDGE_LOOP('',(#2155,#2156,#2157,#2158));
#275=EDGE_LOOP('',(#2159,#2160,#2161,#2162,#2163,#2164));
#276=EDGE_LOOP('',(#2165));
#277=EDGE_LOOP('',(#2166,#2167,#2168,#2169));
#278=EDGE_LOOP('',(#2170,#2171,#2172,#2173));
#279=EDGE_LOOP('',(#2174,#2175,#2176,#2177));
#280=EDGE_LOOP('',(#2178,#2179,#2180,#2181));
#281=EDGE_LOOP('',(#2182,#2183,#2184,#2185));
#282=EDGE_LOOP('',(#2186,#2187,#2188,#2189));
#283=EDGE_LOOP('',(#2190,#2191,#2192,#2193,#2194,#2195));
#284=EDGE_LOOP('',(#2196));
#285=EDGE_LOOP('',(#2197,#2198,#2199,#2200));
#286=EDGE_LOOP('',(#2201,#2202,#2203,#2204));
#287=EDGE_LOOP('',(#2205,#2206,#2207,#2208));
#288=EDGE_LOOP('',(#2209,#2210,#2211,#2212));
#289=EDGE_LOOP('',(#2213,#2214,#2215,#2216));
#290=EDGE_LOOP('',(#2217,#2218,#2219,#2220));
#291=EDGE_LOOP('',(#2221,#2222,#2223,#2224,#2225,#2226));
#292=EDGE_LOOP('',(#2227));
#293=EDGE_LOOP('',(#2228,#2229,#2230,#2231));
#294=EDGE_LOOP('',(#2232,#2233,#2234,#2235));
#295=EDGE_LOOP('',(#2236,#2237,#2238,#2239));
#296=EDGE_LOOP('',(#2240,#2241,#2242,#2243));
#297=EDGE_LOOP('',(#2244,#2245,#2246,#2247));
#298=EDGE_LOOP('',(#2248,#2249,#2250,#2251));
#299=EDGE_LOOP('',(#2252,#2253,#2254,#2255,#2256,#2257,#2258,#2259,#2260,
#2261,#2262,#2263));
#300=EDGE_LOOP('',(#2264));
#301=EDGE_LOOP('',(#2265));
#302=EDGE_LOOP('',(#2266));
#303=EDGE_LOOP('',(#2267));
#304=EDGE_LOOP('',(#2268,#2269,#2270,#2271));
#305=EDGE_LOOP('',(#2272,#2273,#2274,#2275,#2276,#2277,#2278,#2279));
#306=EDGE_LOOP('',(#2280,#2281,#2282,#2283));
#307=EDGE_LOOP('',(#2284,#2285,#2286,#2287));
#308=EDGE_LOOP('',(#2288,#2289,#2290,#2291));
#309=EDGE_LOOP('',(#2292,#2293,#2294,#2295));
#310=EDGE_LOOP('',(#2296,#2297,#2298,#2299));
#311=EDGE_LOOP('',(#2300,#2301,#2302,#2303));
#312=EDGE_LOOP('',(#2304,#2305,#2306,#2307));
#313=EDGE_LOOP('',(#2308,#2309,#2310,#2311));
#314=EDGE_LOOP('',(#2312,#2313,#2314,#2315));
#315=EDGE_LOOP('',(#2316,#2317,#2318,#2319));
#316=EDGE_LOOP('',(#2320,#2321,#2322,#2323));
#317=EDGE_LOOP('',(#2324,#2325,#2326,#2327));
#318=EDGE_LOOP('',(#2328,#2329,#2330,#2331));
#319=EDGE_LOOP('',(#2332,#2333,#2334,#2335));
#320=EDGE_LOOP('',(#2336,#2337,#2338,#2339));
#321=EDGE_LOOP('',(#2340,#2341,#2342,#2343));
#322=EDGE_LOOP('',(#2344,#2345,#2346,#2347));
#323=EDGE_LOOP('',(#2348,#2349,#2350,#2351));
#324=EDGE_LOOP('',(#2352,#2353,#2354,#2355));
#325=EDGE_LOOP('',(#2356,#2357,#2358,#2359));
#326=EDGE_LOOP('',(#2360,#2361,#2362,#2363));
#327=EDGE_LOOP('',(#2364,#2365,#2366,#2367));
#328=EDGE_LOOP('',(#2368,#2369,#2370,#2371));
#329=EDGE_LOOP('',(#2372,#2373,#2374,#2375));
#330=EDGE_LOOP('',(#2376,#2377,#2378,#2379));
#331=EDGE_LOOP('',(#2380,#2381,#2382,#2383));
#332=EDGE_LOOP('',(#2384,#2385,#2386,#2387));
#333=EDGE_LOOP('',(#2388,#2389,#2390,#2391));
#334=EDGE_LOOP('',(#2392,#2393,#2394,#2395));
#335=EDGE_LOOP('',(#2396,#2397,#2398,#2399));
#336=EDGE_LOOP('',(#2400,#2401,#2402,#2403));
#337=EDGE_LOOP('',(#2404,#2405,#2406,#2407));
#338=EDGE_LOOP('',(#2408,#2409,#2410,#2411));
#339=EDGE_LOOP('',(#2412,#2413,#2414,#2415));
#340=EDGE_LOOP('',(#2416,#2417,#2418,#2419));
#341=EDGE_LOOP('',(#2420,#2421,#2422,#2423));
#342=EDGE_LOOP('',(#2424,#2425,#2426,#2427));
#343=EDGE_LOOP('',(#2428,#2429,#2430,#2431));
#344=EDGE_LOOP('',(#2432,#2433,#2434,#2435));
#345=EDGE_LOOP('',(#2436,#2437,#2438,#2439));
#346=EDGE_LOOP('',(#2440,#2441,#2442,#2443));
#347=EDGE_LOOP('',(#2444,#2445,#2446,#2447));
#348=EDGE_LOOP('',(#2448,#2449,#2450,#2451));
#349=EDGE_LOOP('',(#2452,#2453,#2454,#2455));
#350=EDGE_LOOP('',(#2456,#2457,#2458,#2459));
#351=EDGE_LOOP('',(#2460,#2461,#2462,#2463));
#352=EDGE_LOOP('',(#2464,#2465,#2466,#2467));
#353=EDGE_LOOP('',(#2468,#2469,#2470,#2471));
#354=EDGE_LOOP('',(#2472,#2473,#2474,#2475));
#355=EDGE_LOOP('',(#2476,#2477,#2478,#2479));
#356=EDGE_LOOP('',(#2480,#2481,#2482,#2483));
#357=EDGE_LOOP('',(#2484,#2485,#2486,#2487));
#358=EDGE_LOOP('',(#2488,#2489,#2490,#2491));
#359=EDGE_LOOP('',(#2492,#2493,#2494,#2495));
#360=EDGE_LOOP('',(#2496,#2497,#2498,#2499));
#361=EDGE_LOOP('',(#2500,#2501,#2502,#2503));
#362=EDGE_LOOP('',(#2504,#2505,#2506,#2507));
#363=EDGE_LOOP('',(#2508,#2509,#2510,#2511));
#364=EDGE_LOOP('',(#2512,#2513,#2514,#2515));
#365=EDGE_LOOP('',(#2516,#2517,#2518,#2519));
#366=EDGE_LOOP('',(#2520,#2521,#2522,#2523));
#367=EDGE_LOOP('',(#2524,#2525,#2526,#2527));
#368=EDGE_LOOP('',(#2528,#2529,#2530,#2531));
#369=EDGE_LOOP('',(#2532,#2533,#2534,#2535));
#370=EDGE_LOOP('',(#2536,#2537,#2538,#2539));
#371=EDGE_LOOP('',(#2540,#2541,#2542,#2543));
#372=EDGE_LOOP('',(#2544,#2545,#2546,#2547));
#373=EDGE_LOOP('',(#2548,#2549,#2550,#2551));
#374=EDGE_LOOP('',(#2552,#2553,#2554,#2555));
#375=EDGE_LOOP('',(#2556,#2557,#2558,#2559));
#376=EDGE_LOOP('',(#2560,#2561,#2562,#2563));
#377=EDGE_LOOP('',(#2564,#2565,#2566,#2567));
#378=EDGE_LOOP('',(#2568,#2569,#2570,#2571));
#379=EDGE_LOOP('',(#2572,#2573,#2574,#2575));
#380=EDGE_LOOP('',(#2576,#2577,#2578,#2579));
#381=EDGE_LOOP('',(#2580,#2581,#2582,#2583));
#382=EDGE_LOOP('',(#2584,#2585,#2586,#2587));
#383=EDGE_LOOP('',(#2588,#2589,#2590,#2591));
#384=EDGE_LOOP('',(#2592,#2593,#2594,#2595));
#385=EDGE_LOOP('',(#2596,#2597,#2598,#2599));
#386=EDGE_LOOP('',(#2600,#2601,#2602,#2603));
#387=EDGE_LOOP('',(#2604,#2605,#2606,#2607));
#388=EDGE_LOOP('',(#2608,#2609,#2610,#2611));
#389=EDGE_LOOP('',(#2612,#2613,#2614,#2615));
#390=EDGE_LOOP('',(#2616,#2617,#2618,#2619));
#391=EDGE_LOOP('',(#2620,#2621,#2622,#2623));
#392=EDGE_LOOP('',(#2624,#2625,#2626,#2627));
#393=EDGE_LOOP('',(#2628,#2629,#2630,#2631));
#394=EDGE_LOOP('',(#2632,#2633,#2634,#2635));
#395=EDGE_LOOP('',(#2636,#2637,#2638,#2639));
#396=EDGE_LOOP('',(#2640,#2641,#2642,#2643));
#397=EDGE_LOOP('',(#2644,#2645,#2646,#2647));
#398=EDGE_LOOP('',(#2648,#2649,#2650,#2651));
#399=EDGE_LOOP('',(#2652,#2653,#2654,#2655));
#400=EDGE_LOOP('',(#2656,#2657,#2658,#2659));
#401=EDGE_LOOP('',(#2660,#2661,#2662,#2663));
#402=EDGE_LOOP('',(#2664,#2665,#2666,#2667));
#403=EDGE_LOOP('',(#2668,#2669,#2670,#2671));
#404=EDGE_LOOP('',(#2672,#2673,#2674,#2675));
#405=EDGE_LOOP('',(#2676,#2677,#2678,#2679));
#406=EDGE_LOOP('',(#2680,#2681,#2682,#2683));
#407=EDGE_LOOP('',(#2684,#2685,#2686,#2687));
#408=EDGE_LOOP('',(#2688,#2689,#2690,#2691));
#409=EDGE_LOOP('',(#2692,#2693,#2694,#2695));
#410=EDGE_LOOP('',(#2696,#2697,#2698,#2699));
#411=EDGE_LOOP('',(#2700));
#412=EDGE_LOOP('',(#2701));
#413=EDGE_LOOP('',(#2702));
#414=EDGE_LOOP('',(#2703));
#415=EDGE_LOOP('',(#2704,#2705,#2706,#2707));
#416=EDGE_LOOP('',(#2708,#2709,#2710,#2711,#2712,#2713,#2714,#2715,#2716,
#2717,#2718,#2719,#2720,#2721,#2722,#2723));
#417=EDGE_LOOP('',(#2724,#2725,#2726,#2727));
#418=EDGE_LOOP('',(#2728,#2729,#2730,#2731,#2732,#2733));
#419=EDGE_LOOP('',(#2734,#2735,#2736,#2737,#2738,#2739));
#420=EDGE_LOOP('',(#2740,#2741,#2742,#2743,#2744,#2745,#2746));
#421=EDGE_LOOP('',(#2747,#2748,#2749,#2750,#2751));
#422=EDGE_LOOP('',(#2752,#2753,#2754,#2755,#2756,#2757,#2758,#2759));
#423=EDGE_LOOP('',(#2760,#2761,#2762,#2763,#2764));
#424=EDGE_LOOP('',(#2765,#2766,#2767,#2768,#2769,#2770));
#425=EDGE_LOOP('',(#2771,#2772,#2773,#2774,#2775,#2776,#2777));
#426=EDGE_LOOP('',(#2778,#2779,#2780,#2781,#2782,#2783));
#427=EDGE_LOOP('',(#2784,#2785,#2786,#2787));
#428=EDGE_LOOP('',(#2788,#2789,#2790,#2791,#2792));
#429=EDGE_LOOP('',(#2793,#2794,#2795,#2796,#2797));
#430=EDGE_LOOP('',(#2798,#2799,#2800,#2801,#2802));
#431=EDGE_LOOP('',(#2803,#2804,#2805,#2806));
#432=EDGE_LOOP('',(#2807,#2808,#2809,#2810));
#433=EDGE_LOOP('',(#2811,#2812,#2813,#2814));
#434=EDGE_LOOP('',(#2815,#2816,#2817,#2818));
#435=EDGE_LOOP('',(#2819,#2820,#2821,#2822,#2823,#2824,#2825,#2826,#2827,
#2828,#2829,#2830,#2831,#2832,#2833,#2834));
#436=EDGE_LOOP('',(#2835,#2836,#2837,#2838,#2839,#2840));
#437=EDGE_LOOP('',(#2841,#2842,#2843,#2844,#2845,#2846));
#438=EDGE_LOOP('',(#2847,#2848,#2849,#2850,#2851,#2852,#2853));
#439=EDGE_LOOP('',(#2854,#2855,#2856,#2857,#2858));
#440=EDGE_LOOP('',(#2859,#2860,#2861,#2862,#2863,#2864,#2865,#2866));
#441=EDGE_LOOP('',(#2867,#2868,#2869,#2870,#2871));
#442=EDGE_LOOP('',(#2872,#2873,#2874,#2875,#2876,#2877));
#443=EDGE_LOOP('',(#2878,#2879,#2880,#2881,#2882,#2883,#2884));
#444=EDGE_LOOP('',(#2885,#2886,#2887,#2888,#2889,#2890));
#445=EDGE_LOOP('',(#2891,#2892,#2893,#2894));
#446=EDGE_LOOP('',(#2895,#2896,#2897,#2898,#2899));
#447=EDGE_LOOP('',(#2900,#2901,#2902,#2903,#2904));
#448=EDGE_LOOP('',(#2905,#2906,#2907,#2908,#2909));
#449=EDGE_LOOP('',(#2910));
#450=EDGE_LOOP('',(#2911));
#451=EDGE_LOOP('',(#2912));
#452=EDGE_LOOP('',(#2913));
#453=EDGE_LOOP('',(#2914,#2915,#2916,#2917));
#454=EDGE_LOOP('',(#2918,#2919,#2920,#2921));
#455=LINE('',#4171,#880);
#456=LINE('',#4173,#881);
#457=LINE('',#4175,#882);
#458=LINE('',#4176,#883);
#459=LINE('',#4180,#884);
#460=LINE('',#4182,#885);
#461=LINE('',#4184,#886);
#462=LINE('',#4185,#887);
#463=LINE('',#4187,#888);
#464=LINE('',#4188,#889);
#465=LINE('',#4191,#890);
#466=LINE('',#4193,#891);
#467=LINE('',#4195,#892);
#468=LINE('',#4197,#893);
#469=LINE('',#4198,#894);
#470=LINE('',#4202,#895);
#471=LINE('',#4204,#896);
#472=LINE('',#4206,#897);
#473=LINE('',#4207,#898);
#474=LINE('',#4210,#899);
#475=LINE('',#4212,#900);
#476=LINE('',#4214,#901);
#477=LINE('',#4216,#902);
#478=LINE('',#4218,#903);
#479=LINE('',#4219,#904);
#480=LINE('',#4222,#905);
#481=LINE('',#4224,#906);
#482=LINE('',#4226,#907);
#483=LINE('',#4228,#908);
#484=LINE('',#4230,#909);
#485=LINE('',#4231,#910);
#486=LINE('',#4234,#911);
#487=LINE('',#4236,#912);
#488=LINE('',#4238,#913);
#489=LINE('',#4240,#914);
#490=LINE('',#4242,#915);
#491=LINE('',#4243,#916);
#492=LINE('',#4246,#917);
#493=LINE('',#4248,#918);
#494=LINE('',#4250,#919);
#495=LINE('',#4252,#920);
#496=LINE('',#4254,#921);
#497=LINE('',#4255,#922);
#498=LINE('',#4258,#923);
#499=LINE('',#4260,#924);
#500=LINE('',#4261,#925);
#501=LINE('',#4265,#926);
#502=LINE('',#4266,#927);
#503=LINE('',#4267,#928);
#504=LINE('',#4270,#929);
#505=LINE('',#4271,#930);
#506=LINE('',#4274,#931);
#507=LINE('',#4275,#932);
#508=LINE('',#4278,#933);
#509=LINE('',#4279,#934);
#510=LINE('',#4281,#935);
#511=LINE('',#4286,#936);
#512=LINE('',#4292,#937);
#513=LINE('',#4298,#938);
#514=LINE('',#4304,#939);
#515=LINE('',#4309,#940);
#516=LINE('',#4311,#941);
#517=LINE('',#4313,#942);
#518=LINE('',#4315,#943);
#519=LINE('',#4317,#944);
#520=LINE('',#4318,#945);
#521=LINE('',#4320,#946);
#522=LINE('',#4321,#947);
#523=LINE('',#4323,#948);
#524=LINE('',#4325,#949);
#525=LINE('',#4327,#950);
#526=LINE('',#4329,#951);
#527=LINE('',#4334,#952);
#528=LINE('',#4336,#953);
#529=LINE('',#4338,#954);
#530=LINE('',#4340,#955);
#531=LINE('',#4342,#956);
#532=LINE('',#4343,#957);
#533=LINE('',#4345,#958);
#534=LINE('',#4346,#959);
#535=LINE('',#4348,#960);
#536=LINE('',#4350,#961);
#537=LINE('',#4352,#962);
#538=LINE('',#4354,#963);
#539=LINE('',#4359,#964);
#540=LINE('',#4361,#965);
#541=LINE('',#4363,#966);
#542=LINE('',#4365,#967);
#543=LINE('',#4367,#968);
#544=LINE('',#4368,#969);
#545=LINE('',#4370,#970);
#546=LINE('',#4371,#971);
#547=LINE('',#4373,#972);
#548=LINE('',#4375,#973);
#549=LINE('',#4377,#974);
#550=LINE('',#4379,#975);
#551=LINE('',#4384,#976);
#552=LINE('',#4386,#977);
#553=LINE('',#4388,#978);
#554=LINE('',#4390,#979);
#555=LINE('',#4392,#980);
#556=LINE('',#4393,#981);
#557=LINE('',#4395,#982);
#558=LINE('',#4396,#983);
#559=LINE('',#4398,#984);
#560=LINE('',#4400,#985);
#561=LINE('',#4402,#986);
#562=LINE('',#4404,#987);
#563=LINE('',#4407,#988);
#564=LINE('',#4409,#989);
#565=LINE('',#4410,#990);
#566=LINE('',#4412,#991);
#567=LINE('',#4417,#992);
#568=LINE('',#4419,#993);
#569=LINE('',#4421,#994);
#570=LINE('',#4422,#995);
#571=LINE('',#4425,#996);
#572=LINE('',#4427,#997);
#573=LINE('',#4428,#998);
#574=LINE('',#4433,#999);
#575=LINE('',#4439,#1000);
#576=LINE('',#4445,#1001);
#577=LINE('',#4451,#1002);
#578=LINE('',#4456,#1003);
#579=LINE('',#4458,#1004);
#580=LINE('',#4460,#1005);
#581=LINE('',#4461,#1006);
#582=LINE('',#4464,#1007);
#583=LINE('',#4466,#1008);
#584=LINE('',#4467,#1009);
#585=LINE('',#4470,#1010);
#586=LINE('',#4472,#1011);
#587=LINE('',#4473,#1012);
#588=LINE('',#4476,#1013);
#589=LINE('',#4478,#1014);
#590=LINE('',#4479,#1015);
#591=LINE('',#4481,#1016);
#592=LINE('',#4482,#1017);
#593=LINE('',#4486,#1018);
#594=LINE('',#4488,#1019);
#595=LINE('',#4490,#1020);
#596=LINE('',#4491,#1021);
#597=LINE('',#4494,#1022);
#598=LINE('',#4496,#1023);
#599=LINE('',#4497,#1024);
#600=LINE('',#4500,#1025);
#601=LINE('',#4502,#1026);
#602=LINE('',#4503,#1027);
#603=LINE('',#4506,#1028);
#604=LINE('',#4508,#1029);
#605=LINE('',#4509,#1030);
#606=LINE('',#4511,#1031);
#607=LINE('',#4512,#1032);
#608=LINE('',#4516,#1033);
#609=LINE('',#4518,#1034);
#610=LINE('',#4520,#1035);
#611=LINE('',#4521,#1036);
#612=LINE('',#4524,#1037);
#613=LINE('',#4526,#1038);
#614=LINE('',#4527,#1039);
#615=LINE('',#4530,#1040);
#616=LINE('',#4532,#1041);
#617=LINE('',#4533,#1042);
#618=LINE('',#4536,#1043);
#619=LINE('',#4538,#1044);
#620=LINE('',#4539,#1045);
#621=LINE('',#4541,#1046);
#622=LINE('',#4542,#1047);
#623=LINE('',#4546,#1048);
#624=LINE('',#4548,#1049);
#625=LINE('',#4550,#1050);
#626=LINE('',#4551,#1051);
#627=LINE('',#4554,#1052);
#628=LINE('',#4556,#1053);
#629=LINE('',#4557,#1054);
#630=LINE('',#4560,#1055);
#631=LINE('',#4562,#1056);
#632=LINE('',#4563,#1057);
#633=LINE('',#4565,#1058);
#634=LINE('',#4566,#1059);
#635=LINE('',#4570,#1060);
#636=LINE('',#4572,#1061);
#637=LINE('',#4574,#1062);
#638=LINE('',#4575,#1063);
#639=LINE('',#4578,#1064);
#640=LINE('',#4580,#1065);
#641=LINE('',#4581,#1066);
#642=LINE('',#4584,#1067);
#643=LINE('',#4586,#1068);
#644=LINE('',#4587,#1069);
#645=LINE('',#4590,#1070);
#646=LINE('',#4592,#1071);
#647=LINE('',#4593,#1072);
#648=LINE('',#4596,#1073);
#649=LINE('',#4598,#1074);
#650=LINE('',#4599,#1075);
#651=LINE('',#4601,#1076);
#652=LINE('',#4602,#1077);
#653=LINE('',#4606,#1078);
#654=LINE('',#4608,#1079);
#655=LINE('',#4610,#1080);
#656=LINE('',#4611,#1081);
#657=LINE('',#4614,#1082);
#658=LINE('',#4616,#1083);
#659=LINE('',#4617,#1084);
#660=LINE('',#4620,#1085);
#661=LINE('',#4622,#1086);
#662=LINE('',#4623,#1087);
#663=LINE('',#4626,#1088);
#664=LINE('',#4628,#1089);
#665=LINE('',#4629,#1090);
#666=LINE('',#4632,#1091);
#667=LINE('',#4634,#1092);
#668=LINE('',#4635,#1093);
#669=LINE('',#4638,#1094);
#670=LINE('',#4640,#1095);
#671=LINE('',#4641,#1096);
#672=LINE('',#4643,#1097);
#673=LINE('',#4644,#1098);
#674=LINE('',#4648,#1099);
#675=LINE('',#4650,#1100);
#676=LINE('',#4652,#1101);
#677=LINE('',#4653,#1102);
#678=LINE('',#4656,#1103);
#679=LINE('',#4658,#1104);
#680=LINE('',#4659,#1105);
#681=LINE('',#4662,#1106);
#682=LINE('',#4664,#1107);
#683=LINE('',#4665,#1108);
#684=LINE('',#4668,#1109);
#685=LINE('',#4670,#1110);
#686=LINE('',#4671,#1111);
#687=LINE('',#4674,#1112);
#688=LINE('',#4676,#1113);
#689=LINE('',#4677,#1114);
#690=LINE('',#4679,#1115);
#691=LINE('',#4680,#1116);
#692=LINE('',#4684,#1117);
#693=LINE('',#4686,#1118);
#694=LINE('',#4688,#1119);
#695=LINE('',#4689,#1120);
#696=LINE('',#4692,#1121);
#697=LINE('',#4694,#1122);
#698=LINE('',#4695,#1123);
#699=LINE('',#4698,#1124);
#700=LINE('',#4700,#1125);
#701=LINE('',#4701,#1126);
#702=LINE('',#4704,#1127);
#703=LINE('',#4706,#1128);
#704=LINE('',#4707,#1129);
#705=LINE('',#4709,#1130);
#706=LINE('',#4710,#1131);
#707=LINE('',#4714,#1132);
#708=LINE('',#4716,#1133);
#709=LINE('',#4718,#1134);
#710=LINE('',#4719,#1135);
#711=LINE('',#4722,#1136);
#712=LINE('',#4724,#1137);
#713=LINE('',#4725,#1138);
#714=LINE('',#4728,#1139);
#715=LINE('',#4730,#1140);
#716=LINE('',#4731,#1141);
#717=LINE('',#4734,#1142);
#718=LINE('',#4736,#1143);
#719=LINE('',#4737,#1144);
#720=LINE('',#4740,#1145);
#721=LINE('',#4742,#1146);
#722=LINE('',#4743,#1147);
#723=LINE('',#4746,#1148);
#724=LINE('',#4748,#1149);
#725=LINE('',#4749,#1150);
#726=LINE('',#4752,#1151);
#727=LINE('',#4754,#1152);
#728=LINE('',#4755,#1153);
#729=LINE('',#4757,#1154);
#730=LINE('',#4758,#1155);
#731=LINE('',#4762,#1156);
#732=LINE('',#4764,#1157);
#733=LINE('',#4766,#1158);
#734=LINE('',#4767,#1159);
#735=LINE('',#4770,#1160);
#736=LINE('',#4772,#1161);
#737=LINE('',#4773,#1162);
#738=LINE('',#4776,#1163);
#739=LINE('',#4778,#1164);
#740=LINE('',#4779,#1165);
#741=LINE('',#4782,#1166);
#742=LINE('',#4784,#1167);
#743=LINE('',#4785,#1168);
#744=LINE('',#4787,#1169);
#745=LINE('',#4788,#1170);
#746=LINE('',#4792,#1171);
#747=LINE('',#4794,#1172);
#748=LINE('',#4796,#1173);
#749=LINE('',#4797,#1174);
#750=LINE('',#4800,#1175);
#751=LINE('',#4802,#1176);
#752=LINE('',#4803,#1177);
#753=LINE('',#4806,#1178);
#754=LINE('',#4808,#1179);
#755=LINE('',#4809,#1180);
#756=LINE('',#4812,#1181);
#757=LINE('',#4814,#1182);
#758=LINE('',#4815,#1183);
#759=LINE('',#4818,#1184);
#760=LINE('',#4820,#1185);
#761=LINE('',#4821,#1186);
#762=LINE('',#4824,#1187);
#763=LINE('',#4826,#1188);
#764=LINE('',#4827,#1189);
#765=LINE('',#4829,#1190);
#766=LINE('',#4830,#1191);
#767=LINE('',#4834,#1192);
#768=LINE('',#4836,#1193);
#769=LINE('',#4838,#1194);
#770=LINE('',#4839,#1195);
#771=LINE('',#4842,#1196);
#772=LINE('',#4844,#1197);
#773=LINE('',#4845,#1198);
#774=LINE('',#4848,#1199);
#775=LINE('',#4850,#1200);
#776=LINE('',#4851,#1201);
#777=LINE('',#4854,#1202);
#778=LINE('',#4856,#1203);
#779=LINE('',#4857,#1204);
#780=LINE('',#4860,#1205);
#781=LINE('',#4862,#1206);
#782=LINE('',#4863,#1207);
#783=LINE('',#4865,#1208);
#784=LINE('',#4866,#1209);
#785=LINE('',#4870,#1210);
#786=LINE('',#4872,#1211);
#787=LINE('',#4874,#1212);
#788=LINE('',#4875,#1213);
#789=LINE('',#4878,#1214);
#790=LINE('',#4880,#1215);
#791=LINE('',#4881,#1216);
#792=LINE('',#4884,#1217);
#793=LINE('',#4886,#1218);
#794=LINE('',#4887,#1219);
#795=LINE('',#4890,#1220);
#796=LINE('',#4892,#1221);
#797=LINE('',#4893,#1222);
#798=LINE('',#4896,#1223);
#799=LINE('',#4898,#1224);
#800=LINE('',#4899,#1225);
#801=LINE('',#4901,#1226);
#802=LINE('',#4902,#1227);
#803=LINE('',#4906,#1228);
#804=LINE('',#4908,#1229);
#805=LINE('',#4910,#1230);
#806=LINE('',#4911,#1231);
#807=LINE('',#4914,#1232);
#808=LINE('',#4916,#1233);
#809=LINE('',#4917,#1234);
#810=LINE('',#4920,#1235);
#811=LINE('',#4922,#1236);
#812=LINE('',#4923,#1237);
#813=LINE('',#4926,#1238);
#814=LINE('',#4928,#1239);
#815=LINE('',#4929,#1240);
#816=LINE('',#4932,#1241);
#817=LINE('',#4934,#1242);
#818=LINE('',#4935,#1243);
#819=LINE('',#4938,#1244);
#820=LINE('',#4940,#1245);
#821=LINE('',#4941,#1246);
#822=LINE('',#4944,#1247);
#823=LINE('',#4946,#1248);
#824=LINE('',#4947,#1249);
#825=LINE('',#4950,#1250);
#826=LINE('',#4952,#1251);
#827=LINE('',#4953,#1252);
#828=LINE('',#4956,#1253);
#829=LINE('',#4958,#1254);
#830=LINE('',#4959,#1255);
#831=LINE('',#4962,#1256);
#832=LINE('',#4964,#1257);
#833=LINE('',#4965,#1258);
#834=LINE('',#4968,#1259);
#835=LINE('',#4970,#1260);
#836=LINE('',#4971,#1261);
#837=LINE('',#4974,#1262);
#838=LINE('',#4976,#1263);
#839=LINE('',#4977,#1264);
#840=LINE('',#4980,#1265);
#841=LINE('',#4982,#1266);
#842=LINE('',#4983,#1267);
#843=LINE('',#4986,#1268);
#844=LINE('',#4988,#1269);
#845=LINE('',#4989,#1270);
#846=LINE('',#4992,#1271);
#847=LINE('',#4994,#1272);
#848=LINE('',#4995,#1273);
#849=LINE('',#4997,#1274);
#850=LINE('',#4998,#1275);
#851=LINE('',#5002,#1276);
#852=LINE('',#5004,#1277);
#853=LINE('',#5006,#1278);
#854=LINE('',#5007,#1279);
#855=LINE('',#5010,#1280);
#856=LINE('',#5012,#1281);
#857=LINE('',#5013,#1282);
#858=LINE('',#5016,#1283);
#859=LINE('',#5018,#1284);
#860=LINE('',#5019,#1285);
#861=LINE('',#5021,#1286);
#862=LINE('',#5022,#1287);
#863=LINE('',#5026,#1288);
#864=LINE('',#5028,#1289);
#865=LINE('',#5030,#1290);
#866=LINE('',#5031,#1291);
#867=LINE('',#5034,#1292);
#868=LINE('',#5036,#1293);
#869=LINE('',#5037,#1294);
#870=LINE('',#5040,#1295);
#871=LINE('',#5042,#1296);
#872=LINE('',#5043,#1297);
#873=LINE('',#5046,#1298);
#874=LINE('',#5047,#1299);
#875=LINE('',#5048,#1300);
#876=LINE('',#5050,#1301);
#877=LINE('',#5053,#1302);
#878=LINE('',#5054,#1303);
#879=LINE('',#5056,#1304);
#880=VECTOR('',#3402,10.);
#881=VECTOR('',#3403,10.);
#882=VECTOR('',#3404,10.);
#883=VECTOR('',#3405,10.);
#884=VECTOR('',#3408,10.);
#885=VECTOR('',#3409,10.);
#886=VECTOR('',#3410,10.);
#887=VECTOR('',#3411,10.);
#888=VECTOR('',#3414,10.);
#889=VECTOR('',#3415,10.);
#890=VECTOR('',#3418,10.);
#891=VECTOR('',#3419,10.);
#892=VECTOR('',#3420,10.);
#893=VECTOR('',#3421,10.);
#894=VECTOR('',#3422,10.);
#895=VECTOR('',#3425,10.);
#896=VECTOR('',#3426,10.);
#897=VECTOR('',#3427,10.);
#898=VECTOR('',#3428,10.);
#899=VECTOR('',#3429,10.);
#900=VECTOR('',#3430,10.);
#901=VECTOR('',#3431,10.);
#902=VECTOR('',#3432,10.);
#903=VECTOR('',#3433,10.);
#904=VECTOR('',#3434,10.);
#905=VECTOR('',#3435,10.);
#906=VECTOR('',#3436,10.);
#907=VECTOR('',#3437,10.);
#908=VECTOR('',#3438,10.);
#909=VECTOR('',#3439,10.);
#910=VECTOR('',#3440,10.);
#911=VECTOR('',#3441,10.);
#912=VECTOR('',#3442,10.);
#913=VECTOR('',#3443,10.);
#914=VECTOR('',#3444,10.);
#915=VECTOR('',#3445,10.);
#916=VECTOR('',#3446,10.);
#917=VECTOR('',#3447,10.);
#918=VECTOR('',#3448,10.);
#919=VECTOR('',#3449,10.);
#920=VECTOR('',#3450,10.);
#921=VECTOR('',#3451,10.);
#922=VECTOR('',#3452,10.);
#923=VECTOR('',#3455,10.);
#924=VECTOR('',#3456,10.);
#925=VECTOR('',#3457,10.);
#926=VECTOR('',#3460,10.);
#927=VECTOR('',#3461,10.);
#928=VECTOR('',#3462,10.);
#929=VECTOR('',#3465,10.);
#930=VECTOR('',#3466,10.);
#931=VECTOR('',#3469,10.);
#932=VECTOR('',#3470,10.);
#933=VECTOR('',#3473,10.);
#934=VECTOR('',#3474,10.);
#935=VECTOR('',#3477,10.);
#936=VECTOR('',#3482,2.1);
#937=VECTOR('',#3489,2.1);
#938=VECTOR('',#3496,2.1);
#939=VECTOR('',#3503,2.1);
#940=VECTOR('',#3508,10.);
#941=VECTOR('',#3509,10.);
#942=VECTOR('',#3510,10.);
#943=VECTOR('',#3511,10.);
#944=VECTOR('',#3512,10.);
#945=VECTOR('',#3513,10.);
#946=VECTOR('',#3516,10.);
#947=VECTOR('',#3517,10.);
#948=VECTOR('',#3520,10.);
#949=VECTOR('',#3523,10.);
#950=VECTOR('',#3526,10.);
#951=VECTOR('',#3529,10.);
#952=VECTOR('',#3534,10.);
#953=VECTOR('',#3535,10.);
#954=VECTOR('',#3536,10.);
#955=VECTOR('',#3537,10.);
#956=VECTOR('',#3538,10.);
#957=VECTOR('',#3539,10.);
#958=VECTOR('',#3542,10.);
#959=VECTOR('',#3543,10.);
#960=VECTOR('',#3546,10.);
#961=VECTOR('',#3549,10.);
#962=VECTOR('',#3552,10.);
#963=VECTOR('',#3555,10.);
#964=VECTOR('',#3560,10.);
#965=VECTOR('',#3561,10.);
#966=VECTOR('',#3562,10.);
#967=VECTOR('',#3563,10.);
#968=VECTOR('',#3564,10.);
#969=VECTOR('',#3565,10.);
#970=VECTOR('',#3568,10.);
#971=VECTOR('',#3569,10.);
#972=VECTOR('',#3572,10.);
#973=VECTOR('',#3575,10.);
#974=VECTOR('',#3578,10.);
#975=VECTOR('',#3581,10.);
#976=VECTOR('',#3586,10.);
#977=VECTOR('',#3587,10.);
#978=VECTOR('',#3588,10.);
#979=VECTOR('',#3589,10.);
#980=VECTOR('',#3590,10.);
#981=VECTOR('',#3591,10.);
#982=VECTOR('',#3594,10.);
#983=VECTOR('',#3595,10.);
#984=VECTOR('',#3598,10.);
#985=VECTOR('',#3601,10.);
#986=VECTOR('',#3604,10.);
#987=VECTOR('',#3607,10.);
#988=VECTOR('',#3612,10.);
#989=VECTOR('',#3613,10.);
#990=VECTOR('',#3614,10.);
#991=VECTOR('',#3617,10.);
#992=VECTOR('',#3622,10.);
#993=VECTOR('',#3623,10.);
#994=VECTOR('',#3624,10.);
#995=VECTOR('',#3625,10.);
#996=VECTOR('',#3628,10.);
#997=VECTOR('',#3629,10.);
#998=VECTOR('',#3630,10.);
#999=VECTOR('',#3635,3.1);
#1000=VECTOR('',#3642,3.1);
#1001=VECTOR('',#3649,3.1);
#1002=VECTOR('',#3656,3.1);
#1003=VECTOR('',#3661,10.);
#1004=VECTOR('',#3662,10.);
#1005=VECTOR('',#3663,10.);
#1006=VECTOR('',#3664,10.);
#1007=VECTOR('',#3667,10.);
#1008=VECTOR('',#3668,10.);
#1009=VECTOR('',#3669,10.);
#1010=VECTOR('',#3672,10.);
#1011=VECTOR('',#3673,10.);
#1012=VECTOR('',#3674,10.);
#1013=VECTOR('',#3677,10.);
#1014=VECTOR('',#3678,10.);
#1015=VECTOR('',#3679,10.);
#1016=VECTOR('',#3682,10.);
#1017=VECTOR('',#3683,10.);
#1018=VECTOR('',#3686,10.);
#1019=VECTOR('',#3687,10.);
#1020=VECTOR('',#3688,10.);
#1021=VECTOR('',#3689,10.);
#1022=VECTOR('',#3692,10.);
#1023=VECTOR('',#3693,10.);
#1024=VECTOR('',#3694,10.);
#1025=VECTOR('',#3697,10.);
#1026=VECTOR('',#3698,10.);
#1027=VECTOR('',#3699,10.);
#1028=VECTOR('',#3702,10.);
#1029=VECTOR('',#3703,10.);
#1030=VECTOR('',#3704,10.);
#1031=VECTOR('',#3707,10.);
#1032=VECTOR('',#3708,10.);
#1033=VECTOR('',#3711,10.);
#1034=VECTOR('',#3712,10.);
#1035=VECTOR('',#3713,10.);
#1036=VECTOR('',#3714,10.);
#1037=VECTOR('',#3717,10.);
#1038=VECTOR('',#3718,10.);
#1039=VECTOR('',#3719,10.);
#1040=VECTOR('',#3722,10.);
#1041=VECTOR('',#3723,10.);
#1042=VECTOR('',#3724,10.);
#1043=VECTOR('',#3727,10.);
#1044=VECTOR('',#3728,10.);
#1045=VECTOR('',#3729,10.);
#1046=VECTOR('',#3732,10.);
#1047=VECTOR('',#3733,10.);
#1048=VECTOR('',#3736,10.);
#1049=VECTOR('',#3737,10.);
#1050=VECTOR('',#3738,10.);
#1051=VECTOR('',#3739,10.);
#1052=VECTOR('',#3742,10.);
#1053=VECTOR('',#3743,10.);
#1054=VECTOR('',#3744,10.);
#1055=VECTOR('',#3747,10.);
#1056=VECTOR('',#3748,10.);
#1057=VECTOR('',#3749,10.);
#1058=VECTOR('',#3752,10.);
#1059=VECTOR('',#3753,10.);
#1060=VECTOR('',#3756,10.);
#1061=VECTOR('',#3757,10.);
#1062=VECTOR('',#3758,10.);
#1063=VECTOR('',#3759,10.);
#1064=VECTOR('',#3762,10.);
#1065=VECTOR('',#3763,10.);
#1066=VECTOR('',#3764,10.);
#1067=VECTOR('',#3767,10.);
#1068=VECTOR('',#3768,10.);
#1069=VECTOR('',#3769,10.);
#1070=VECTOR('',#3772,10.);
#1071=VECTOR('',#3773,10.);
#1072=VECTOR('',#3774,10.);
#1073=VECTOR('',#3777,10.);
#1074=VECTOR('',#3778,10.);
#1075=VECTOR('',#3779,10.);
#1076=VECTOR('',#3782,10.);
#1077=VECTOR('',#3783,10.);
#1078=VECTOR('',#3786,10.);
#1079=VECTOR('',#3787,10.);
#1080=VECTOR('',#3788,10.);
#1081=VECTOR('',#3789,10.);
#1082=VECTOR('',#3792,10.);
#1083=VECTOR('',#3793,10.);
#1084=VECTOR('',#3794,10.);
#1085=VECTOR('',#3797,10.);
#1086=VECTOR('',#3798,10.);
#1087=VECTOR('',#3799,10.);
#1088=VECTOR('',#3802,10.);
#1089=VECTOR('',#3803,10.);
#1090=VECTOR('',#3804,10.);
#1091=VECTOR('',#3807,10.);
#1092=VECTOR('',#3808,10.);
#1093=VECTOR('',#3809,10.);
#1094=VECTOR('',#3812,10.);
#1095=VECTOR('',#3813,10.);
#1096=VECTOR('',#3814,10.);
#1097=VECTOR('',#3817,10.);
#1098=VECTOR('',#3818,10.);
#1099=VECTOR('',#3821,10.);
#1100=VECTOR('',#3822,10.);
#1101=VECTOR('',#3823,10.);
#1102=VECTOR('',#3824,10.);
#1103=VECTOR('',#3827,10.);
#1104=VECTOR('',#3828,10.);
#1105=VECTOR('',#3829,10.);
#1106=VECTOR('',#3832,10.);
#1107=VECTOR('',#3833,10.);
#1108=VECTOR('',#3834,10.);
#1109=VECTOR('',#3837,10.);
#1110=VECTOR('',#3838,10.);
#1111=VECTOR('',#3839,10.);
#1112=VECTOR('',#3842,10.);
#1113=VECTOR('',#3843,10.);
#1114=VECTOR('',#3844,10.);
#1115=VECTOR('',#3847,10.);
#1116=VECTOR('',#3848,10.);
#1117=VECTOR('',#3851,10.);
#1118=VECTOR('',#3852,10.);
#1119=VECTOR('',#3853,10.);
#1120=VECTOR('',#3854,10.);
#1121=VECTOR('',#3857,10.);
#1122=VECTOR('',#3858,10.);
#1123=VECTOR('',#3859,10.);
#1124=VECTOR('',#3862,10.);
#1125=VECTOR('',#3863,10.);
#1126=VECTOR('',#3864,10.);
#1127=VECTOR('',#3867,10.);
#1128=VECTOR('',#3868,10.);
#1129=VECTOR('',#3869,10.);
#1130=VECTOR('',#3872,10.);
#1131=VECTOR('',#3873,10.);
#1132=VECTOR('',#3876,10.);
#1133=VECTOR('',#3877,10.);
#1134=VECTOR('',#3878,10.);
#1135=VECTOR('',#3879,10.);
#1136=VECTOR('',#3882,10.);
#1137=VECTOR('',#3883,10.);
#1138=VECTOR('',#3884,10.);
#1139=VECTOR('',#3887,10.);
#1140=VECTOR('',#3888,10.);
#1141=VECTOR('',#3889,10.);
#1142=VECTOR('',#3892,10.);
#1143=VECTOR('',#3893,10.);
#1144=VECTOR('',#3894,10.);
#1145=VECTOR('',#3897,10.);
#1146=VECTOR('',#3898,10.);
#1147=VECTOR('',#3899,10.);
#1148=VECTOR('',#3902,10.);
#1149=VECTOR('',#3903,10.);
#1150=VECTOR('',#3904,10.);
#1151=VECTOR('',#3907,10.);
#1152=VECTOR('',#3908,10.);
#1153=VECTOR('',#3909,10.);
#1154=VECTOR('',#3912,10.);
#1155=VECTOR('',#3913,10.);
#1156=VECTOR('',#3916,10.);
#1157=VECTOR('',#3917,10.);
#1158=VECTOR('',#3918,10.);
#1159=VECTOR('',#3919,10.);
#1160=VECTOR('',#3922,10.);
#1161=VECTOR('',#3923,10.);
#1162=VECTOR('',#3924,10.);
#1163=VECTOR('',#3927,10.);
#1164=VECTOR('',#3928,10.);
#1165=VECTOR('',#3929,10.);
#1166=VECTOR('',#3932,10.);
#1167=VECTOR('',#3933,10.);
#1168=VECTOR('',#3934,10.);
#1169=VECTOR('',#3937,10.);
#1170=VECTOR('',#3938,10.);
#1171=VECTOR('',#3941,10.);
#1172=VECTOR('',#3942,10.);
#1173=VECTOR('',#3943,10.);
#1174=VECTOR('',#3944,10.);
#1175=VECTOR('',#3947,10.);
#1176=VECTOR('',#3948,10.);
#1177=VECTOR('',#3949,10.);
#1178=VECTOR('',#3952,10.);
#1179=VECTOR('',#3953,10.);
#1180=VECTOR('',#3954,10.);
#1181=VECTOR('',#3957,10.);
#1182=VECTOR('',#3958,10.);
#1183=VECTOR('',#3959,10.);
#1184=VECTOR('',#3962,10.);
#1185=VECTOR('',#3963,10.);
#1186=VECTOR('',#3964,10.);
#1187=VECTOR('',#3967,10.);
#1188=VECTOR('',#3968,10.);
#1189=VECTOR('',#3969,10.);
#1190=VECTOR('',#3972,10.);
#1191=VECTOR('',#3973,10.);
#1192=VECTOR('',#3976,10.);
#1193=VECTOR('',#3977,10.);
#1194=VECTOR('',#3978,10.);
#1195=VECTOR('',#3979,10.);
#1196=VECTOR('',#3982,10.);
#1197=VECTOR('',#3983,10.);
#1198=VECTOR('',#3984,10.);
#1199=VECTOR('',#3987,10.);
#1200=VECTOR('',#3988,10.);
#1201=VECTOR('',#3989,10.);
#1202=VECTOR('',#3992,10.);
#1203=VECTOR('',#3993,10.);
#1204=VECTOR('',#3994,10.);
#1205=VECTOR('',#3997,10.);
#1206=VECTOR('',#3998,10.);
#1207=VECTOR('',#3999,10.);
#1208=VECTOR('',#4002,10.);
#1209=VECTOR('',#4003,10.);
#1210=VECTOR('',#4006,10.);
#1211=VECTOR('',#4007,10.);
#1212=VECTOR('',#4008,10.);
#1213=VECTOR('',#4009,10.);
#1214=VECTOR('',#4012,10.);
#1215=VECTOR('',#4013,10.);
#1216=VECTOR('',#4014,10.);
#1217=VECTOR('',#4017,10.);
#1218=VECTOR('',#4018,10.);
#1219=VECTOR('',#4019,10.);
#1220=VECTOR('',#4022,10.);
#1221=VECTOR('',#4023,10.);
#1222=VECTOR('',#4024,10.);
#1223=VECTOR('',#4027,10.);
#1224=VECTOR('',#4028,10.);
#1225=VECTOR('',#4029,10.);
#1226=VECTOR('',#4032,10.);
#1227=VECTOR('',#4033,10.);
#1228=VECTOR('',#4036,10.);
#1229=VECTOR('',#4037,10.);
#1230=VECTOR('',#4038,10.);
#1231=VECTOR('',#4039,10.);
#1232=VECTOR('',#4042,10.);
#1233=VECTOR('',#4043,10.);
#1234=VECTOR('',#4044,10.);
#1235=VECTOR('',#4047,10.);
#1236=VECTOR('',#4048,10.);
#1237=VECTOR('',#4049,10.);
#1238=VECTOR('',#4052,10.);
#1239=VECTOR('',#4053,10.);
#1240=VECTOR('',#4054,10.);
#1241=VECTOR('',#4057,10.);
#1242=VECTOR('',#4058,10.);
#1243=VECTOR('',#4059,10.);
#1244=VECTOR('',#4062,10.);
#1245=VECTOR('',#4063,10.);
#1246=VECTOR('',#4064,10.);
#1247=VECTOR('',#4067,10.);
#1248=VECTOR('',#4068,10.);
#1249=VECTOR('',#4069,10.);
#1250=VECTOR('',#4072,10.);
#1251=VECTOR('',#4073,10.);
#1252=VECTOR('',#4074,10.);
#1253=VECTOR('',#4077,10.);
#1254=VECTOR('',#4078,10.);
#1255=VECTOR('',#4079,10.);
#1256=VECTOR('',#4082,10.);
#1257=VECTOR('',#4083,10.);
#1258=VECTOR('',#4084,10.);
#1259=VECTOR('',#4087,10.);
#1260=VECTOR('',#4088,10.);
#1261=VECTOR('',#4089,10.);
#1262=VECTOR('',#4092,10.);
#1263=VECTOR('',#4093,10.);
#1264=VECTOR('',#4094,10.);
#1265=VECTOR('',#4097,10.);
#1266=VECTOR('',#4098,10.);
#1267=VECTOR('',#4099,10.);
#1268=VECTOR('',#4102,10.);
#1269=VECTOR('',#4103,10.);
#1270=VECTOR('',#4104,10.);
#1271=VECTOR('',#4107,10.);
#1272=VECTOR('',#4108,10.);
#1273=VECTOR('',#4109,10.);
#1274=VECTOR('',#4112,10.);
#1275=VECTOR('',#4113,10.);
#1276=VECTOR('',#4116,10.);
#1277=VECTOR('',#4117,10.);
#1278=VECTOR('',#4118,10.);
#1279=VECTOR('',#4119,10.);
#1280=VECTOR('',#4122,10.);
#1281=VECTOR('',#4123,10.);
#1282=VECTOR('',#4124,10.);
#1283=VECTOR('',#4127,10.);
#1284=VECTOR('',#4128,10.);
#1285=VECTOR('',#4129,10.);
#1286=VECTOR('',#4132,10.);
#1287=VECTOR('',#4133,10.);
#1288=VECTOR('',#4136,10.);
#1289=VECTOR('',#4137,10.);
#1290=VECTOR('',#4138,10.);
#1291=VECTOR('',#4139,10.);
#1292=VECTOR('',#4142,10.);
#1293=VECTOR('',#4143,10.);
#1294=VECTOR('',#4144,10.);
#1295=VECTOR('',#4147,10.);
#1296=VECTOR('',#4148,10.);
#1297=VECTOR('',#4149,10.);
#1298=VECTOR('',#4152,10.);
#1299=VECTOR('',#4153,10.);
#1300=VECTOR('',#4154,10.);
#1301=VECTOR('',#4157,10.);
#1302=VECTOR('',#4160,10.);
#1303=VECTOR('',#4161,10.);
#1304=VECTOR('',#4164,10.);
#1305=VERTEX_POINT('',#4169);
#1306=VERTEX_POINT('',#4170);
#1307=VERTEX_POINT('',#4172);
#1308=VERTEX_POINT('',#4174);
#1309=VERTEX_POINT('',#4178);
#1310=VERTEX_POINT('',#4179);
#1311=VERTEX_POINT('',#4181);
#1312=VERTEX_POINT('',#4183);
#1313=VERTEX_POINT('',#4190);
#1314=VERTEX_POINT('',#4192);
#1315=VERTEX_POINT('',#4194);
#1316=VERTEX_POINT('',#4196);
#1317=VERTEX_POINT('',#4200);
#1318=VERTEX_POINT('',#4201);
#1319=VERTEX_POINT('',#4203);
#1320=VERTEX_POINT('',#4205);
#1321=VERTEX_POINT('',#4208);
#1322=VERTEX_POINT('',#4209);
#1323=VERTEX_POINT('',#4211);
#1324=VERTEX_POINT('',#4213);
#1325=VERTEX_POINT('',#4215);
#1326=VERTEX_POINT('',#4217);
#1327=VERTEX_POINT('',#4220);
#1328=VERTEX_POINT('',#4221);
#1329=VERTEX_POINT('',#4223);
#1330=VERTEX_POINT('',#4225);
#1331=VERTEX_POINT('',#4227);
#1332=VERTEX_POINT('',#4229);
#1333=VERTEX_POINT('',#4232);
#1334=VERTEX_POINT('',#4233);
#1335=VERTEX_POINT('',#4235);
#1336=VERTEX_POINT('',#4237);
#1337=VERTEX_POINT('',#4239);
#1338=VERTEX_POINT('',#4241);
#1339=VERTEX_POINT('',#4244);
#1340=VERTEX_POINT('',#4245);
#1341=VERTEX_POINT('',#4247);
#1342=VERTEX_POINT('',#4249);
#1343=VERTEX_POINT('',#4251);
#1344=VERTEX_POINT('',#4253);
#1345=VERTEX_POINT('',#4257);
#1346=VERTEX_POINT('',#4259);
#1347=VERTEX_POINT('',#4263);
#1348=VERTEX_POINT('',#4264);
#1349=VERTEX_POINT('',#4269);
#1350=VERTEX_POINT('',#4273);
#1351=VERTEX_POINT('',#4277);
#1352=VERTEX_POINT('',#4283);
#1353=VERTEX_POINT('',#4285);
#1354=VERTEX_POINT('',#4289);
#1355=VERTEX_POINT('',#4291);
#1356=VERTEX_POINT('',#4295);
#1357=VERTEX_POINT('',#4297);
#1358=VERTEX_POINT('',#4301);
#1359=VERTEX_POINT('',#4303);
#1360=VERTEX_POINT('',#4307);
#1361=VERTEX_POINT('',#4308);
#1362=VERTEX_POINT('',#4310);
#1363=VERTEX_POINT('',#4312);
#1364=VERTEX_POINT('',#4314);
#1365=VERTEX_POINT('',#4316);
#1366=VERTEX_POINT('',#4332);
#1367=VERTEX_POINT('',#4333);
#1368=VERTEX_POINT('',#4335);
#1369=VERTEX_POINT('',#4337);
#1370=VERTEX_POINT('',#4339);
#1371=VERTEX_POINT('',#4341);
#1372=VERTEX_POINT('',#4357);
#1373=VERTEX_POINT('',#4358);
#1374=VERTEX_POINT('',#4360);
#1375=VERTEX_POINT('',#4362);
#1376=VERTEX_POINT('',#4364);
#1377=VERTEX_POINT('',#4366);
#1378=VERTEX_POINT('',#4382);
#1379=VERTEX_POINT('',#4383);
#1380=VERTEX_POINT('',#4385);
#1381=VERTEX_POINT('',#4387);
#1382=VERTEX_POINT('',#4389);
#1383=VERTEX_POINT('',#4391);
#1384=VERTEX_POINT('',#4408);
#1385=VERTEX_POINT('',#4415);
#1386=VERTEX_POINT('',#4416);
#1387=VERTEX_POINT('',#4418);
#1388=VERTEX_POINT('',#4420);
#1389=VERTEX_POINT('',#4424);
#1390=VERTEX_POINT('',#4426);
#1391=VERTEX_POINT('',#4430);
#1392=VERTEX_POINT('',#4432);
#1393=VERTEX_POINT('',#4436);
#1394=VERTEX_POINT('',#4438);
#1395=VERTEX_POINT('',#4442);
#1396=VERTEX_POINT('',#4444);
#1397=VERTEX_POINT('',#4448);
#1398=VERTEX_POINT('',#4450);
#1399=VERTEX_POINT('',#4454);
#1400=VERTEX_POINT('',#4455);
#1401=VERTEX_POINT('',#4457);
#1402=VERTEX_POINT('',#4459);
#1403=VERTEX_POINT('',#4463);
#1404=VERTEX_POINT('',#4465);
#1405=VERTEX_POINT('',#4469);
#1406=VERTEX_POINT('',#4471);
#1407=VERTEX_POINT('',#4475);
#1408=VERTEX_POINT('',#4477);
#1409=VERTEX_POINT('',#4484);
#1410=VERTEX_POINT('',#4485);
#1411=VERTEX_POINT('',#4487);
#1412=VERTEX_POINT('',#4489);
#1413=VERTEX_POINT('',#4493);
#1414=VERTEX_POINT('',#4495);
#1415=VERTEX_POINT('',#4499);
#1416=VERTEX_POINT('',#4501);
#1417=VERTEX_POINT('',#4505);
#1418=VERTEX_POINT('',#4507);
#1419=VERTEX_POINT('',#4514);
#1420=VERTEX_POINT('',#4515);
#1421=VERTEX_POINT('',#4517);
#1422=VERTEX_POINT('',#4519);
#1423=VERTEX_POINT('',#4523);
#1424=VERTEX_POINT('',#4525);
#1425=VERTEX_POINT('',#4529);
#1426=VERTEX_POINT('',#4531);
#1427=VERTEX_POINT('',#4535);
#1428=VERTEX_POINT('',#4537);
#1429=VERTEX_POINT('',#4544);
#1430=VERTEX_POINT('',#4545);
#1431=VERTEX_POINT('',#4547);
#1432=VERTEX_POINT('',#4549);
#1433=VERTEX_POINT('',#4553);
#1434=VERTEX_POINT('',#4555);
#1435=VERTEX_POINT('',#4559);
#1436=VERTEX_POINT('',#4561);
#1437=VERTEX_POINT('',#4568);
#1438=VERTEX_POINT('',#4569);
#1439=VERTEX_POINT('',#4571);
#1440=VERTEX_POINT('',#4573);
#1441=VERTEX_POINT('',#4577);
#1442=VERTEX_POINT('',#4579);
#1443=VERTEX_POINT('',#4583);
#1444=VERTEX_POINT('',#4585);
#1445=VERTEX_POINT('',#4589);
#1446=VERTEX_POINT('',#4591);
#1447=VERTEX_POINT('',#4595);
#1448=VERTEX_POINT('',#4597);
#1449=VERTEX_POINT('',#4604);
#1450=VERTEX_POINT('',#4605);
#1451=VERTEX_POINT('',#4607);
#1452=VERTEX_POINT('',#4609);
#1453=VERTEX_POINT('',#4613);
#1454=VERTEX_POINT('',#4615);
#1455=VERTEX_POINT('',#4619);
#1456=VERTEX_POINT('',#4621);
#1457=VERTEX_POINT('',#4625);
#1458=VERTEX_POINT('',#4627);
#1459=VERTEX_POINT('',#4631);
#1460=VERTEX_POINT('',#4633);
#1461=VERTEX_POINT('',#4637);
#1462=VERTEX_POINT('',#4639);
#1463=VERTEX_POINT('',#4646);
#1464=VERTEX_POINT('',#4647);
#1465=VERTEX_POINT('',#4649);
#1466=VERTEX_POINT('',#4651);
#1467=VERTEX_POINT('',#4655);
#1468=VERTEX_POINT('',#4657);
#1469=VERTEX_POINT('',#4661);
#1470=VERTEX_POINT('',#4663);
#1471=VERTEX_POINT('',#4667);
#1472=VERTEX_POINT('',#4669);
#1473=VERTEX_POINT('',#4673);
#1474=VERTEX_POINT('',#4675);
#1475=VERTEX_POINT('',#4682);
#1476=VERTEX_POINT('',#4683);
#1477=VERTEX_POINT('',#4685);
#1478=VERTEX_POINT('',#4687);
#1479=VERTEX_POINT('',#4691);
#1480=VERTEX_POINT('',#4693);
#1481=VERTEX_POINT('',#4697);
#1482=VERTEX_POINT('',#4699);
#1483=VERTEX_POINT('',#4703);
#1484=VERTEX_POINT('',#4705);
#1485=VERTEX_POINT('',#4712);
#1486=VERTEX_POINT('',#4713);
#1487=VERTEX_POINT('',#4715);
#1488=VERTEX_POINT('',#4717);
#1489=VERTEX_POINT('',#4721);
#1490=VERTEX_POINT('',#4723);
#1491=VERTEX_POINT('',#4727);
#1492=VERTEX_POINT('',#4729);
#1493=VERTEX_POINT('',#4733);
#1494=VERTEX_POINT('',#4735);
#1495=VERTEX_POINT('',#4739);
#1496=VERTEX_POINT('',#4741);
#1497=VERTEX_POINT('',#4745);
#1498=VERTEX_POINT('',#4747);
#1499=VERTEX_POINT('',#4751);
#1500=VERTEX_POINT('',#4753);
#1501=VERTEX_POINT('',#4760);
#1502=VERTEX_POINT('',#4761);
#1503=VERTEX_POINT('',#4763);
#1504=VERTEX_POINT('',#4765);
#1505=VERTEX_POINT('',#4769);
#1506=VERTEX_POINT('',#4771);
#1507=VERTEX_POINT('',#4775);
#1508=VERTEX_POINT('',#4777);
#1509=VERTEX_POINT('',#4781);
#1510=VERTEX_POINT('',#4783);
#1511=VERTEX_POINT('',#4790);
#1512=VERTEX_POINT('',#4791);
#1513=VERTEX_POINT('',#4793);
#1514=VERTEX_POINT('',#4795);
#1515=VERTEX_POINT('',#4799);
#1516=VERTEX_POINT('',#4801);
#1517=VERTEX_POINT('',#4805);
#1518=VERTEX_POINT('',#4807);
#1519=VERTEX_POINT('',#4811);
#1520=VERTEX_POINT('',#4813);
#1521=VERTEX_POINT('',#4817);
#1522=VERTEX_POINT('',#4819);
#1523=VERTEX_POINT('',#4823);
#1524=VERTEX_POINT('',#4825);
#1525=VERTEX_POINT('',#4832);
#1526=VERTEX_POINT('',#4833);
#1527=VERTEX_POINT('',#4835);
#1528=VERTEX_POINT('',#4837);
#1529=VERTEX_POINT('',#4841);
#1530=VERTEX_POINT('',#4843);
#1531=VERTEX_POINT('',#4847);
#1532=VERTEX_POINT('',#4849);
#1533=VERTEX_POINT('',#4853);
#1534=VERTEX_POINT('',#4855);
#1535=VERTEX_POINT('',#4859);
#1536=VERTEX_POINT('',#4861);
#1537=VERTEX_POINT('',#4868);
#1538=VERTEX_POINT('',#4869);
#1539=VERTEX_POINT('',#4871);
#1540=VERTEX_POINT('',#4873);
#1541=VERTEX_POINT('',#4877);
#1542=VERTEX_POINT('',#4879);
#1543=VERTEX_POINT('',#4883);
#1544=VERTEX_POINT('',#4885);
#1545=VERTEX_POINT('',#4889);
#1546=VERTEX_POINT('',#4891);
#1547=VERTEX_POINT('',#4895);
#1548=VERTEX_POINT('',#4897);
#1549=VERTEX_POINT('',#4904);
#1550=VERTEX_POINT('',#4905);
#1551=VERTEX_POINT('',#4907);
#1552=VERTEX_POINT('',#4909);
#1553=VERTEX_POINT('',#4913);
#1554=VERTEX_POINT('',#4915);
#1555=VERTEX_POINT('',#4919);
#1556=VERTEX_POINT('',#4921);
#1557=VERTEX_POINT('',#4925);
#1558=VERTEX_POINT('',#4927);
#1559=VERTEX_POINT('',#4931);
#1560=VERTEX_POINT('',#4933);
#1561=VERTEX_POINT('',#4937);
#1562=VERTEX_POINT('',#4939);
#1563=VERTEX_POINT('',#4943);
#1564=VERTEX_POINT('',#4945);
#1565=VERTEX_POINT('',#4949);
#1566=VERTEX_POINT('',#4951);
#1567=VERTEX_POINT('',#4955);
#1568=VERTEX_POINT('',#4957);
#1569=VERTEX_POINT('',#4961);
#1570=VERTEX_POINT('',#4963);
#1571=VERTEX_POINT('',#4967);
#1572=VERTEX_POINT('',#4969);
#1573=VERTEX_POINT('',#4973);
#1574=VERTEX_POINT('',#4975);
#1575=VERTEX_POINT('',#4979);
#1576=VERTEX_POINT('',#4981);
#1577=VERTEX_POINT('',#4985);
#1578=VERTEX_POINT('',#4987);
#1579=VERTEX_POINT('',#4991);
#1580=VERTEX_POINT('',#4993);
#1581=VERTEX_POINT('',#5000);
#1582=VERTEX_POINT('',#5001);
#1583=VERTEX_POINT('',#5003);
#1584=VERTEX_POINT('',#5005);
#1585=VERTEX_POINT('',#5009);
#1586=VERTEX_POINT('',#5011);
#1587=VERTEX_POINT('',#5015);
#1588=VERTEX_POINT('',#5017);
#1589=VERTEX_POINT('',#5024);
#1590=VERTEX_POINT('',#5025);
#1591=VERTEX_POINT('',#5027);
#1592=VERTEX_POINT('',#5029);
#1593=VERTEX_POINT('',#5033);
#1594=VERTEX_POINT('',#5035);
#1595=VERTEX_POINT('',#5039);
#1596=VERTEX_POINT('',#5041);
#1597=VERTEX_POINT('',#5045);
#1598=VERTEX_POINT('',#5052);
#1599=EDGE_CURVE('',#1305,#1306,#455,.T.);
#1600=EDGE_CURVE('',#1307,#1305,#456,.T.);
#1601=EDGE_CURVE('',#1308,#1307,#457,.T.);
#1602=EDGE_CURVE('',#1306,#1308,#458,.T.);
#1603=EDGE_CURVE('',#1309,#1310,#459,.T.);
#1604=EDGE_CURVE('',#1309,#1311,#460,.T.);
#1605=EDGE_CURVE('',#1312,#1311,#461,.T.);
#1606=EDGE_CURVE('',#1310,#1312,#462,.T.);
#1607=EDGE_CURVE('',#1306,#1309,#463,.T.);
#1608=EDGE_CURVE('',#1311,#1308,#464,.T.);
#1609=EDGE_CURVE('',#1307,#1313,#465,.T.);
#1610=EDGE_CURVE('',#1314,#1313,#466,.T.);
#1611=EDGE_CURVE('',#1315,#1314,#467,.T.);
#1612=EDGE_CURVE('',#1315,#1316,#468,.T.);
#1613=EDGE_CURVE('',#1316,#1312,#469,.T.);
#1614=EDGE_CURVE('',#1317,#1318,#470,.T.);
#1615=EDGE_CURVE('',#1318,#1319,#471,.T.);
#1616=EDGE_CURVE('',#1319,#1320,#472,.T.);
#1617=EDGE_CURVE('',#1320,#1317,#473,.T.);
#1618=EDGE_CURVE('',#1321,#1322,#474,.T.);
#1619=EDGE_CURVE('',#1322,#1323,#475,.T.);
#1620=EDGE_CURVE('',#1323,#1324,#476,.T.);
#1621=EDGE_CURVE('',#1324,#1325,#477,.T.);
#1622=EDGE_CURVE('',#1325,#1326,#478,.T.);
#1623=EDGE_CURVE('',#1326,#1321,#479,.T.);
#1624=EDGE_CURVE('',#1327,#1328,#480,.T.);
#1625=EDGE_CURVE('',#1328,#1329,#481,.T.);
#1626=EDGE_CURVE('',#1329,#1330,#482,.T.);
#1627=EDGE_CURVE('',#1330,#1331,#483,.T.);
#1628=EDGE_CURVE('',#1331,#1332,#484,.T.);
#1629=EDGE_CURVE('',#1332,#1327,#485,.T.);
#1630=EDGE_CURVE('',#1333,#1334,#486,.T.);
#1631=EDGE_CURVE('',#1334,#1335,#487,.T.);
#1632=EDGE_CURVE('',#1335,#1336,#488,.T.);
#1633=EDGE_CURVE('',#1336,#1337,#489,.T.);
#1634=EDGE_CURVE('',#1337,#1338,#490,.T.);
#1635=EDGE_CURVE('',#1338,#1333,#491,.T.);
#1636=EDGE_CURVE('',#1339,#1340,#492,.T.);
#1637=EDGE_CURVE('',#1340,#1341,#493,.T.);
#1638=EDGE_CURVE('',#1341,#1342,#494,.T.);
#1639=EDGE_CURVE('',#1342,#1343,#495,.T.);
#1640=EDGE_CURVE('',#1343,#1344,#496,.T.);
#1641=EDGE_CURVE('',#1344,#1339,#497,.T.);
#1642=EDGE_CURVE('',#1314,#1345,#498,.T.);
#1643=EDGE_CURVE('',#1345,#1346,#499,.T.);
#1644=EDGE_CURVE('',#1346,#1315,#500,.T.);
#1645=EDGE_CURVE('',#1347,#1348,#501,.T.);
#1646=EDGE_CURVE('',#1317,#1347,#502,.T.);
#1647=EDGE_CURVE('',#1320,#1348,#503,.T.);
#1648=EDGE_CURVE('',#1348,#1349,#504,.T.);
#1649=EDGE_CURVE('',#1319,#1349,#505,.T.);
#1650=EDGE_CURVE('',#1350,#1316,#506,.T.);
#1651=EDGE_CURVE('',#1346,#1350,#507,.T.);
#1652=EDGE_CURVE('',#1351,#1350,#508,.T.);
#1653=EDGE_CURVE('',#1345,#1351,#509,.T.);
#1654=EDGE_CURVE('',#1313,#1351,#510,.T.);
#1655=EDGE_CURVE('',#1352,#1352,#17,.T.);
#1656=EDGE_CURVE('',#1352,#1353,#511,.T.);
#1657=EDGE_CURVE('',#1353,#1353,#18,.T.);
#1658=EDGE_CURVE('',#1354,#1354,#19,.T.);
#1659=EDGE_CURVE('',#1354,#1355,#512,.T.);
#1660=EDGE_CURVE('',#1355,#1355,#20,.T.);
#1661=EDGE_CURVE('',#1356,#1356,#21,.T.);
#1662=EDGE_CURVE('',#1356,#1357,#513,.T.);
#1663=EDGE_CURVE('',#1357,#1357,#22,.T.);
#1664=EDGE_CURVE('',#1358,#1358,#23,.T.);
#1665=EDGE_CURVE('',#1358,#1359,#514,.T.);
#1666=EDGE_CURVE('',#1359,#1359,#24,.T.);
#1667=EDGE_CURVE('',#1360,#1361,#515,.T.);
#1668=EDGE_CURVE('',#1362,#1360,#516,.T.);
#1669=EDGE_CURVE('',#1363,#1362,#517,.T.);
#1670=EDGE_CURVE('',#1364,#1363,#518,.T.);
#1671=EDGE_CURVE('',#1365,#1364,#519,.T.);
#1672=EDGE_CURVE('',#1361,#1365,#520,.T.);
#1673=EDGE_CURVE('',#1322,#1360,#521,.T.);
#1674=EDGE_CURVE('',#1323,#1361,#522,.T.);
#1675=EDGE_CURVE('',#1324,#1365,#523,.T.);
#1676=EDGE_CURVE('',#1325,#1364,#524,.T.);
#1677=EDGE_CURVE('',#1326,#1363,#525,.T.);
#1678=EDGE_CURVE('',#1321,#1362,#526,.T.);
#1679=EDGE_CURVE('',#1366,#1367,#527,.T.);
#1680=EDGE_CURVE('',#1368,#1366,#528,.T.);
#1681=EDGE_CURVE('',#1369,#1368,#529,.T.);
#1682=EDGE_CURVE('',#1370,#1369,#530,.T.);
#1683=EDGE_CURVE('',#1371,#1370,#531,.T.);
#1684=EDGE_CURVE('',#1367,#1371,#532,.T.);
#1685=EDGE_CURVE('',#1328,#1366,#533,.T.);
#1686=EDGE_CURVE('',#1329,#1367,#534,.T.);
#1687=EDGE_CURVE('',#1330,#1371,#535,.T.);
#1688=EDGE_CURVE('',#1331,#1370,#536,.T.);
#1689=EDGE_CURVE('',#1332,#1369,#537,.T.);
#1690=EDGE_CURVE('',#1327,#1368,#538,.T.);
#1691=EDGE_CURVE('',#1372,#1373,#539,.T.);
#1692=EDGE_CURVE('',#1374,#1372,#540,.T.);
#1693=EDGE_CURVE('',#1375,#1374,#541,.T.);
#1694=EDGE_CURVE('',#1376,#1375,#542,.T.);
#1695=EDGE_CURVE('',#1377,#1376,#543,.T.);
#1696=EDGE_CURVE('',#1373,#1377,#544,.T.);
#1697=EDGE_CURVE('',#1334,#1372,#545,.T.);
#1698=EDGE_CURVE('',#1335,#1373,#546,.T.);
#1699=EDGE_CURVE('',#1336,#1377,#547,.T.);
#1700=EDGE_CURVE('',#1337,#1376,#548,.T.);
#1701=EDGE_CURVE('',#1338,#1375,#549,.T.);
#1702=EDGE_CURVE('',#1333,#1374,#550,.T.);
#1703=EDGE_CURVE('',#1378,#1379,#551,.T.);
#1704=EDGE_CURVE('',#1380,#1378,#552,.T.);
#1705=EDGE_CURVE('',#1381,#1380,#553,.T.);
#1706=EDGE_CURVE('',#1382,#1381,#554,.T.);
#1707=EDGE_CURVE('',#1383,#1382,#555,.T.);
#1708=EDGE_CURVE('',#1379,#1383,#556,.T.);
#1709=EDGE_CURVE('',#1340,#1378,#557,.T.);
#1710=EDGE_CURVE('',#1341,#1379,#558,.T.);
#1711=EDGE_CURVE('',#1342,#1383,#559,.T.);
#1712=EDGE_CURVE('',#1343,#1382,#560,.T.);
#1713=EDGE_CURVE('',#1344,#1381,#561,.T.);
#1714=EDGE_CURVE('',#1339,#1380,#562,.T.);
#1715=EDGE_CURVE('',#1305,#1347,#563,.T.);
#1716=EDGE_CURVE('',#1349,#1384,#564,.T.);
#1717=EDGE_CURVE('',#1384,#1310,#565,.T.);
#1718=EDGE_CURVE('',#1318,#1384,#566,.T.);
#1719=EDGE_CURVE('',#1385,#1386,#567,.T.);
#1720=EDGE_CURVE('',#1386,#1387,#568,.T.);
#1721=EDGE_CURVE('',#1388,#1387,#569,.T.);
#1722=EDGE_CURVE('',#1385,#1388,#570,.T.);
#1723=EDGE_CURVE('',#1386,#1389,#571,.T.);
#1724=EDGE_CURVE('',#1389,#1390,#572,.T.);
#1725=EDGE_CURVE('',#1387,#1390,#573,.T.);
#1726=EDGE_CURVE('',#1391,#1391,#25,.T.);
#1727=EDGE_CURVE('',#1391,#1392,#574,.T.);
#1728=EDGE_CURVE('',#1392,#1392,#26,.T.);
#1729=EDGE_CURVE('',#1393,#1393,#27,.T.);
#1730=EDGE_CURVE('',#1393,#1394,#575,.T.);
#1731=EDGE_CURVE('',#1394,#1394,#28,.T.);
#1732=EDGE_CURVE('',#1395,#1395,#29,.T.);
#1733=EDGE_CURVE('',#1395,#1396,#576,.T.);
#1734=EDGE_CURVE('',#1396,#1396,#30,.T.);
#1735=EDGE_CURVE('',#1397,#1397,#31,.T.);
#1736=EDGE_CURVE('',#1397,#1398,#577,.T.);
#1737=EDGE_CURVE('',#1398,#1398,#32,.T.);
#1738=EDGE_CURVE('',#1399,#1400,#578,.T.);
#1739=EDGE_CURVE('',#1401,#1399,#579,.T.);
#1740=EDGE_CURVE('',#1402,#1401,#580,.T.);
#1741=EDGE_CURVE('',#1402,#1400,#581,.T.);
#1742=EDGE_CURVE('',#1400,#1403,#582,.T.);
#1743=EDGE_CURVE('',#1404,#1402,#583,.T.);
#1744=EDGE_CURVE('',#1404,#1403,#584,.T.);
#1745=EDGE_CURVE('',#1403,#1405,#585,.T.);
#1746=EDGE_CURVE('',#1406,#1404,#586,.T.);
#1747=EDGE_CURVE('',#1406,#1405,#587,.T.);
#1748=EDGE_CURVE('',#1405,#1407,#588,.T.);
#1749=EDGE_CURVE('',#1408,#1406,#589,.T.);
#1750=EDGE_CURVE('',#1408,#1407,#590,.T.);
#1751=EDGE_CURVE('',#1407,#1399,#591,.T.);
#1752=EDGE_CURVE('',#1401,#1408,#592,.T.);
#1753=EDGE_CURVE('',#1409,#1410,#593,.T.);
#1754=EDGE_CURVE('',#1411,#1409,#594,.T.);
#1755=EDGE_CURVE('',#1412,#1411,#595,.T.);
#1756=EDGE_CURVE('',#1412,#1410,#596,.T.);
#1757=EDGE_CURVE('',#1410,#1413,#597,.T.);
#1758=EDGE_CURVE('',#1414,#1412,#598,.T.);
#1759=EDGE_CURVE('',#1414,#1413,#599,.T.);
#1760=EDGE_CURVE('',#1413,#1415,#600,.T.);
#1761=EDGE_CURVE('',#1416,#1414,#601,.T.);
#1762=EDGE_CURVE('',#1416,#1415,#602,.T.);
#1763=EDGE_CURVE('',#1415,#1417,#603,.T.);
#1764=EDGE_CURVE('',#1418,#1416,#604,.T.);
#1765=EDGE_CURVE('',#1418,#1417,#605,.T.);
#1766=EDGE_CURVE('',#1417,#1409,#606,.T.);
#1767=EDGE_CURVE('',#1411,#1418,#607,.T.);
#1768=EDGE_CURVE('',#1419,#1420,#608,.T.);
#1769=EDGE_CURVE('',#1421,#1419,#609,.T.);
#1770=EDGE_CURVE('',#1422,#1421,#610,.T.);
#1771=EDGE_CURVE('',#1422,#1420,#611,.T.);
#1772=EDGE_CURVE('',#1420,#1423,#612,.T.);
#1773=EDGE_CURVE('',#1424,#1422,#613,.T.);
#1774=EDGE_CURVE('',#1424,#1423,#614,.T.);
#1775=EDGE_CURVE('',#1423,#1425,#615,.T.);
#1776=EDGE_CURVE('',#1426,#1424,#616,.T.);
#1777=EDGE_CURVE('',#1426,#1425,#617,.T.);
#1778=EDGE_CURVE('',#1425,#1427,#618,.T.);
#1779=EDGE_CURVE('',#1428,#1426,#619,.T.);
#1780=EDGE_CURVE('',#1428,#1427,#620,.T.);
#1781=EDGE_CURVE('',#1427,#1419,#621,.T.);
#1782=EDGE_CURVE('',#1421,#1428,#622,.T.);
#1783=EDGE_CURVE('',#1429,#1430,#623,.T.);
#1784=EDGE_CURVE('',#1431,#1429,#624,.T.);
#1785=EDGE_CURVE('',#1432,#1431,#625,.T.);
#1786=EDGE_CURVE('',#1432,#1430,#626,.T.);
#1787=EDGE_CURVE('',#1430,#1433,#627,.T.);
#1788=EDGE_CURVE('',#1434,#1432,#628,.T.);
#1789=EDGE_CURVE('',#1434,#1433,#629,.T.);
#1790=EDGE_CURVE('',#1433,#1435,#630,.T.);
#1791=EDGE_CURVE('',#1436,#1434,#631,.T.);
#1792=EDGE_CURVE('',#1436,#1435,#632,.T.);
#1793=EDGE_CURVE('',#1435,#1429,#633,.T.);
#1794=EDGE_CURVE('',#1431,#1436,#634,.T.);
#1795=EDGE_CURVE('',#1437,#1438,#635,.T.);
#1796=EDGE_CURVE('',#1439,#1437,#636,.T.);
#1797=EDGE_CURVE('',#1440,#1439,#637,.T.);
#1798=EDGE_CURVE('',#1440,#1438,#638,.T.);
#1799=EDGE_CURVE('',#1438,#1441,#639,.T.);
#1800=EDGE_CURVE('',#1442,#1440,#640,.T.);
#1801=EDGE_CURVE('',#1442,#1441,#641,.T.);
#1802=EDGE_CURVE('',#1441,#1443,#642,.T.);
#1803=EDGE_CURVE('',#1444,#1442,#643,.T.);
#1804=EDGE_CURVE('',#1444,#1443,#644,.T.);
#1805=EDGE_CURVE('',#1443,#1445,#645,.T.);
#1806=EDGE_CURVE('',#1446,#1444,#646,.T.);
#1807=EDGE_CURVE('',#1446,#1445,#647,.T.);
#1808=EDGE_CURVE('',#1445,#1447,#648,.T.);
#1809=EDGE_CURVE('',#1448,#1446,#649,.T.);
#1810=EDGE_CURVE('',#1448,#1447,#650,.T.);
#1811=EDGE_CURVE('',#1447,#1437,#651,.T.);
#1812=EDGE_CURVE('',#1439,#1448,#652,.T.);
#1813=EDGE_CURVE('',#1449,#1450,#653,.T.);
#1814=EDGE_CURVE('',#1451,#1449,#654,.T.);
#1815=EDGE_CURVE('',#1452,#1451,#655,.T.);
#1816=EDGE_CURVE('',#1452,#1450,#656,.T.);
#1817=EDGE_CURVE('',#1450,#1453,#657,.T.);
#1818=EDGE_CURVE('',#1454,#1452,#658,.T.);
#1819=EDGE_CURVE('',#1454,#1453,#659,.T.);
#1820=EDGE_CURVE('',#1453,#1455,#660,.T.);
#1821=EDGE_CURVE('',#1456,#1454,#661,.T.);
#1822=EDGE_CURVE('',#1456,#1455,#662,.T.);
#1823=EDGE_CURVE('',#1455,#1457,#663,.T.);
#1824=EDGE_CURVE('',#1458,#1456,#664,.T.);
#1825=EDGE_CURVE('',#1458,#1457,#665,.T.);
#1826=EDGE_CURVE('',#1457,#1459,#666,.T.);
#1827=EDGE_CURVE('',#1460,#1458,#667,.T.);
#1828=EDGE_CURVE('',#1460,#1459,#668,.T.);
#1829=EDGE_CURVE('',#1459,#1461,#669,.T.);
#1830=EDGE_CURVE('',#1462,#1460,#670,.T.);
#1831=EDGE_CURVE('',#1462,#1461,#671,.T.);
#1832=EDGE_CURVE('',#1461,#1449,#672,.T.);
#1833=EDGE_CURVE('',#1451,#1462,#673,.T.);
#1834=EDGE_CURVE('',#1463,#1464,#674,.T.);
#1835=EDGE_CURVE('',#1465,#1463,#675,.T.);
#1836=EDGE_CURVE('',#1466,#1465,#676,.T.);
#1837=EDGE_CURVE('',#1466,#1464,#677,.T.);
#1838=EDGE_CURVE('',#1464,#1467,#678,.T.);
#1839=EDGE_CURVE('',#1468,#1466,#679,.T.);
#1840=EDGE_CURVE('',#1468,#1467,#680,.T.);
#1841=EDGE_CURVE('',#1467,#1469,#681,.T.);
#1842=EDGE_CURVE('',#1470,#1468,#682,.T.);
#1843=EDGE_CURVE('',#1470,#1469,#683,.T.);
#1844=EDGE_CURVE('',#1469,#1471,#684,.T.);
#1845=EDGE_CURVE('',#1472,#1470,#685,.T.);
#1846=EDGE_CURVE('',#1472,#1471,#686,.T.);
#1847=EDGE_CURVE('',#1471,#1473,#687,.T.);
#1848=EDGE_CURVE('',#1474,#1472,#688,.T.);
#1849=EDGE_CURVE('',#1474,#1473,#689,.T.);
#1850=EDGE_CURVE('',#1473,#1463,#690,.T.);
#1851=EDGE_CURVE('',#1465,#1474,#691,.T.);
#1852=EDGE_CURVE('',#1475,#1476,#692,.T.);
#1853=EDGE_CURVE('',#1477,#1475,#693,.T.);
#1854=EDGE_CURVE('',#1478,#1477,#694,.T.);
#1855=EDGE_CURVE('',#1478,#1476,#695,.T.);
#1856=EDGE_CURVE('',#1476,#1479,#696,.T.);
#1857=EDGE_CURVE('',#1480,#1478,#697,.T.);
#1858=EDGE_CURVE('',#1480,#1479,#698,.T.);
#1859=EDGE_CURVE('',#1479,#1481,#699,.T.);
#1860=EDGE_CURVE('',#1482,#1480,#700,.T.);
#1861=EDGE_CURVE('',#1482,#1481,#701,.T.);
#1862=EDGE_CURVE('',#1481,#1483,#702,.T.);
#1863=EDGE_CURVE('',#1484,#1482,#703,.T.);
#1864=EDGE_CURVE('',#1484,#1483,#704,.T.);
#1865=EDGE_CURVE('',#1483,#1475,#705,.T.);
#1866=EDGE_CURVE('',#1477,#1484,#706,.T.);
#1867=EDGE_CURVE('',#1485,#1486,#707,.T.);
#1868=EDGE_CURVE('',#1487,#1485,#708,.T.);
#1869=EDGE_CURVE('',#1488,#1487,#709,.T.);
#1870=EDGE_CURVE('',#1488,#1486,#710,.T.);
#1871=EDGE_CURVE('',#1486,#1489,#711,.T.);
#1872=EDGE_CURVE('',#1490,#1488,#712,.T.);
#1873=EDGE_CURVE('',#1490,#1489,#713,.T.);
#1874=EDGE_CURVE('',#1489,#1491,#714,.T.);
#1875=EDGE_CURVE('',#1492,#1490,#715,.T.);
#1876=EDGE_CURVE('',#1492,#1491,#716,.T.);
#1877=EDGE_CURVE('',#1491,#1493,#717,.T.);
#1878=EDGE_CURVE('',#1494,#1492,#718,.T.);
#1879=EDGE_CURVE('',#1494,#1493,#719,.T.);
#1880=EDGE_CURVE('',#1493,#1495,#720,.T.);
#1881=EDGE_CURVE('',#1496,#1494,#721,.T.);
#1882=EDGE_CURVE('',#1496,#1495,#722,.T.);
#1883=EDGE_CURVE('',#1495,#1497,#723,.T.);
#1884=EDGE_CURVE('',#1498,#1496,#724,.T.);
#1885=EDGE_CURVE('',#1498,#1497,#725,.T.);
#1886=EDGE_CURVE('',#1497,#1499,#726,.T.);
#1887=EDGE_CURVE('',#1500,#1498,#727,.T.);
#1888=EDGE_CURVE('',#1500,#1499,#728,.T.);
#1889=EDGE_CURVE('',#1499,#1485,#729,.T.);
#1890=EDGE_CURVE('',#1487,#1500,#730,.T.);
#1891=EDGE_CURVE('',#1501,#1502,#731,.T.);
#1892=EDGE_CURVE('',#1503,#1501,#732,.T.);
#1893=EDGE_CURVE('',#1504,#1503,#733,.T.);
#1894=EDGE_CURVE('',#1504,#1502,#734,.T.);
#1895=EDGE_CURVE('',#1502,#1505,#735,.T.);
#1896=EDGE_CURVE('',#1506,#1504,#736,.T.);
#1897=EDGE_CURVE('',#1506,#1505,#737,.T.);
#1898=EDGE_CURVE('',#1505,#1507,#738,.T.);
#1899=EDGE_CURVE('',#1508,#1506,#739,.T.);
#1900=EDGE_CURVE('',#1508,#1507,#740,.T.);
#1901=EDGE_CURVE('',#1507,#1509,#741,.T.);
#1902=EDGE_CURVE('',#1510,#1508,#742,.T.);
#1903=EDGE_CURVE('',#1510,#1509,#743,.T.);
#1904=EDGE_CURVE('',#1509,#1501,#744,.T.);
#1905=EDGE_CURVE('',#1503,#1510,#745,.T.);
#1906=EDGE_CURVE('',#1511,#1512,#746,.T.);
#1907=EDGE_CURVE('',#1513,#1511,#747,.T.);
#1908=EDGE_CURVE('',#1514,#1513,#748,.T.);
#1909=EDGE_CURVE('',#1514,#1512,#749,.T.);
#1910=EDGE_CURVE('',#1512,#1515,#750,.T.);
#1911=EDGE_CURVE('',#1516,#1514,#751,.T.);
#1912=EDGE_CURVE('',#1516,#1515,#752,.T.);
#1913=EDGE_CURVE('',#1515,#1517,#753,.T.);
#1914=EDGE_CURVE('',#1518,#1516,#754,.T.);
#1915=EDGE_CURVE('',#1518,#1517,#755,.T.);
#1916=EDGE_CURVE('',#1517,#1519,#756,.T.);
#1917=EDGE_CURVE('',#1520,#1518,#757,.T.);
#1918=EDGE_CURVE('',#1520,#1519,#758,.T.);
#1919=EDGE_CURVE('',#1519,#1521,#759,.T.);
#1920=EDGE_CURVE('',#1522,#1520,#760,.T.);
#1921=EDGE_CURVE('',#1522,#1521,#761,.T.);
#1922=EDGE_CURVE('',#1521,#1523,#762,.T.);
#1923=EDGE_CURVE('',#1524,#1522,#763,.T.);
#1924=EDGE_CURVE('',#1524,#1523,#764,.T.);
#1925=EDGE_CURVE('',#1523,#1511,#765,.T.);
#1926=EDGE_CURVE('',#1513,#1524,#766,.T.);
#1927=EDGE_CURVE('',#1525,#1526,#767,.T.);
#1928=EDGE_CURVE('',#1527,#1525,#768,.T.);
#1929=EDGE_CURVE('',#1528,#1527,#769,.T.);
#1930=EDGE_CURVE('',#1528,#1526,#770,.T.);
#1931=EDGE_CURVE('',#1526,#1529,#771,.T.);
#1932=EDGE_CURVE('',#1530,#1528,#772,.T.);
#1933=EDGE_CURVE('',#1530,#1529,#773,.T.);
#1934=EDGE_CURVE('',#1529,#1531,#774,.T.);
#1935=EDGE_CURVE('',#1532,#1530,#775,.T.);
#1936=EDGE_CURVE('',#1532,#1531,#776,.T.);
#1937=EDGE_CURVE('',#1531,#1533,#777,.T.);
#1938=EDGE_CURVE('',#1534,#1532,#778,.T.);
#1939=EDGE_CURVE('',#1534,#1533,#779,.T.);
#1940=EDGE_CURVE('',#1533,#1535,#780,.T.);
#1941=EDGE_CURVE('',#1536,#1534,#781,.T.);
#1942=EDGE_CURVE('',#1536,#1535,#782,.T.);
#1943=EDGE_CURVE('',#1535,#1525,#783,.T.);
#1944=EDGE_CURVE('',#1527,#1536,#784,.T.);
#1945=EDGE_CURVE('',#1537,#1538,#785,.T.);
#1946=EDGE_CURVE('',#1539,#1537,#786,.T.);
#1947=EDGE_CURVE('',#1540,#1539,#787,.T.);
#1948=EDGE_CURVE('',#1540,#1538,#788,.T.);
#1949=EDGE_CURVE('',#1538,#1541,#789,.T.);
#1950=EDGE_CURVE('',#1542,#1540,#790,.T.);
#1951=EDGE_CURVE('',#1542,#1541,#791,.T.);
#1952=EDGE_CURVE('',#1541,#1543,#792,.T.);
#1953=EDGE_CURVE('',#1544,#1542,#793,.T.);
#1954=EDGE_CURVE('',#1544,#1543,#794,.T.);
#1955=EDGE_CURVE('',#1543,#1545,#795,.T.);
#1956=EDGE_CURVE('',#1546,#1544,#796,.T.);
#1957=EDGE_CURVE('',#1546,#1545,#797,.T.);
#1958=EDGE_CURVE('',#1545,#1547,#798,.T.);
#1959=EDGE_CURVE('',#1548,#1546,#799,.T.);
#1960=EDGE_CURVE('',#1548,#1547,#800,.T.);
#1961=EDGE_CURVE('',#1547,#1537,#801,.T.);
#1962=EDGE_CURVE('',#1539,#1548,#802,.T.);
#1963=EDGE_CURVE('',#1549,#1550,#803,.T.);
#1964=EDGE_CURVE('',#1549,#1551,#804,.T.);
#1965=EDGE_CURVE('',#1552,#1551,#805,.T.);
#1966=EDGE_CURVE('',#1550,#1552,#806,.T.);
#1967=EDGE_CURVE('',#1550,#1553,#807,.T.);
#1968=EDGE_CURVE('',#1554,#1552,#808,.T.);
#1969=EDGE_CURVE('',#1553,#1554,#809,.T.);
#1970=EDGE_CURVE('',#1553,#1555,#810,.T.);
#1971=EDGE_CURVE('',#1556,#1554,#811,.T.);
#1972=EDGE_CURVE('',#1555,#1556,#812,.T.);
#1973=EDGE_CURVE('',#1555,#1557,#813,.T.);
#1974=EDGE_CURVE('',#1558,#1556,#814,.T.);
#1975=EDGE_CURVE('',#1557,#1558,#815,.T.);
#1976=EDGE_CURVE('',#1557,#1559,#816,.T.);
#1977=EDGE_CURVE('',#1560,#1558,#817,.T.);
#1978=EDGE_CURVE('',#1559,#1560,#818,.T.);
#1979=EDGE_CURVE('',#1559,#1561,#819,.T.);
#1980=EDGE_CURVE('',#1562,#1560,#820,.T.);
#1981=EDGE_CURVE('',#1561,#1562,#821,.T.);
#1982=EDGE_CURVE('',#1561,#1563,#822,.T.);
#1983=EDGE_CURVE('',#1564,#1562,#823,.T.);
#1984=EDGE_CURVE('',#1563,#1564,#824,.T.);
#1985=EDGE_CURVE('',#1563,#1565,#825,.T.);
#1986=EDGE_CURVE('',#1566,#1564,#826,.T.);
#1987=EDGE_CURVE('',#1565,#1566,#827,.T.);
#1988=EDGE_CURVE('',#1565,#1567,#828,.T.);
#1989=EDGE_CURVE('',#1568,#1566,#829,.T.);
#1990=EDGE_CURVE('',#1567,#1568,#830,.T.);
#1991=EDGE_CURVE('',#1567,#1569,#831,.T.);
#1992=EDGE_CURVE('',#1570,#1568,#832,.T.);
#1993=EDGE_CURVE('',#1569,#1570,#833,.T.);
#1994=EDGE_CURVE('',#1569,#1571,#834,.T.);
#1995=EDGE_CURVE('',#1572,#1570,#835,.T.);
#1996=EDGE_CURVE('',#1571,#1572,#836,.T.);
#1997=EDGE_CURVE('',#1571,#1573,#837,.T.);
#1998=EDGE_CURVE('',#1574,#1572,#838,.T.);
#1999=EDGE_CURVE('',#1573,#1574,#839,.T.);
#2000=EDGE_CURVE('',#1573,#1575,#840,.T.);
#2001=EDGE_CURVE('',#1576,#1574,#841,.T.);
#2002=EDGE_CURVE('',#1575,#1576,#842,.T.);
#2003=EDGE_CURVE('',#1575,#1577,#843,.T.);
#2004=EDGE_CURVE('',#1578,#1576,#844,.T.);
#2005=EDGE_CURVE('',#1577,#1578,#845,.T.);
#2006=EDGE_CURVE('',#1577,#1579,#846,.T.);
#2007=EDGE_CURVE('',#1580,#1578,#847,.T.);
#2008=EDGE_CURVE('',#1579,#1580,#848,.T.);
#2009=EDGE_CURVE('',#1579,#1549,#849,.T.);
#2010=EDGE_CURVE('',#1551,#1580,#850,.T.);
#2011=EDGE_CURVE('',#1581,#1582,#851,.T.);
#2012=EDGE_CURVE('',#1581,#1583,#852,.T.);
#2013=EDGE_CURVE('',#1584,#1583,#853,.T.);
#2014=EDGE_CURVE('',#1582,#1584,#854,.T.);
#2015=EDGE_CURVE('',#1582,#1585,#855,.T.);
#2016=EDGE_CURVE('',#1586,#1584,#856,.T.);
#2017=EDGE_CURVE('',#1585,#1586,#857,.T.);
#2018=EDGE_CURVE('',#1585,#1587,#858,.T.);
#2019=EDGE_CURVE('',#1588,#1586,#859,.T.);
#2020=EDGE_CURVE('',#1587,#1588,#860,.T.);
#2021=EDGE_CURVE('',#1587,#1581,#861,.T.);
#2022=EDGE_CURVE('',#1583,#1588,#862,.T.);
#2023=EDGE_CURVE('',#1589,#1590,#863,.T.);
#2024=EDGE_CURVE('',#1589,#1591,#864,.T.);
#2025=EDGE_CURVE('',#1592,#1591,#865,.T.);
#2026=EDGE_CURVE('',#1590,#1592,#866,.T.);
#2027=EDGE_CURVE('',#1590,#1593,#867,.T.);
#2028=EDGE_CURVE('',#1594,#1592,#868,.T.);
#2029=EDGE_CURVE('',#1593,#1594,#869,.T.);
#2030=EDGE_CURVE('',#1595,#1589,#870,.T.);
#2031=EDGE_CURVE('',#1596,#1595,#871,.T.);
#2032=EDGE_CURVE('',#1591,#1596,#872,.T.);
#2033=EDGE_CURVE('',#1389,#1597,#873,.T.);
#2034=EDGE_CURVE('',#1597,#1385,#874,.T.);
#2035=EDGE_CURVE('',#1594,#1596,#875,.T.);
#2036=EDGE_CURVE('',#1593,#1595,#876,.T.);
#2037=EDGE_CURVE('',#1598,#1388,#877,.T.);
#2038=EDGE_CURVE('',#1390,#1598,#878,.T.);
#2039=EDGE_CURVE('',#1597,#1598,#879,.T.);
#2040=ORIENTED_EDGE('',*,*,#1599,.F.);
#2041=ORIENTED_EDGE('',*,*,#1600,.F.);
#2042=ORIENTED_EDGE('',*,*,#1601,.F.);
#2043=ORIENTED_EDGE('',*,*,#1602,.F.);
#2044=ORIENTED_EDGE('',*,*,#1603,.F.);
#2045=ORIENTED_EDGE('',*,*,#1604,.T.);
#2046=ORIENTED_EDGE('',*,*,#1605,.F.);
#2047=ORIENTED_EDGE('',*,*,#1606,.F.);
#2048=ORIENTED_EDGE('',*,*,#1607,.F.);
#2049=ORIENTED_EDGE('',*,*,#1602,.T.);
#2050=ORIENTED_EDGE('',*,*,#1608,.F.);
#2051=ORIENTED_EDGE('',*,*,#1604,.F.);
#2052=ORIENTED_EDGE('',*,*,#1605,.T.);
#2053=ORIENTED_EDGE('',*,*,#1608,.T.);
#2054=ORIENTED_EDGE('',*,*,#1601,.T.);
#2055=ORIENTED_EDGE('',*,*,#1609,.T.);
#2056=ORIENTED_EDGE('',*,*,#1610,.F.);
#2057=ORIENTED_EDGE('',*,*,#1611,.F.);
#2058=ORIENTED_EDGE('',*,*,#1612,.T.);
#2059=ORIENTED_EDGE('',*,*,#1613,.T.);
#2060=ORIENTED_EDGE('',*,*,#1614,.T.);
#2061=ORIENTED_EDGE('',*,*,#1615,.T.);
#2062=ORIENTED_EDGE('',*,*,#1616,.T.);
#2063=ORIENTED_EDGE('',*,*,#1617,.T.);
#2064=ORIENTED_EDGE('',*,*,#1618,.T.);
#2065=ORIENTED_EDGE('',*,*,#1619,.T.);
#2066=ORIENTED_EDGE('',*,*,#1620,.T.);
#2067=ORIENTED_EDGE('',*,*,#1621,.T.);
#2068=ORIENTED_EDGE('',*,*,#1622,.T.);
#2069=ORIENTED_EDGE('',*,*,#1623,.T.);
#2070=ORIENTED_EDGE('',*,*,#1624,.T.);
#2071=ORIENTED_EDGE('',*,*,#1625,.T.);
#2072=ORIENTED_EDGE('',*,*,#1626,.T.);
#2073=ORIENTED_EDGE('',*,*,#1627,.T.);
#2074=ORIENTED_EDGE('',*,*,#1628,.T.);
#2075=ORIENTED_EDGE('',*,*,#1629,.T.);
#2076=ORIENTED_EDGE('',*,*,#1630,.T.);
#2077=ORIENTED_EDGE('',*,*,#1631,.T.);
#2078=ORIENTED_EDGE('',*,*,#1632,.T.);
#2079=ORIENTED_EDGE('',*,*,#1633,.T.);
#2080=ORIENTED_EDGE('',*,*,#1634,.T.);
#2081=ORIENTED_EDGE('',*,*,#1635,.T.);
#2082=ORIENTED_EDGE('',*,*,#1636,.T.);
#2083=ORIENTED_EDGE('',*,*,#1637,.T.);
#2084=ORIENTED_EDGE('',*,*,#1638,.T.);
#2085=ORIENTED_EDGE('',*,*,#1639,.T.);
#2086=ORIENTED_EDGE('',*,*,#1640,.T.);
#2087=ORIENTED_EDGE('',*,*,#1641,.T.);
#2088=ORIENTED_EDGE('',*,*,#1611,.T.);
#2089=ORIENTED_EDGE('',*,*,#1642,.T.);
#2090=ORIENTED_EDGE('',*,*,#1643,.T.);
#2091=ORIENTED_EDGE('',*,*,#1644,.T.);
#2092=ORIENTED_EDGE('',*,*,#1645,.F.);
#2093=ORIENTED_EDGE('',*,*,#1646,.F.);
#2094=ORIENTED_EDGE('',*,*,#1617,.F.);
#2095=ORIENTED_EDGE('',*,*,#1647,.T.);
#2096=ORIENTED_EDGE('',*,*,#1648,.F.);
#2097=ORIENTED_EDGE('',*,*,#1647,.F.);
#2098=ORIENTED_EDGE('',*,*,#1616,.F.);
#2099=ORIENTED_EDGE('',*,*,#1649,.T.);
#2100=ORIENTED_EDGE('',*,*,#1650,.T.);
#2101=ORIENTED_EDGE('',*,*,#1612,.F.);
#2102=ORIENTED_EDGE('',*,*,#1644,.F.);
#2103=ORIENTED_EDGE('',*,*,#1651,.T.);
#2104=ORIENTED_EDGE('',*,*,#1652,.T.);
#2105=ORIENTED_EDGE('',*,*,#1651,.F.);
#2106=ORIENTED_EDGE('',*,*,#1643,.F.);
#2107=ORIENTED_EDGE('',*,*,#1653,.T.);
#2108=ORIENTED_EDGE('',*,*,#1654,.T.);
#2109=ORIENTED_EDGE('',*,*,#1653,.F.);
#2110=ORIENTED_EDGE('',*,*,#1642,.F.);
#2111=ORIENTED_EDGE('',*,*,#1610,.T.);
#2112=ORIENTED_EDGE('',*,*,#1655,.T.);
#2113=ORIENTED_EDGE('',*,*,#1656,.T.);
#2114=ORIENTED_EDGE('',*,*,#1657,.T.);
#2115=ORIENTED_EDGE('',*,*,#1656,.F.);
#2116=ORIENTED_EDGE('',*,*,#1658,.T.);
#2117=ORIENTED_EDGE('',*,*,#1659,.T.);
#2118=ORIENTED_EDGE('',*,*,#1660,.T.);
#2119=ORIENTED_EDGE('',*,*,#1659,.F.);
#2120=ORIENTED_EDGE('',*,*,#1661,.T.);
#2121=ORIENTED_EDGE('',*,*,#1662,.T.);
#2122=ORIENTED_EDGE('',*,*,#1663,.T.);
#2123=ORIENTED_EDGE('',*,*,#1662,.F.);
#2124=ORIENTED_EDGE('',*,*,#1664,.T.);
#2125=ORIENTED_EDGE('',*,*,#1665,.T.);
#2126=ORIENTED_EDGE('',*,*,#1666,.T.);
#2127=ORIENTED_EDGE('',*,*,#1665,.F.);
#2128=ORIENTED_EDGE('',*,*,#1667,.F.);
#2129=ORIENTED_EDGE('',*,*,#1668,.F.);
#2130=ORIENTED_EDGE('',*,*,#1669,.F.);
#2131=ORIENTED_EDGE('',*,*,#1670,.F.);
#2132=ORIENTED_EDGE('',*,*,#1671,.F.);
#2133=ORIENTED_EDGE('',*,*,#1672,.F.);
#2134=ORIENTED_EDGE('',*,*,#1666,.F.);
#2135=ORIENTED_EDGE('',*,*,#1619,.F.);
#2136=ORIENTED_EDGE('',*,*,#1673,.T.);
#2137=ORIENTED_EDGE('',*,*,#1667,.T.);
#2138=ORIENTED_EDGE('',*,*,#1674,.F.);
#2139=ORIENTED_EDGE('',*,*,#1620,.F.);
#2140=ORIENTED_EDGE('',*,*,#1674,.T.);
#2141=ORIENTED_EDGE('',*,*,#1672,.T.);
#2142=ORIENTED_EDGE('',*,*,#1675,.F.);
#2143=ORIENTED_EDGE('',*,*,#1621,.F.);
#2144=ORIENTED_EDGE('',*,*,#1675,.T.);
#2145=ORIENTED_EDGE('',*,*,#1671,.T.);
#2146=ORIENTED_EDGE('',*,*,#1676,.F.);
#2147=ORIENTED_EDGE('',*,*,#1622,.F.);
#2148=ORIENTED_EDGE('',*,*,#1676,.T.);
#2149=ORIENTED_EDGE('',*,*,#1670,.T.);
#2150=ORIENTED_EDGE('',*,*,#1677,.F.);
#2151=ORIENTED_EDGE('',*,*,#1623,.F.);
#2152=ORIENTED_EDGE('',*,*,#1677,.T.);
#2153=ORIENTED_EDGE('',*,*,#1669,.T.);
#2154=ORIENTED_EDGE('',*,*,#1678,.F.);
#2155=ORIENTED_EDGE('',*,*,#1618,.F.);
#2156=ORIENTED_EDGE('',*,*,#1678,.T.);
#2157=ORIENTED_EDGE('',*,*,#1668,.T.);
#2158=ORIENTED_EDGE('',*,*,#1673,.F.);
#2159=ORIENTED_EDGE('',*,*,#1679,.F.);
#2160=ORIENTED_EDGE('',*,*,#1680,.F.);
#2161=ORIENTED_EDGE('',*,*,#1681,.F.);
#2162=ORIENTED_EDGE('',*,*,#1682,.F.);
#2163=ORIENTED_EDGE('',*,*,#1683,.F.);
#2164=ORIENTED_EDGE('',*,*,#1684,.F.);
#2165=ORIENTED_EDGE('',*,*,#1663,.F.);
#2166=ORIENTED_EDGE('',*,*,#1625,.F.);
#2167=ORIENTED_EDGE('',*,*,#1685,.T.);
#2168=ORIENTED_EDGE('',*,*,#1679,.T.);
#2169=ORIENTED_EDGE('',*,*,#1686,.F.);
#2170=ORIENTED_EDGE('',*,*,#1626,.F.);
#2171=ORIENTED_EDGE('',*,*,#1686,.T.);
#2172=ORIENTED_EDGE('',*,*,#1684,.T.);
#2173=ORIENTED_EDGE('',*,*,#1687,.F.);
#2174=ORIENTED_EDGE('',*,*,#1627,.F.);
#2175=ORIENTED_EDGE('',*,*,#1687,.T.);
#2176=ORIENTED_EDGE('',*,*,#1683,.T.);
#2177=ORIENTED_EDGE('',*,*,#1688,.F.);
#2178=ORIENTED_EDGE('',*,*,#1628,.F.);
#2179=ORIENTED_EDGE('',*,*,#1688,.T.);
#2180=ORIENTED_EDGE('',*,*,#1682,.T.);
#2181=ORIENTED_EDGE('',*,*,#1689,.F.);
#2182=ORIENTED_EDGE('',*,*,#1629,.F.);
#2183=ORIENTED_EDGE('',*,*,#1689,.T.);
#2184=ORIENTED_EDGE('',*,*,#1681,.T.);
#2185=ORIENTED_EDGE('',*,*,#1690,.F.);
#2186=ORIENTED_EDGE('',*,*,#1624,.F.);
#2187=ORIENTED_EDGE('',*,*,#1690,.T.);
#2188=ORIENTED_EDGE('',*,*,#1680,.T.);
#2189=ORIENTED_EDGE('',*,*,#1685,.F.);
#2190=ORIENTED_EDGE('',*,*,#1691,.F.);
#2191=ORIENTED_EDGE('',*,*,#1692,.F.);
#2192=ORIENTED_EDGE('',*,*,#1693,.F.);
#2193=ORIENTED_EDGE('',*,*,#1694,.F.);
#2194=ORIENTED_EDGE('',*,*,#1695,.F.);
#2195=ORIENTED_EDGE('',*,*,#1696,.F.);
#2196=ORIENTED_EDGE('',*,*,#1660,.F.);
#2197=ORIENTED_EDGE('',*,*,#1631,.F.);
#2198=ORIENTED_EDGE('',*,*,#1697,.T.);
#2199=ORIENTED_EDGE('',*,*,#1691,.T.);
#2200=ORIENTED_EDGE('',*,*,#1698,.F.);
#2201=ORIENTED_EDGE('',*,*,#1632,.F.);
#2202=ORIENTED_EDGE('',*,*,#1698,.T.);
#2203=ORIENTED_EDGE('',*,*,#1696,.T.);
#2204=ORIENTED_EDGE('',*,*,#1699,.F.);
#2205=ORIENTED_EDGE('',*,*,#1633,.F.);
#2206=ORIENTED_EDGE('',*,*,#1699,.T.);
#2207=ORIENTED_EDGE('',*,*,#1695,.T.);
#2208=ORIENTED_EDGE('',*,*,#1700,.F.);
#2209=ORIENTED_EDGE('',*,*,#1634,.F.);
#2210=ORIENTED_EDGE('',*,*,#1700,.T.);
#2211=ORIENTED_EDGE('',*,*,#1694,.T.);
#2212=ORIENTED_EDGE('',*,*,#1701,.F.);
#2213=ORIENTED_EDGE('',*,*,#1635,.F.);
#2214=ORIENTED_EDGE('',*,*,#1701,.T.);
#2215=ORIENTED_EDGE('',*,*,#1693,.T.);
#2216=ORIENTED_EDGE('',*,*,#1702,.F.);
#2217=ORIENTED_EDGE('',*,*,#1630,.F.);
#2218=ORIENTED_EDGE('',*,*,#1702,.T.);
#2219=ORIENTED_EDGE('',*,*,#1692,.T.);
#2220=ORIENTED_EDGE('',*,*,#1697,.F.);
#2221=ORIENTED_EDGE('',*,*,#1703,.F.);
#2222=ORIENTED_EDGE('',*,*,#1704,.F.);
#2223=ORIENTED_EDGE('',*,*,#1705,.F.);
#2224=ORIENTED_EDGE('',*,*,#1706,.F.);
#2225=ORIENTED_EDGE('',*,*,#1707,.F.);
#2226=ORIENTED_EDGE('',*,*,#1708,.F.);
#2227=ORIENTED_EDGE('',*,*,#1657,.F.);
#2228=ORIENTED_EDGE('',*,*,#1637,.F.);
#2229=ORIENTED_EDGE('',*,*,#1709,.T.);
#2230=ORIENTED_EDGE('',*,*,#1703,.T.);
#2231=ORIENTED_EDGE('',*,*,#1710,.F.);
#2232=ORIENTED_EDGE('',*,*,#1638,.F.);
#2233=ORIENTED_EDGE('',*,*,#1710,.T.);
#2234=ORIENTED_EDGE('',*,*,#1708,.T.);
#2235=ORIENTED_EDGE('',*,*,#1711,.F.);
#2236=ORIENTED_EDGE('',*,*,#1639,.F.);
#2237=ORIENTED_EDGE('',*,*,#1711,.T.);
#2238=ORIENTED_EDGE('',*,*,#1707,.T.);
#2239=ORIENTED_EDGE('',*,*,#1712,.F.);
#2240=ORIENTED_EDGE('',*,*,#1640,.F.);
#2241=ORIENTED_EDGE('',*,*,#1712,.T.);
#2242=ORIENTED_EDGE('',*,*,#1706,.T.);
#2243=ORIENTED_EDGE('',*,*,#1713,.F.);
#2244=ORIENTED_EDGE('',*,*,#1641,.F.);
#2245=ORIENTED_EDGE('',*,*,#1713,.T.);
#2246=ORIENTED_EDGE('',*,*,#1705,.T.);
#2247=ORIENTED_EDGE('',*,*,#1714,.F.);
#2248=ORIENTED_EDGE('',*,*,#1636,.F.);
#2249=ORIENTED_EDGE('',*,*,#1714,.T.);
#2250=ORIENTED_EDGE('',*,*,#1704,.T.);
#2251=ORIENTED_EDGE('',*,*,#1709,.F.);
#2252=ORIENTED_EDGE('',*,*,#1606,.T.);
#2253=ORIENTED_EDGE('',*,*,#1613,.F.);
#2254=ORIENTED_EDGE('',*,*,#1650,.F.);
#2255=ORIENTED_EDGE('',*,*,#1652,.F.);
#2256=ORIENTED_EDGE('',*,*,#1654,.F.);
#2257=ORIENTED_EDGE('',*,*,#1609,.F.);
#2258=ORIENTED_EDGE('',*,*,#1600,.T.);
#2259=ORIENTED_EDGE('',*,*,#1715,.T.);
#2260=ORIENTED_EDGE('',*,*,#1645,.T.);
#2261=ORIENTED_EDGE('',*,*,#1648,.T.);
#2262=ORIENTED_EDGE('',*,*,#1716,.T.);
#2263=ORIENTED_EDGE('',*,*,#1717,.T.);
#2264=ORIENTED_EDGE('',*,*,#1655,.F.);
#2265=ORIENTED_EDGE('',*,*,#1661,.F.);
#2266=ORIENTED_EDGE('',*,*,#1664,.F.);
#2267=ORIENTED_EDGE('',*,*,#1658,.F.);
#2268=ORIENTED_EDGE('',*,*,#1716,.F.);
#2269=ORIENTED_EDGE('',*,*,#1649,.F.);
#2270=ORIENTED_EDGE('',*,*,#1615,.F.);
#2271=ORIENTED_EDGE('',*,*,#1718,.T.);
#2272=ORIENTED_EDGE('',*,*,#1603,.T.);
#2273=ORIENTED_EDGE('',*,*,#1717,.F.);
#2274=ORIENTED_EDGE('',*,*,#1718,.F.);
#2275=ORIENTED_EDGE('',*,*,#1614,.F.);
#2276=ORIENTED_EDGE('',*,*,#1646,.T.);
#2277=ORIENTED_EDGE('',*,*,#1715,.F.);
#2278=ORIENTED_EDGE('',*,*,#1599,.T.);
#2279=ORIENTED_EDGE('',*,*,#1607,.T.);
#2280=ORIENTED_EDGE('',*,*,#1719,.T.);
#2281=ORIENTED_EDGE('',*,*,#1720,.T.);
#2282=ORIENTED_EDGE('',*,*,#1721,.F.);
#2283=ORIENTED_EDGE('',*,*,#1722,.F.);
#2284=ORIENTED_EDGE('',*,*,#1723,.T.);
#2285=ORIENTED_EDGE('',*,*,#1724,.T.);
#2286=ORIENTED_EDGE('',*,*,#1725,.F.);
#2287=ORIENTED_EDGE('',*,*,#1720,.F.);
#2288=ORIENTED_EDGE('',*,*,#1726,.F.);
#2289=ORIENTED_EDGE('',*,*,#1727,.T.);
#2290=ORIENTED_EDGE('',*,*,#1728,.T.);
#2291=ORIENTED_EDGE('',*,*,#1727,.F.);
#2292=ORIENTED_EDGE('',*,*,#1729,.F.);
#2293=ORIENTED_EDGE('',*,*,#1730,.T.);
#2294=ORIENTED_EDGE('',*,*,#1731,.T.);
#2295=ORIENTED_EDGE('',*,*,#1730,.F.);
#2296=ORIENTED_EDGE('',*,*,#1732,.F.);
#2297=ORIENTED_EDGE('',*,*,#1733,.T.);
#2298=ORIENTED_EDGE('',*,*,#1734,.T.);
#2299=ORIENTED_EDGE('',*,*,#1733,.F.);
#2300=ORIENTED_EDGE('',*,*,#1735,.F.);
#2301=ORIENTED_EDGE('',*,*,#1736,.T.);
#2302=ORIENTED_EDGE('',*,*,#1737,.T.);
#2303=ORIENTED_EDGE('',*,*,#1736,.F.);
#2304=ORIENTED_EDGE('',*,*,#1738,.F.);
#2305=ORIENTED_EDGE('',*,*,#1739,.F.);
#2306=ORIENTED_EDGE('',*,*,#1740,.F.);
#2307=ORIENTED_EDGE('',*,*,#1741,.T.);
#2308=ORIENTED_EDGE('',*,*,#1742,.F.);
#2309=ORIENTED_EDGE('',*,*,#1741,.F.);
#2310=ORIENTED_EDGE('',*,*,#1743,.F.);
#2311=ORIENTED_EDGE('',*,*,#1744,.T.);
#2312=ORIENTED_EDGE('',*,*,#1745,.F.);
#2313=ORIENTED_EDGE('',*,*,#1744,.F.);
#2314=ORIENTED_EDGE('',*,*,#1746,.F.);
#2315=ORIENTED_EDGE('',*,*,#1747,.T.);
#2316=ORIENTED_EDGE('',*,*,#1748,.F.);
#2317=ORIENTED_EDGE('',*,*,#1747,.F.);
#2318=ORIENTED_EDGE('',*,*,#1749,.F.);
#2319=ORIENTED_EDGE('',*,*,#1750,.T.);
#2320=ORIENTED_EDGE('',*,*,#1751,.F.);
#2321=ORIENTED_EDGE('',*,*,#1750,.F.);
#2322=ORIENTED_EDGE('',*,*,#1752,.F.);
#2323=ORIENTED_EDGE('',*,*,#1739,.T.);
#2324=ORIENTED_EDGE('',*,*,#1753,.F.);
#2325=ORIENTED_EDGE('',*,*,#1754,.F.);
#2326=ORIENTED_EDGE('',*,*,#1755,.F.);
#2327=ORIENTED_EDGE('',*,*,#1756,.T.);
#2328=ORIENTED_EDGE('',*,*,#1757,.F.);
#2329=ORIENTED_EDGE('',*,*,#1756,.F.);
#2330=ORIENTED_EDGE('',*,*,#1758,.F.);
#2331=ORIENTED_EDGE('',*,*,#1759,.T.);
#2332=ORIENTED_EDGE('',*,*,#1760,.F.);
#2333=ORIENTED_EDGE('',*,*,#1759,.F.);
#2334=ORIENTED_EDGE('',*,*,#1761,.F.);
#2335=ORIENTED_EDGE('',*,*,#1762,.T.);
#2336=ORIENTED_EDGE('',*,*,#1763,.F.);
#2337=ORIENTED_EDGE('',*,*,#1762,.F.);
#2338=ORIENTED_EDGE('',*,*,#1764,.F.);
#2339=ORIENTED_EDGE('',*,*,#1765,.T.);
#2340=ORIENTED_EDGE('',*,*,#1766,.F.);
#2341=ORIENTED_EDGE('',*,*,#1765,.F.);
#2342=ORIENTED_EDGE('',*,*,#1767,.F.);
#2343=ORIENTED_EDGE('',*,*,#1754,.T.);
#2344=ORIENTED_EDGE('',*,*,#1768,.F.);
#2345=ORIENTED_EDGE('',*,*,#1769,.F.);
#2346=ORIENTED_EDGE('',*,*,#1770,.F.);
#2347=ORIENTED_EDGE('',*,*,#1771,.T.);
#2348=ORIENTED_EDGE('',*,*,#1772,.F.);
#2349=ORIENTED_EDGE('',*,*,#1771,.F.);
#2350=ORIENTED_EDGE('',*,*,#1773,.F.);
#2351=ORIENTED_EDGE('',*,*,#1774,.T.);
#2352=ORIENTED_EDGE('',*,*,#1775,.F.);
#2353=ORIENTED_EDGE('',*,*,#1774,.F.);
#2354=ORIENTED_EDGE('',*,*,#1776,.F.);
#2355=ORIENTED_EDGE('',*,*,#1777,.T.);
#2356=ORIENTED_EDGE('',*,*,#1778,.F.);
#2357=ORIENTED_EDGE('',*,*,#1777,.F.);
#2358=ORIENTED_EDGE('',*,*,#1779,.F.);
#2359=ORIENTED_EDGE('',*,*,#1780,.T.);
#2360=ORIENTED_EDGE('',*,*,#1781,.F.);
#2361=ORIENTED_EDGE('',*,*,#1780,.F.);
#2362=ORIENTED_EDGE('',*,*,#1782,.F.);
#2363=ORIENTED_EDGE('',*,*,#1769,.T.);
#2364=ORIENTED_EDGE('',*,*,#1783,.F.);
#2365=ORIENTED_EDGE('',*,*,#1784,.F.);
#2366=ORIENTED_EDGE('',*,*,#1785,.F.);
#2367=ORIENTED_EDGE('',*,*,#1786,.T.);
#2368=ORIENTED_EDGE('',*,*,#1787,.F.);
#2369=ORIENTED_EDGE('',*,*,#1786,.F.);
#2370=ORIENTED_EDGE('',*,*,#1788,.F.);
#2371=ORIENTED_EDGE('',*,*,#1789,.T.);
#2372=ORIENTED_EDGE('',*,*,#1790,.F.);
#2373=ORIENTED_EDGE('',*,*,#1789,.F.);
#2374=ORIENTED_EDGE('',*,*,#1791,.F.);
#2375=ORIENTED_EDGE('',*,*,#1792,.T.);
#2376=ORIENTED_EDGE('',*,*,#1793,.F.);
#2377=ORIENTED_EDGE('',*,*,#1792,.F.);
#2378=ORIENTED_EDGE('',*,*,#1794,.F.);
#2379=ORIENTED_EDGE('',*,*,#1784,.T.);
#2380=ORIENTED_EDGE('',*,*,#1795,.F.);
#2381=ORIENTED_EDGE('',*,*,#1796,.F.);
#2382=ORIENTED_EDGE('',*,*,#1797,.F.);
#2383=ORIENTED_EDGE('',*,*,#1798,.T.);
#2384=ORIENTED_EDGE('',*,*,#1799,.F.);
#2385=ORIENTED_EDGE('',*,*,#1798,.F.);
#2386=ORIENTED_EDGE('',*,*,#1800,.F.);
#2387=ORIENTED_EDGE('',*,*,#1801,.T.);
#2388=ORIENTED_EDGE('',*,*,#1802,.F.);
#2389=ORIENTED_EDGE('',*,*,#1801,.F.);
#2390=ORIENTED_EDGE('',*,*,#1803,.F.);
#2391=ORIENTED_EDGE('',*,*,#1804,.T.);
#2392=ORIENTED_EDGE('',*,*,#1805,.F.);
#2393=ORIENTED_EDGE('',*,*,#1804,.F.);
#2394=ORIENTED_EDGE('',*,*,#1806,.F.);
#2395=ORIENTED_EDGE('',*,*,#1807,.T.);
#2396=ORIENTED_EDGE('',*,*,#1808,.F.);
#2397=ORIENTED_EDGE('',*,*,#1807,.F.);
#2398=ORIENTED_EDGE('',*,*,#1809,.F.);
#2399=ORIENTED_EDGE('',*,*,#1810,.T.);
#2400=ORIENTED_EDGE('',*,*,#1811,.F.);
#2401=ORIENTED_EDGE('',*,*,#1810,.F.);
#2402=ORIENTED_EDGE('',*,*,#1812,.F.);
#2403=ORIENTED_EDGE('',*,*,#1796,.T.);
#2404=ORIENTED_EDGE('',*,*,#1813,.F.);
#2405=ORIENTED_EDGE('',*,*,#1814,.F.);
#2406=ORIENTED_EDGE('',*,*,#1815,.F.);
#2407=ORIENTED_EDGE('',*,*,#1816,.T.);
#2408=ORIENTED_EDGE('',*,*,#1817,.F.);
#2409=ORIENTED_EDGE('',*,*,#1816,.F.);
#2410=ORIENTED_EDGE('',*,*,#1818,.F.);
#2411=ORIENTED_EDGE('',*,*,#1819,.T.);
#2412=ORIENTED_EDGE('',*,*,#1820,.F.);
#2413=ORIENTED_EDGE('',*,*,#1819,.F.);
#2414=ORIENTED_EDGE('',*,*,#1821,.F.);
#2415=ORIENTED_EDGE('',*,*,#1822,.T.);
#2416=ORIENTED_EDGE('',*,*,#1823,.F.);
#2417=ORIENTED_EDGE('',*,*,#1822,.F.);
#2418=ORIENTED_EDGE('',*,*,#1824,.F.);
#2419=ORIENTED_EDGE('',*,*,#1825,.T.);
#2420=ORIENTED_EDGE('',*,*,#1826,.F.);
#2421=ORIENTED_EDGE('',*,*,#1825,.F.);
#2422=ORIENTED_EDGE('',*,*,#1827,.F.);
#2423=ORIENTED_EDGE('',*,*,#1828,.T.);
#2424=ORIENTED_EDGE('',*,*,#1829,.F.);
#2425=ORIENTED_EDGE('',*,*,#1828,.F.);
#2426=ORIENTED_EDGE('',*,*,#1830,.F.);
#2427=ORIENTED_EDGE('',*,*,#1831,.T.);
#2428=ORIENTED_EDGE('',*,*,#1832,.F.);
#2429=ORIENTED_EDGE('',*,*,#1831,.F.);
#2430=ORIENTED_EDGE('',*,*,#1833,.F.);
#2431=ORIENTED_EDGE('',*,*,#1814,.T.);
#2432=ORIENTED_EDGE('',*,*,#1834,.F.);
#2433=ORIENTED_EDGE('',*,*,#1835,.F.);
#2434=ORIENTED_EDGE('',*,*,#1836,.F.);
#2435=ORIENTED_EDGE('',*,*,#1837,.T.);
#2436=ORIENTED_EDGE('',*,*,#1838,.F.);
#2437=ORIENTED_EDGE('',*,*,#1837,.F.);
#2438=ORIENTED_EDGE('',*,*,#1839,.F.);
#2439=ORIENTED_EDGE('',*,*,#1840,.T.);
#2440=ORIENTED_EDGE('',*,*,#1841,.F.);
#2441=ORIENTED_EDGE('',*,*,#1840,.F.);
#2442=ORIENTED_EDGE('',*,*,#1842,.F.);
#2443=ORIENTED_EDGE('',*,*,#1843,.T.);
#2444=ORIENTED_EDGE('',*,*,#1844,.F.);
#2445=ORIENTED_EDGE('',*,*,#1843,.F.);
#2446=ORIENTED_EDGE('',*,*,#1845,.F.);
#2447=ORIENTED_EDGE('',*,*,#1846,.T.);
#2448=ORIENTED_EDGE('',*,*,#1847,.F.);
#2449=ORIENTED_EDGE('',*,*,#1846,.F.);
#2450=ORIENTED_EDGE('',*,*,#1848,.F.);
#2451=ORIENTED_EDGE('',*,*,#1849,.T.);
#2452=ORIENTED_EDGE('',*,*,#1850,.F.);
#2453=ORIENTED_EDGE('',*,*,#1849,.F.);
#2454=ORIENTED_EDGE('',*,*,#1851,.F.);
#2455=ORIENTED_EDGE('',*,*,#1835,.T.);
#2456=ORIENTED_EDGE('',*,*,#1852,.F.);
#2457=ORIENTED_EDGE('',*,*,#1853,.F.);
#2458=ORIENTED_EDGE('',*,*,#1854,.F.);
#2459=ORIENTED_EDGE('',*,*,#1855,.T.);
#2460=ORIENTED_EDGE('',*,*,#1856,.F.);
#2461=ORIENTED_EDGE('',*,*,#1855,.F.);
#2462=ORIENTED_EDGE('',*,*,#1857,.F.);
#2463=ORIENTED_EDGE('',*,*,#1858,.T.);
#2464=ORIENTED_EDGE('',*,*,#1859,.F.);
#2465=ORIENTED_EDGE('',*,*,#1858,.F.);
#2466=ORIENTED_EDGE('',*,*,#1860,.F.);
#2467=ORIENTED_EDGE('',*,*,#1861,.T.);
#2468=ORIENTED_EDGE('',*,*,#1862,.F.);
#2469=ORIENTED_EDGE('',*,*,#1861,.F.);
#2470=ORIENTED_EDGE('',*,*,#1863,.F.);
#2471=ORIENTED_EDGE('',*,*,#1864,.T.);
#2472=ORIENTED_EDGE('',*,*,#1865,.F.);
#2473=ORIENTED_EDGE('',*,*,#1864,.F.);
#2474=ORIENTED_EDGE('',*,*,#1866,.F.);
#2475=ORIENTED_EDGE('',*,*,#1853,.T.);
#2476=ORIENTED_EDGE('',*,*,#1867,.F.);
#2477=ORIENTED_EDGE('',*,*,#1868,.F.);
#2478=ORIENTED_EDGE('',*,*,#1869,.F.);
#2479=ORIENTED_EDGE('',*,*,#1870,.T.);
#2480=ORIENTED_EDGE('',*,*,#1871,.F.);
#2481=ORIENTED_EDGE('',*,*,#1870,.F.);
#2482=ORIENTED_EDGE('',*,*,#1872,.F.);
#2483=ORIENTED_EDGE('',*,*,#1873,.T.);
#2484=ORIENTED_EDGE('',*,*,#1874,.F.);
#2485=ORIENTED_EDGE('',*,*,#1873,.F.);
#2486=ORIENTED_EDGE('',*,*,#1875,.F.);
#2487=ORIENTED_EDGE('',*,*,#1876,.T.);
#2488=ORIENTED_EDGE('',*,*,#1877,.F.);
#2489=ORIENTED_EDGE('',*,*,#1876,.F.);
#2490=ORIENTED_EDGE('',*,*,#1878,.F.);
#2491=ORIENTED_EDGE('',*,*,#1879,.T.);
#2492=ORIENTED_EDGE('',*,*,#1880,.F.);
#2493=ORIENTED_EDGE('',*,*,#1879,.F.);
#2494=ORIENTED_EDGE('',*,*,#1881,.F.);
#2495=ORIENTED_EDGE('',*,*,#1882,.T.);
#2496=ORIENTED_EDGE('',*,*,#1883,.F.);
#2497=ORIENTED_EDGE('',*,*,#1882,.F.);
#2498=ORIENTED_EDGE('',*,*,#1884,.F.);
#2499=ORIENTED_EDGE('',*,*,#1885,.T.);
#2500=ORIENTED_EDGE('',*,*,#1886,.F.);
#2501=ORIENTED_EDGE('',*,*,#1885,.F.);
#2502=ORIENTED_EDGE('',*,*,#1887,.F.);
#2503=ORIENTED_EDGE('',*,*,#1888,.T.);
#2504=ORIENTED_EDGE('',*,*,#1889,.F.);
#2505=ORIENTED_EDGE('',*,*,#1888,.F.);
#2506=ORIENTED_EDGE('',*,*,#1890,.F.);
#2507=ORIENTED_EDGE('',*,*,#1868,.T.);
#2508=ORIENTED_EDGE('',*,*,#1891,.F.);
#2509=ORIENTED_EDGE('',*,*,#1892,.F.);
#2510=ORIENTED_EDGE('',*,*,#1893,.F.);
#2511=ORIENTED_EDGE('',*,*,#1894,.T.);
#2512=ORIENTED_EDGE('',*,*,#1895,.F.);
#2513=ORIENTED_EDGE('',*,*,#1894,.F.);
#2514=ORIENTED_EDGE('',*,*,#1896,.F.);
#2515=ORIENTED_EDGE('',*,*,#1897,.T.);
#2516=ORIENTED_EDGE('',*,*,#1898,.F.);
#2517=ORIENTED_EDGE('',*,*,#1897,.F.);
#2518=ORIENTED_EDGE('',*,*,#1899,.F.);
#2519=ORIENTED_EDGE('',*,*,#1900,.T.);
#2520=ORIENTED_EDGE('',*,*,#1901,.F.);
#2521=ORIENTED_EDGE('',*,*,#1900,.F.);
#2522=ORIENTED_EDGE('',*,*,#1902,.F.);
#2523=ORIENTED_EDGE('',*,*,#1903,.T.);
#2524=ORIENTED_EDGE('',*,*,#1904,.F.);
#2525=ORIENTED_EDGE('',*,*,#1903,.F.);
#2526=ORIENTED_EDGE('',*,*,#1905,.F.);
#2527=ORIENTED_EDGE('',*,*,#1892,.T.);
#2528=ORIENTED_EDGE('',*,*,#1906,.F.);
#2529=ORIENTED_EDGE('',*,*,#1907,.F.);
#2530=ORIENTED_EDGE('',*,*,#1908,.F.);
#2531=ORIENTED_EDGE('',*,*,#1909,.T.);
#2532=ORIENTED_EDGE('',*,*,#1910,.F.);
#2533=ORIENTED_EDGE('',*,*,#1909,.F.);
#2534=ORIENTED_EDGE('',*,*,#1911,.F.);
#2535=ORIENTED_EDGE('',*,*,#1912,.T.);
#2536=ORIENTED_EDGE('',*,*,#1913,.F.);
#2537=ORIENTED_EDGE('',*,*,#1912,.F.);
#2538=ORIENTED_EDGE('',*,*,#1914,.F.);
#2539=ORIENTED_EDGE('',*,*,#1915,.T.);
#2540=ORIENTED_EDGE('',*,*,#1916,.F.);
#2541=ORIENTED_EDGE('',*,*,#1915,.F.);
#2542=ORIENTED_EDGE('',*,*,#1917,.F.);
#2543=ORIENTED_EDGE('',*,*,#1918,.T.);
#2544=ORIENTED_EDGE('',*,*,#1919,.F.);
#2545=ORIENTED_EDGE('',*,*,#1918,.F.);
#2546=ORIENTED_EDGE('',*,*,#1920,.F.);
#2547=ORIENTED_EDGE('',*,*,#1921,.T.);
#2548=ORIENTED_EDGE('',*,*,#1922,.F.);
#2549=ORIENTED_EDGE('',*,*,#1921,.F.);
#2550=ORIENTED_EDGE('',*,*,#1923,.F.);
#2551=ORIENTED_EDGE('',*,*,#1924,.T.);
#2552=ORIENTED_EDGE('',*,*,#1925,.F.);
#2553=ORIENTED_EDGE('',*,*,#1924,.F.);
#2554=ORIENTED_EDGE('',*,*,#1926,.F.);
#2555=ORIENTED_EDGE('',*,*,#1907,.T.);
#2556=ORIENTED_EDGE('',*,*,#1927,.F.);
#2557=ORIENTED_EDGE('',*,*,#1928,.F.);
#2558=ORIENTED_EDGE('',*,*,#1929,.F.);
#2559=ORIENTED_EDGE('',*,*,#1930,.T.);
#2560=ORIENTED_EDGE('',*,*,#1931,.F.);
#2561=ORIENTED_EDGE('',*,*,#1930,.F.);
#2562=ORIENTED_EDGE('',*,*,#1932,.F.);
#2563=ORIENTED_EDGE('',*,*,#1933,.T.);
#2564=ORIENTED_EDGE('',*,*,#1934,.F.);
#2565=ORIENTED_EDGE('',*,*,#1933,.F.);
#2566=ORIENTED_EDGE('',*,*,#1935,.F.);
#2567=ORIENTED_EDGE('',*,*,#1936,.T.);
#2568=ORIENTED_EDGE('',*,*,#1937,.F.);
#2569=ORIENTED_EDGE('',*,*,#1936,.F.);
#2570=ORIENTED_EDGE('',*,*,#1938,.F.);
#2571=ORIENTED_EDGE('',*,*,#1939,.T.);
#2572=ORIENTED_EDGE('',*,*,#1940,.F.);
#2573=ORIENTED_EDGE('',*,*,#1939,.F.);
#2574=ORIENTED_EDGE('',*,*,#1941,.F.);
#2575=ORIENTED_EDGE('',*,*,#1942,.T.);
#2576=ORIENTED_EDGE('',*,*,#1943,.F.);
#2577=ORIENTED_EDGE('',*,*,#1942,.F.);
#2578=ORIENTED_EDGE('',*,*,#1944,.F.);
#2579=ORIENTED_EDGE('',*,*,#1928,.T.);
#2580=ORIENTED_EDGE('',*,*,#1945,.F.);
#2581=ORIENTED_EDGE('',*,*,#1946,.F.);
#2582=ORIENTED_EDGE('',*,*,#1947,.F.);
#2583=ORIENTED_EDGE('',*,*,#1948,.T.);
#2584=ORIENTED_EDGE('',*,*,#1949,.F.);
#2585=ORIENTED_EDGE('',*,*,#1948,.F.);
#2586=ORIENTED_EDGE('',*,*,#1950,.F.);
#2587=ORIENTED_EDGE('',*,*,#1951,.T.);
#2588=ORIENTED_EDGE('',*,*,#1952,.F.);
#2589=ORIENTED_EDGE('',*,*,#1951,.F.);
#2590=ORIENTED_EDGE('',*,*,#1953,.F.);
#2591=ORIENTED_EDGE('',*,*,#1954,.T.);
#2592=ORIENTED_EDGE('',*,*,#1955,.F.);
#2593=ORIENTED_EDGE('',*,*,#1954,.F.);
#2594=ORIENTED_EDGE('',*,*,#1956,.F.);
#2595=ORIENTED_EDGE('',*,*,#1957,.T.);
#2596=ORIENTED_EDGE('',*,*,#1958,.F.);
#2597=ORIENTED_EDGE('',*,*,#1957,.F.);
#2598=ORIENTED_EDGE('',*,*,#1959,.F.);
#2599=ORIENTED_EDGE('',*,*,#1960,.T.);
#2600=ORIENTED_EDGE('',*,*,#1961,.F.);
#2601=ORIENTED_EDGE('',*,*,#1960,.F.);
#2602=ORIENTED_EDGE('',*,*,#1962,.F.);
#2603=ORIENTED_EDGE('',*,*,#1946,.T.);
#2604=ORIENTED_EDGE('',*,*,#1963,.F.);
#2605=ORIENTED_EDGE('',*,*,#1964,.T.);
#2606=ORIENTED_EDGE('',*,*,#1965,.F.);
#2607=ORIENTED_EDGE('',*,*,#1966,.F.);
#2608=ORIENTED_EDGE('',*,*,#1967,.F.);
#2609=ORIENTED_EDGE('',*,*,#1966,.T.);
#2610=ORIENTED_EDGE('',*,*,#1968,.F.);
#2611=ORIENTED_EDGE('',*,*,#1969,.F.);
#2612=ORIENTED_EDGE('',*,*,#1970,.F.);
#2613=ORIENTED_EDGE('',*,*,#1969,.T.);
#2614=ORIENTED_EDGE('',*,*,#1971,.F.);
#2615=ORIENTED_EDGE('',*,*,#1972,.F.);
#2616=ORIENTED_EDGE('',*,*,#1973,.F.);
#2617=ORIENTED_EDGE('',*,*,#1972,.T.);
#2618=ORIENTED_EDGE('',*,*,#1974,.F.);
#2619=ORIENTED_EDGE('',*,*,#1975,.F.);
#2620=ORIENTED_EDGE('',*,*,#1976,.F.);
#2621=ORIENTED_EDGE('',*,*,#1975,.T.);
#2622=ORIENTED_EDGE('',*,*,#1977,.F.);
#2623=ORIENTED_EDGE('',*,*,#1978,.F.);
#2624=ORIENTED_EDGE('',*,*,#1979,.F.);
#2625=ORIENTED_EDGE('',*,*,#1978,.T.);
#2626=ORIENTED_EDGE('',*,*,#1980,.F.);
#2627=ORIENTED_EDGE('',*,*,#1981,.F.);
#2628=ORIENTED_EDGE('',*,*,#1982,.F.);
#2629=ORIENTED_EDGE('',*,*,#1981,.T.);
#2630=ORIENTED_EDGE('',*,*,#1983,.F.);
#2631=ORIENTED_EDGE('',*,*,#1984,.F.);
#2632=ORIENTED_EDGE('',*,*,#1985,.F.);
#2633=ORIENTED_EDGE('',*,*,#1984,.T.);
#2634=ORIENTED_EDGE('',*,*,#1986,.F.);
#2635=ORIENTED_EDGE('',*,*,#1987,.F.);
#2636=ORIENTED_EDGE('',*,*,#1988,.F.);
#2637=ORIENTED_EDGE('',*,*,#1987,.T.);
#2638=ORIENTED_EDGE('',*,*,#1989,.F.);
#2639=ORIENTED_EDGE('',*,*,#1990,.F.);
#2640=ORIENTED_EDGE('',*,*,#1991,.F.);
#2641=ORIENTED_EDGE('',*,*,#1990,.T.);
#2642=ORIENTED_EDGE('',*,*,#1992,.F.);
#2643=ORIENTED_EDGE('',*,*,#1993,.F.);
#2644=ORIENTED_EDGE('',*,*,#1994,.F.);
#2645=ORIENTED_EDGE('',*,*,#1993,.T.);
#2646=ORIENTED_EDGE('',*,*,#1995,.F.);
#2647=ORIENTED_EDGE('',*,*,#1996,.F.);
#2648=ORIENTED_EDGE('',*,*,#1997,.F.);
#2649=ORIENTED_EDGE('',*,*,#1996,.T.);
#2650=ORIENTED_EDGE('',*,*,#1998,.F.);
#2651=ORIENTED_EDGE('',*,*,#1999,.F.);
#2652=ORIENTED_EDGE('',*,*,#2000,.F.);
#2653=ORIENTED_EDGE('',*,*,#1999,.T.);
#2654=ORIENTED_EDGE('',*,*,#2001,.F.);
#2655=ORIENTED_EDGE('',*,*,#2002,.F.);
#2656=ORIENTED_EDGE('',*,*,#2003,.F.);
#2657=ORIENTED_EDGE('',*,*,#2002,.T.);
#2658=ORIENTED_EDGE('',*,*,#2004,.F.);
#2659=ORIENTED_EDGE('',*,*,#2005,.F.);
#2660=ORIENTED_EDGE('',*,*,#2006,.F.);
#2661=ORIENTED_EDGE('',*,*,#2005,.T.);
#2662=ORIENTED_EDGE('',*,*,#2007,.F.);
#2663=ORIENTED_EDGE('',*,*,#2008,.F.);
#2664=ORIENTED_EDGE('',*,*,#2009,.F.);
#2665=ORIENTED_EDGE('',*,*,#2008,.T.);
#2666=ORIENTED_EDGE('',*,*,#2010,.F.);
#2667=ORIENTED_EDGE('',*,*,#1964,.F.);
#2668=ORIENTED_EDGE('',*,*,#2011,.F.);
#2669=ORIENTED_EDGE('',*,*,#2012,.T.);
#2670=ORIENTED_EDGE('',*,*,#2013,.F.);
#2671=ORIENTED_EDGE('',*,*,#2014,.F.);
#2672=ORIENTED_EDGE('',*,*,#2015,.F.);
#2673=ORIENTED_EDGE('',*,*,#2014,.T.);
#2674=ORIENTED_EDGE('',*,*,#2016,.F.);
#2675=ORIENTED_EDGE('',*,*,#2017,.F.);
#2676=ORIENTED_EDGE('',*,*,#2018,.F.);
#2677=ORIENTED_EDGE('',*,*,#2017,.T.);
#2678=ORIENTED_EDGE('',*,*,#2019,.F.);
#2679=ORIENTED_EDGE('',*,*,#2020,.F.);
#2680=ORIENTED_EDGE('',*,*,#2021,.F.);
#2681=ORIENTED_EDGE('',*,*,#2020,.T.);
#2682=ORIENTED_EDGE('',*,*,#2022,.F.);
#2683=ORIENTED_EDGE('',*,*,#2012,.F.);
#2684=ORIENTED_EDGE('',*,*,#2023,.F.);
#2685=ORIENTED_EDGE('',*,*,#2024,.T.);
#2686=ORIENTED_EDGE('',*,*,#2025,.F.);
#2687=ORIENTED_EDGE('',*,*,#2026,.F.);
#2688=ORIENTED_EDGE('',*,*,#2027,.F.);
#2689=ORIENTED_EDGE('',*,*,#2026,.T.);
#2690=ORIENTED_EDGE('',*,*,#2028,.F.);
#2691=ORIENTED_EDGE('',*,*,#2029,.F.);
#2692=ORIENTED_EDGE('',*,*,#2030,.F.);
#2693=ORIENTED_EDGE('',*,*,#2031,.F.);
#2694=ORIENTED_EDGE('',*,*,#2032,.F.);
#2695=ORIENTED_EDGE('',*,*,#2024,.F.);
#2696=ORIENTED_EDGE('',*,*,#2033,.F.);
#2697=ORIENTED_EDGE('',*,*,#1723,.F.);
#2698=ORIENTED_EDGE('',*,*,#1719,.F.);
#2699=ORIENTED_EDGE('',*,*,#2034,.F.);
#2700=ORIENTED_EDGE('',*,*,#1728,.F.);
#2701=ORIENTED_EDGE('',*,*,#1731,.F.);
#2702=ORIENTED_EDGE('',*,*,#1734,.F.);
#2703=ORIENTED_EDGE('',*,*,#1737,.F.);
#2704=ORIENTED_EDGE('',*,*,#2032,.T.);
#2705=ORIENTED_EDGE('',*,*,#2035,.F.);
#2706=ORIENTED_EDGE('',*,*,#2028,.T.);
#2707=ORIENTED_EDGE('',*,*,#2025,.T.);
#2708=ORIENTED_EDGE('',*,*,#2010,.T.);
#2709=ORIENTED_EDGE('',*,*,#2007,.T.);
#2710=ORIENTED_EDGE('',*,*,#2004,.T.);
#2711=ORIENTED_EDGE('',*,*,#2001,.T.);
#2712=ORIENTED_EDGE('',*,*,#1998,.T.);
#2713=ORIENTED_EDGE('',*,*,#1995,.T.);
#2714=ORIENTED_EDGE('',*,*,#1992,.T.);
#2715=ORIENTED_EDGE('',*,*,#1989,.T.);
#2716=ORIENTED_EDGE('',*,*,#1986,.T.);
#2717=ORIENTED_EDGE('',*,*,#1983,.T.);
#2718=ORIENTED_EDGE('',*,*,#1980,.T.);
#2719=ORIENTED_EDGE('',*,*,#1977,.T.);
#2720=ORIENTED_EDGE('',*,*,#1974,.T.);
#2721=ORIENTED_EDGE('',*,*,#1971,.T.);
#2722=ORIENTED_EDGE('',*,*,#1968,.T.);
#2723=ORIENTED_EDGE('',*,*,#1965,.T.);
#2724=ORIENTED_EDGE('',*,*,#2022,.T.);
#2725=ORIENTED_EDGE('',*,*,#2019,.T.);
#2726=ORIENTED_EDGE('',*,*,#2016,.T.);
#2727=ORIENTED_EDGE('',*,*,#2013,.T.);
#2728=ORIENTED_EDGE('',*,*,#1955,.T.);
#2729=ORIENTED_EDGE('',*,*,#1958,.T.);
#2730=ORIENTED_EDGE('',*,*,#1961,.T.);
#2731=ORIENTED_EDGE('',*,*,#1945,.T.);
#2732=ORIENTED_EDGE('',*,*,#1949,.T.);
#2733=ORIENTED_EDGE('',*,*,#1952,.T.);
#2734=ORIENTED_EDGE('',*,*,#1937,.T.);
#2735=ORIENTED_EDGE('',*,*,#1940,.T.);
#2736=ORIENTED_EDGE('',*,*,#1943,.T.);
#2737=ORIENTED_EDGE('',*,*,#1927,.T.);
#2738=ORIENTED_EDGE('',*,*,#1931,.T.);
#2739=ORIENTED_EDGE('',*,*,#1934,.T.);
#2740=ORIENTED_EDGE('',*,*,#1916,.T.);
#2741=ORIENTED_EDGE('',*,*,#1919,.T.);
#2742=ORIENTED_EDGE('',*,*,#1922,.T.);
#2743=ORIENTED_EDGE('',*,*,#1925,.T.);
#2744=ORIENTED_EDGE('',*,*,#1906,.T.);
#2745=ORIENTED_EDGE('',*,*,#1910,.T.);
#2746=ORIENTED_EDGE('',*,*,#1913,.T.);
#2747=ORIENTED_EDGE('',*,*,#1898,.T.);
#2748=ORIENTED_EDGE('',*,*,#1901,.T.);
#2749=ORIENTED_EDGE('',*,*,#1904,.T.);
#2750=ORIENTED_EDGE('',*,*,#1891,.T.);
#2751=ORIENTED_EDGE('',*,*,#1895,.T.);
#2752=ORIENTED_EDGE('',*,*,#1880,.T.);
#2753=ORIENTED_EDGE('',*,*,#1883,.T.);
#2754=ORIENTED_EDGE('',*,*,#1886,.T.);
#2755=ORIENTED_EDGE('',*,*,#1889,.T.);
#2756=ORIENTED_EDGE('',*,*,#1867,.T.);
#2757=ORIENTED_EDGE('',*,*,#1871,.T.);
#2758=ORIENTED_EDGE('',*,*,#1874,.T.);
#2759=ORIENTED_EDGE('',*,*,#1877,.T.);
#2760=ORIENTED_EDGE('',*,*,#1859,.T.);
#2761=ORIENTED_EDGE('',*,*,#1862,.T.);
#2762=ORIENTED_EDGE('',*,*,#1865,.T.);
#2763=ORIENTED_EDGE('',*,*,#1852,.T.);
#2764=ORIENTED_EDGE('',*,*,#1856,.T.);
#2765=ORIENTED_EDGE('',*,*,#1844,.T.);
#2766=ORIENTED_EDGE('',*,*,#1847,.T.);
#2767=ORIENTED_EDGE('',*,*,#1850,.T.);
#2768=ORIENTED_EDGE('',*,*,#1834,.T.);
#2769=ORIENTED_EDGE('',*,*,#1838,.T.);
#2770=ORIENTED_EDGE('',*,*,#1841,.T.);
#2771=ORIENTED_EDGE('',*,*,#1823,.T.);
#2772=ORIENTED_EDGE('',*,*,#1826,.T.);
#2773=ORIENTED_EDGE('',*,*,#1829,.T.);
#2774=ORIENTED_EDGE('',*,*,#1832,.T.);
#2775=ORIENTED_EDGE('',*,*,#1813,.T.);
#2776=ORIENTED_EDGE('',*,*,#1817,.T.);
#2777=ORIENTED_EDGE('',*,*,#1820,.T.);
#2778=ORIENTED_EDGE('',*,*,#1805,.T.);
#2779=ORIENTED_EDGE('',*,*,#1808,.T.);
#2780=ORIENTED_EDGE('',*,*,#1811,.T.);
#2781=ORIENTED_EDGE('',*,*,#1795,.T.);
#2782=ORIENTED_EDGE('',*,*,#1799,.T.);
#2783=ORIENTED_EDGE('',*,*,#1802,.T.);
#2784=ORIENTED_EDGE('',*,*,#1790,.T.);
#2785=ORIENTED_EDGE('',*,*,#1793,.T.);
#2786=ORIENTED_EDGE('',*,*,#1783,.T.);
#2787=ORIENTED_EDGE('',*,*,#1787,.T.);
#2788=ORIENTED_EDGE('',*,*,#1775,.T.);
#2789=ORIENTED_EDGE('',*,*,#1778,.T.);
#2790=ORIENTED_EDGE('',*,*,#1781,.T.);
#2791=ORIENTED_EDGE('',*,*,#1768,.T.);
#2792=ORIENTED_EDGE('',*,*,#1772,.T.);
#2793=ORIENTED_EDGE('',*,*,#1760,.T.);
#2794=ORIENTED_EDGE('',*,*,#1763,.T.);
#2795=ORIENTED_EDGE('',*,*,#1766,.T.);
#2796=ORIENTED_EDGE('',*,*,#1753,.T.);
#2797=ORIENTED_EDGE('',*,*,#1757,.T.);
#2798=ORIENTED_EDGE('',*,*,#1745,.T.);
#2799=ORIENTED_EDGE('',*,*,#1748,.T.);
#2800=ORIENTED_EDGE('',*,*,#1751,.T.);
#2801=ORIENTED_EDGE('',*,*,#1738,.T.);
#2802=ORIENTED_EDGE('',*,*,#1742,.T.);
#2803=ORIENTED_EDGE('',*,*,#2035,.T.);
#2804=ORIENTED_EDGE('',*,*,#2031,.T.);
#2805=ORIENTED_EDGE('',*,*,#2036,.F.);
#2806=ORIENTED_EDGE('',*,*,#2029,.T.);
#2807=ORIENTED_EDGE('',*,*,#2037,.T.);
#2808=ORIENTED_EDGE('',*,*,#1721,.T.);
#2809=ORIENTED_EDGE('',*,*,#1725,.T.);
#2810=ORIENTED_EDGE('',*,*,#2038,.T.);
#2811=ORIENTED_EDGE('',*,*,#2036,.T.);
#2812=ORIENTED_EDGE('',*,*,#2030,.T.);
#2813=ORIENTED_EDGE('',*,*,#2023,.T.);
#2814=ORIENTED_EDGE('',*,*,#2027,.T.);
#2815=ORIENTED_EDGE('',*,*,#2021,.T.);
#2816=ORIENTED_EDGE('',*,*,#2011,.T.);
#2817=ORIENTED_EDGE('',*,*,#2015,.T.);
#2818=ORIENTED_EDGE('',*,*,#2018,.T.);
#2819=ORIENTED_EDGE('',*,*,#2009,.T.);
#2820=ORIENTED_EDGE('',*,*,#1963,.T.);
#2821=ORIENTED_EDGE('',*,*,#1967,.T.);
#2822=ORIENTED_EDGE('',*,*,#1970,.T.);
#2823=ORIENTED_EDGE('',*,*,#1973,.T.);
#2824=ORIENTED_EDGE('',*,*,#1976,.T.);
#2825=ORIENTED_EDGE('',*,*,#1979,.T.);
#2826=ORIENTED_EDGE('',*,*,#1982,.T.);
#2827=ORIENTED_EDGE('',*,*,#1985,.T.);
#2828=ORIENTED_EDGE('',*,*,#1988,.T.);
#2829=ORIENTED_EDGE('',*,*,#1991,.T.);
#2830=ORIENTED_EDGE('',*,*,#1994,.T.);
#2831=ORIENTED_EDGE('',*,*,#1997,.T.);
#2832=ORIENTED_EDGE('',*,*,#2000,.T.);
#2833=ORIENTED_EDGE('',*,*,#2003,.T.);
#2834=ORIENTED_EDGE('',*,*,#2006,.T.);
#2835=ORIENTED_EDGE('',*,*,#1956,.T.);
#2836=ORIENTED_EDGE('',*,*,#1953,.T.);
#2837=ORIENTED_EDGE('',*,*,#1950,.T.);
#2838=ORIENTED_EDGE('',*,*,#1947,.T.);
#2839=ORIENTED_EDGE('',*,*,#1962,.T.);
#2840=ORIENTED_EDGE('',*,*,#1959,.T.);
#2841=ORIENTED_EDGE('',*,*,#1938,.T.);
#2842=ORIENTED_EDGE('',*,*,#1935,.T.);
#2843=ORIENTED_EDGE('',*,*,#1932,.T.);
#2844=ORIENTED_EDGE('',*,*,#1929,.T.);
#2845=ORIENTED_EDGE('',*,*,#1944,.T.);
#2846=ORIENTED_EDGE('',*,*,#1941,.T.);
#2847=ORIENTED_EDGE('',*,*,#1917,.T.);
#2848=ORIENTED_EDGE('',*,*,#1914,.T.);
#2849=ORIENTED_EDGE('',*,*,#1911,.T.);
#2850=ORIENTED_EDGE('',*,*,#1908,.T.);
#2851=ORIENTED_EDGE('',*,*,#1926,.T.);
#2852=ORIENTED_EDGE('',*,*,#1923,.T.);
#2853=ORIENTED_EDGE('',*,*,#1920,.T.);
#2854=ORIENTED_EDGE('',*,*,#1899,.T.);
#2855=ORIENTED_EDGE('',*,*,#1896,.T.);
#2856=ORIENTED_EDGE('',*,*,#1893,.T.);
#2857=ORIENTED_EDGE('',*,*,#1905,.T.);
#2858=ORIENTED_EDGE('',*,*,#1902,.T.);
#2859=ORIENTED_EDGE('',*,*,#1881,.T.);
#2860=ORIENTED_EDGE('',*,*,#1878,.T.);
#2861=ORIENTED_EDGE('',*,*,#1875,.T.);
#2862=ORIENTED_EDGE('',*,*,#1872,.T.);
#2863=ORIENTED_EDGE('',*,*,#1869,.T.);
#2864=ORIENTED_EDGE('',*,*,#1890,.T.);
#2865=ORIENTED_EDGE('',*,*,#1887,.T.);
#2866=ORIENTED_EDGE('',*,*,#1884,.T.);
#2867=ORIENTED_EDGE('',*,*,#1860,.T.);
#2868=ORIENTED_EDGE('',*,*,#1857,.T.);
#2869=ORIENTED_EDGE('',*,*,#1854,.T.);
#2870=ORIENTED_EDGE('',*,*,#1866,.T.);
#2871=ORIENTED_EDGE('',*,*,#1863,.T.);
#2872=ORIENTED_EDGE('',*,*,#1845,.T.);
#2873=ORIENTED_EDGE('',*,*,#1842,.T.);
#2874=ORIENTED_EDGE('',*,*,#1839,.T.);
#2875=ORIENTED_EDGE('',*,*,#1836,.T.);
#2876=ORIENTED_EDGE('',*,*,#1851,.T.);
#2877=ORIENTED_EDGE('',*,*,#1848,.T.);
#2878=ORIENTED_EDGE('',*,*,#1824,.T.);
#2879=ORIENTED_EDGE('',*,*,#1821,.T.);
#2880=ORIENTED_EDGE('',*,*,#1818,.T.);
#2881=ORIENTED_EDGE('',*,*,#1815,.T.);
#2882=ORIENTED_EDGE('',*,*,#1833,.T.);
#2883=ORIENTED_EDGE('',*,*,#1830,.T.);
#2884=ORIENTED_EDGE('',*,*,#1827,.T.);
#2885=ORIENTED_EDGE('',*,*,#1806,.T.);
#2886=ORIENTED_EDGE('',*,*,#1803,.T.);
#2887=ORIENTED_EDGE('',*,*,#1800,.T.);
#2888=ORIENTED_EDGE('',*,*,#1797,.T.);
#2889=ORIENTED_EDGE('',*,*,#1812,.T.);
#2890=ORIENTED_EDGE('',*,*,#1809,.T.);
#2891=ORIENTED_EDGE('',*,*,#1791,.T.);
#2892=ORIENTED_EDGE('',*,*,#1788,.T.);
#2893=ORIENTED_EDGE('',*,*,#1785,.T.);
#2894=ORIENTED_EDGE('',*,*,#1794,.T.);
#2895=ORIENTED_EDGE('',*,*,#1776,.T.);
#2896=ORIENTED_EDGE('',*,*,#1773,.T.);
#2897=ORIENTED_EDGE('',*,*,#1770,.T.);
#2898=ORIENTED_EDGE('',*,*,#1782,.T.);
#2899=ORIENTED_EDGE('',*,*,#1779,.T.);
#2900=ORIENTED_EDGE('',*,*,#1761,.T.);
#2901=ORIENTED_EDGE('',*,*,#1758,.T.);
#2902=ORIENTED_EDGE('',*,*,#1755,.T.);
#2903=ORIENTED_EDGE('',*,*,#1767,.T.);
#2904=ORIENTED_EDGE('',*,*,#1764,.T.);
#2905=ORIENTED_EDGE('',*,*,#1746,.T.);
#2906=ORIENTED_EDGE('',*,*,#1743,.T.);
#2907=ORIENTED_EDGE('',*,*,#1740,.T.);
#2908=ORIENTED_EDGE('',*,*,#1752,.T.);
#2909=ORIENTED_EDGE('',*,*,#1749,.T.);
#2910=ORIENTED_EDGE('',*,*,#1735,.T.);
#2911=ORIENTED_EDGE('',*,*,#1732,.T.);
#2912=ORIENTED_EDGE('',*,*,#1729,.T.);
#2913=ORIENTED_EDGE('',*,*,#1726,.T.);
#2914=ORIENTED_EDGE('',*,*,#2033,.T.);
#2915=ORIENTED_EDGE('',*,*,#2039,.T.);
#2916=ORIENTED_EDGE('',*,*,#2038,.F.);
#2917=ORIENTED_EDGE('',*,*,#1724,.F.);
#2918=ORIENTED_EDGE('',*,*,#2034,.T.);
#2919=ORIENTED_EDGE('',*,*,#1722,.T.);
#2920=ORIENTED_EDGE('',*,*,#2037,.F.);
#2921=ORIENTED_EDGE('',*,*,#2039,.F.);
#2922=PLANE('',#3227);
#2923=PLANE('',#3228);
#2924=PLANE('',#3229);
#2925=PLANE('',#3230);
#2926=PLANE('',#3231);
#2927=PLANE('',#3232);
#2928=PLANE('',#3233);
#2929=PLANE('',#3234);
#2930=PLANE('',#3235);
#2931=PLANE('',#3236);
#2932=PLANE('',#3237);
#2933=PLANE('',#3250);
#2934=PLANE('',#3251);
#2935=PLANE('',#3252);
#2936=PLANE('',#3253);
#2937=PLANE('',#3254);
#2938=PLANE('',#3255);
#2939=PLANE('',#3256);
#2940=PLANE('',#3257);
#2941=PLANE('',#3258);
#2942=PLANE('',#3259);
#2943=PLANE('',#3260);
#2944=PLANE('',#3261);
#2945=PLANE('',#3262);
#2946=PLANE('',#3263);
#2947=PLANE('',#3264);
#2948=PLANE('',#3265);
#2949=PLANE('',#3266);
#2950=PLANE('',#3267);
#2951=PLANE('',#3268);
#2952=PLANE('',#3269);
#2953=PLANE('',#3270);
#2954=PLANE('',#3271);
#2955=PLANE('',#3272);
#2956=PLANE('',#3273);
#2957=PLANE('',#3274);
#2958=PLANE('',#3275);
#2959=PLANE('',#3276);
#2960=PLANE('',#3277);
#2961=PLANE('',#3278);
#2962=PLANE('',#3279);
#2963=PLANE('',#3280);
#2964=PLANE('',#3281);
#2965=PLANE('',#3282);
#2966=PLANE('',#3295);
#2967=PLANE('',#3296);
#2968=PLANE('',#3297);
#2969=PLANE('',#3298);
#2970=PLANE('',#3299);
#2971=PLANE('',#3300);
#2972=PLANE('',#3301);
#2973=PLANE('',#3302);
#2974=PLANE('',#3303);
#2975=PLANE('',#3304);
#2976=PLANE('',#3305);
#2977=PLANE('',#3306);
#2978=PLANE('',#3307);
#2979=PLANE('',#3308);
#2980=PLANE('',#3309);
#2981=PLANE('',#3310);
#2982=PLANE('',#3311);
#2983=PLANE('',#3312);
#2984=PLANE('',#3313);
#2985=PLANE('',#3314);
#2986=PLANE('',#3315);
#2987=PLANE('',#3316);
#2988=PLANE('',#3317);
#2989=PLANE('',#3318);
#2990=PLANE('',#3319);
#2991=PLANE('',#3320);
#2992=PLANE('',#3321);
#2993=PLANE('',#3322);
#2994=PLANE('',#3323);
#2995=PLANE('',#3324);
#2996=PLANE('',#3325);
#2997=PLANE('',#3326);
#2998=PLANE('',#3327);
#2999=PLANE('',#3328);
#3000=PLANE('',#3329);
#3001=PLANE('',#3330);
#3002=PLANE('',#3331);
#3003=PLANE('',#3332);
#3004=PLANE('',#3333);
#3005=PLANE('',#3334);
#3006=PLANE('',#3335);
#3007=PLANE('',#3336);
#3008=PLANE('',#3337);
#3009=PLANE('',#3338);
#3010=PLANE('',#3339);
#3011=PLANE('',#3340);
#3012=PLANE('',#3341);
#3013=PLANE('',#3342);
#3014=PLANE('',#3343);
#3015=PLANE('',#3344);
#3016=PLANE('',#3345);
#3017=PLANE('',#3346);
#3018=PLANE('',#3347);
#3019=PLANE('',#3348);
#3020=PLANE('',#3349);
#3021=PLANE('',#3350);
#3022=PLANE('',#3351);
#3023=PLANE('',#3352);
#3024=PLANE('',#3353);
#3025=PLANE('',#3354);
#3026=PLANE('',#3355);
#3027=PLANE('',#3356);
#3028=PLANE('',#3357);
#3029=PLANE('',#3358);
#3030=PLANE('',#3359);
#3031=PLANE('',#3360);
#3032=PLANE('',#3361);
#3033=PLANE('',#3362);
#3034=PLANE('',#3363);
#3035=PLANE('',#3364);
#3036=PLANE('',#3365);
#3037=PLANE('',#3366);
#3038=PLANE('',#3367);
#3039=PLANE('',#3368);
#3040=PLANE('',#3369);
#3041=PLANE('',#3370);
#3042=PLANE('',#3371);
#3043=PLANE('',#3372);
#3044=PLANE('',#3373);
#3045=PLANE('',#3374);
#3046=PLANE('',#3375);
#3047=PLANE('',#3376);
#3048=PLANE('',#3377);
#3049=PLANE('',#3378);
#3050=PLANE('',#3379);
#3051=PLANE('',#3380);
#3052=PLANE('',#3381);
#3053=PLANE('',#3382);
#3054=PLANE('',#3383);
#3055=PLANE('',#3384);
#3056=PLANE('',#3385);
#3057=PLANE('',#3386);
#3058=PLANE('',#3387);
#3059=PLANE('',#3388);
#3060=PLANE('',#3389);
#3061=PLANE('',#3390);
#3062=PLANE('',#3391);
#3063=PLANE('',#3392);
#3064=PLANE('',#3393);
#3065=PLANE('',#3394);
#3066=PLANE('',#3395);
#3067=PLANE('',#3396);
#3068=PLANE('',#3397);
#3069=ADVANCED_FACE('',(#93),#2922,.F.);
#3070=ADVANCED_FACE('',(#94),#2923,.F.);
#3071=ADVANCED_FACE('',(#95),#2924,.F.);
#3072=ADVANCED_FACE('',(#96),#2925,.T.);
#3073=ADVANCED_FACE('',(#97,#41,#42,#43,#44),#2926,.F.);
#3074=ADVANCED_FACE('',(#98),#2927,.T.);
#3075=ADVANCED_FACE('',(#99),#2928,.T.);
#3076=ADVANCED_FACE('',(#100),#2929,.T.);
#3077=ADVANCED_FACE('',(#101),#2930,.T.);
#3078=ADVANCED_FACE('',(#102),#2931,.T.);
#3079=ADVANCED_FACE('',(#103),#2932,.T.);
#3080=ADVANCED_FACE('',(#104),#33,.F.);
#3081=ADVANCED_FACE('',(#105),#34,.F.);
#3082=ADVANCED_FACE('',(#106),#35,.F.);
#3083=ADVANCED_FACE('',(#107),#36,.F.);
#3084=ADVANCED_FACE('',(#108,#45),#2933,.F.);
#3085=ADVANCED_FACE('',(#109),#2934,.F.);
#3086=ADVANCED_FACE('',(#110),#2935,.F.);
#3087=ADVANCED_FACE('',(#111),#2936,.F.);
#3088=ADVANCED_FACE('',(#112),#2937,.F.);
#3089=ADVANCED_FACE('',(#113),#2938,.F.);
#3090=ADVANCED_FACE('',(#114),#2939,.F.);
#3091=ADVANCED_FACE('',(#115,#46),#2940,.F.);
#3092=ADVANCED_FACE('',(#116),#2941,.F.);
#3093=ADVANCED_FACE('',(#117),#2942,.F.);
#3094=ADVANCED_FACE('',(#118),#2943,.F.);
#3095=ADVANCED_FACE('',(#119),#2944,.F.);
#3096=ADVANCED_FACE('',(#120),#2945,.F.);
#3097=ADVANCED_FACE('',(#121),#2946,.F.);
#3098=ADVANCED_FACE('',(#122,#47),#2947,.F.);
#3099=ADVANCED_FACE('',(#123),#2948,.F.);
#3100=ADVANCED_FACE('',(#124),#2949,.F.);
#3101=ADVANCED_FACE('',(#125),#2950,.F.);
#3102=ADVANCED_FACE('',(#126),#2951,.F.);
#3103=ADVANCED_FACE('',(#127),#2952,.F.);
#3104=ADVANCED_FACE('',(#128),#2953,.F.);
#3105=ADVANCED_FACE('',(#129,#48),#2954,.F.);
#3106=ADVANCED_FACE('',(#130),#2955,.F.);
#3107=ADVANCED_FACE('',(#131),#2956,.F.);
#3108=ADVANCED_FACE('',(#132),#2957,.F.);
#3109=ADVANCED_FACE('',(#133),#2958,.F.);
#3110=ADVANCED_FACE('',(#134),#2959,.F.);
#3111=ADVANCED_FACE('',(#135),#2960,.F.);
#3112=ADVANCED_FACE('',(#136,#49,#50,#51,#52),#2961,.T.);
#3113=ADVANCED_FACE('',(#137),#2962,.T.);
#3114=ADVANCED_FACE('',(#138),#2963,.T.);
#3115=ADVANCED_FACE('',(#139),#2964,.T.);
#3116=ADVANCED_FACE('',(#140),#2965,.T.);
#3117=ADVANCED_FACE('',(#141),#37,.F.);
#3118=ADVANCED_FACE('',(#142),#38,.F.);
#3119=ADVANCED_FACE('',(#143),#39,.F.);
#3120=ADVANCED_FACE('',(#144),#40,.F.);
#3121=ADVANCED_FACE('',(#145),#2966,.F.);
#3122=ADVANCED_FACE('',(#146),#2967,.F.);
#3123=ADVANCED_FACE('',(#147),#2968,.F.);
#3124=ADVANCED_FACE('',(#148),#2969,.F.);
#3125=ADVANCED_FACE('',(#149),#2970,.F.);
#3126=ADVANCED_FACE('',(#150),#2971,.F.);
#3127=ADVANCED_FACE('',(#151),#2972,.F.);
#3128=ADVANCED_FACE('',(#152),#2973,.F.);
#3129=ADVANCED_FACE('',(#153),#2974,.F.);
#3130=ADVANCED_FACE('',(#154),#2975,.F.);
#3131=ADVANCED_FACE('',(#155),#2976,.F.);
#3132=ADVANCED_FACE('',(#156),#2977,.F.);
#3133=ADVANCED_FACE('',(#157),#2978,.F.);
#3134=ADVANCED_FACE('',(#158),#2979,.F.);
#3135=ADVANCED_FACE('',(#159),#2980,.F.);
#3136=ADVANCED_FACE('',(#160),#2981,.F.);
#3137=ADVANCED_FACE('',(#161),#2982,.F.);
#3138=ADVANCED_FACE('',(#162),#2983,.F.);
#3139=ADVANCED_FACE('',(#163),#2984,.F.);
#3140=ADVANCED_FACE('',(#164),#2985,.F.);
#3141=ADVANCED_FACE('',(#165),#2986,.F.);
#3142=ADVANCED_FACE('',(#166),#2987,.F.);
#3143=ADVANCED_FACE('',(#167),#2988,.F.);
#3144=ADVANCED_FACE('',(#168),#2989,.F.);
#3145=ADVANCED_FACE('',(#169),#2990,.F.);
#3146=ADVANCED_FACE('',(#170),#2991,.F.);
#3147=ADVANCED_FACE('',(#171),#2992,.F.);
#3148=ADVANCED_FACE('',(#172),#2993,.F.);
#3149=ADVANCED_FACE('',(#173),#2994,.F.);
#3150=ADVANCED_FACE('',(#174),#2995,.F.);
#3151=ADVANCED_FACE('',(#175),#2996,.F.);
#3152=ADVANCED_FACE('',(#176),#2997,.F.);
#3153=ADVANCED_FACE('',(#177),#2998,.F.);
#3154=ADVANCED_FACE('',(#178),#2999,.F.);
#3155=ADVANCED_FACE('',(#179),#3000,.F.);
#3156=ADVANCED_FACE('',(#180),#3001,.F.);
#3157=ADVANCED_FACE('',(#181),#3002,.F.);
#3158=ADVANCED_FACE('',(#182),#3003,.F.);
#3159=ADVANCED_FACE('',(#183),#3004,.F.);
#3160=ADVANCED_FACE('',(#184),#3005,.F.);
#3161=ADVANCED_FACE('',(#185),#3006,.F.);
#3162=ADVANCED_FACE('',(#186),#3007,.F.);
#3163=ADVANCED_FACE('',(#187),#3008,.F.);
#3164=ADVANCED_FACE('',(#188),#3009,.F.);
#3165=ADVANCED_FACE('',(#189),#3010,.F.);
#3166=ADVANCED_FACE('',(#190),#3011,.F.);
#3167=ADVANCED_FACE('',(#191),#3012,.F.);
#3168=ADVANCED_FACE('',(#192),#3013,.F.);
#3169=ADVANCED_FACE('',(#193),#3014,.F.);
#3170=ADVANCED_FACE('',(#194),#3015,.F.);
#3171=ADVANCED_FACE('',(#195),#3016,.F.);
#3172=ADVANCED_FACE('',(#196),#3017,.F.);
#3173=ADVANCED_FACE('',(#197),#3018,.F.);
#3174=ADVANCED_FACE('',(#198),#3019,.F.);
#3175=ADVANCED_FACE('',(#199),#3020,.F.);
#3176=ADVANCED_FACE('',(#200),#3021,.F.);
#3177=ADVANCED_FACE('',(#201),#3022,.F.);
#3178=ADVANCED_FACE('',(#202),#3023,.F.);
#3179=ADVANCED_FACE('',(#203),#3024,.F.);
#3180=ADVANCED_FACE('',(#204),#3025,.F.);
#3181=ADVANCED_FACE('',(#205),#3026,.F.);
#3182=ADVANCED_FACE('',(#206),#3027,.F.);
#3183=ADVANCED_FACE('',(#207),#3028,.F.);
#3184=ADVANCED_FACE('',(#208),#3029,.F.);
#3185=ADVANCED_FACE('',(#209),#3030,.F.);
#3186=ADVANCED_FACE('',(#210),#3031,.F.);
#3187=ADVANCED_FACE('',(#211),#3032,.F.);
#3188=ADVANCED_FACE('',(#212),#3033,.F.);
#3189=ADVANCED_FACE('',(#213),#3034,.F.);
#3190=ADVANCED_FACE('',(#214),#3035,.F.);
#3191=ADVANCED_FACE('',(#215),#3036,.F.);
#3192=ADVANCED_FACE('',(#216),#3037,.F.);
#3193=ADVANCED_FACE('',(#217),#3038,.F.);
#3194=ADVANCED_FACE('',(#218),#3039,.F.);
#3195=ADVANCED_FACE('',(#219),#3040,.F.);
#3196=ADVANCED_FACE('',(#220),#3041,.T.);
#3197=ADVANCED_FACE('',(#221),#3042,.T.);
#3198=ADVANCED_FACE('',(#222),#3043,.T.);
#3199=ADVANCED_FACE('',(#223),#3044,.T.);
#3200=ADVANCED_FACE('',(#224),#3045,.T.);
#3201=ADVANCED_FACE('',(#225),#3046,.T.);
#3202=ADVANCED_FACE('',(#226),#3047,.T.);
#3203=ADVANCED_FACE('',(#227),#3048,.T.);
#3204=ADVANCED_FACE('',(#228),#3049,.T.);
#3205=ADVANCED_FACE('',(#229),#3050,.T.);
#3206=ADVANCED_FACE('',(#230),#3051,.T.);
#3207=ADVANCED_FACE('',(#231),#3052,.T.);
#3208=ADVANCED_FACE('',(#232),#3053,.T.);
#3209=ADVANCED_FACE('',(#233),#3054,.T.);
#3210=ADVANCED_FACE('',(#234),#3055,.T.);
#3211=ADVANCED_FACE('',(#235),#3056,.T.);
#3212=ADVANCED_FACE('',(#236),#3057,.T.);
#3213=ADVANCED_FACE('',(#237),#3058,.T.);
#3214=ADVANCED_FACE('',(#238),#3059,.T.);
#3215=ADVANCED_FACE('',(#239),#3060,.T.);
#3216=ADVANCED_FACE('',(#240),#3061,.T.);
#3217=ADVANCED_FACE('',(#241),#3062,.T.);
#3218=ADVANCED_FACE('',(#242),#3063,.T.);
#3219=ADVANCED_FACE('',(#243,#53,#54,#55,#56,#57,#58,#59,#60,#61,#62,#63,
#64,#65,#66,#67,#68,#69,#70,#71,#72),#3064,.T.);
#3220=ADVANCED_FACE('',(#244),#3065,.T.);
#3221=ADVANCED_FACE('',(#245,#73,#74,#75,#76,#77,#78,#79,#80,#81,#82,#83,
#84,#85,#86,#87,#88,#89,#90,#91,#92),#3066,.T.);
#3222=ADVANCED_FACE('',(#246),#3067,.T.);
#3223=ADVANCED_FACE('',(#247),#3068,.T.);
#3224=CLOSED_SHELL('',(#3069,#3070,#3071,#3072,#3073,#3074,#3075,#3076,
#3077,#3078,#3079,#3080,#3081,#3082,#3083,#3084,#3085,#3086,#3087,#3088,
#3089,#3090,#3091,#3092,#3093,#3094,#3095,#3096,#3097,#3098,#3099,#3100,
#3101,#3102,#3103,#3104,#3105,#3106,#3107,#3108,#3109,#3110,#3111,#3112,
#3113,#3114));
#3225=CLOSED_SHELL('',(#3115,#3116,#3117,#3118,#3119,#3120,#3121,#3122,
#3123,#3124,#3125,#3126,#3127,#3128,#3129,#3130,#3131,#3132,#3133,#3134,
#3135,#3136,#3137,#3138,#3139,#3140,#3141,#3142,#3143,#3144,#3145,#3146,
#3147,#3148,#3149,#3150,#3151,#3152,#3153,#3154,#3155,#3156,#3157,#3158,
#3159,#3160,#3161,#3162,#3163,#3164,#3165,#3166,#3167,#3168,#3169,#3170,
#3171,#3172,#3173,#3174,#3175,#3176,#3177,#3178,#3179,#3180,#3181,#3182,
#3183,#3184,#3185,#3186,#3187,#3188,#3189,#3190,#3191,#3192,#3193,#3194,
#3195,#3196,#3197,#3198,#3199,#3200,#3201,#3202,#3203,#3204,#3205,#3206,
#3207,#3208,#3209,#3210,#3211,#3212,#3213,#3214,#3215,#3216,#3217,#3218,
#3219,#3220,#3221,#3222,#3223));
#3226=AXIS2_PLACEMENT_3D('',#4167,#3398,#3399);
#3227=AXIS2_PLACEMENT_3D('',#4168,#3400,#3401);
#3228=AXIS2_PLACEMENT_3D('',#4177,#3406,#3407);
#3229=AXIS2_PLACEMENT_3D('',#4186,#3412,#3413);
#3230=AXIS2_PLACEMENT_3D('',#4189,#3416,#3417);
#3231=AXIS2_PLACEMENT_3D('',#4199,#3423,#3424);
#3232=AXIS2_PLACEMENT_3D('',#4256,#3453,#3454);
#3233=AXIS2_PLACEMENT_3D('',#4262,#3458,#3459);
#3234=AXIS2_PLACEMENT_3D('',#4268,#3463,#3464);
#3235=AXIS2_PLACEMENT_3D('',#4272,#3467,#3468);
#3236=AXIS2_PLACEMENT_3D('',#4276,#3471,#3472);
#3237=AXIS2_PLACEMENT_3D('',#4280,#3475,#3476);
#3238=AXIS2_PLACEMENT_3D('',#4282,#3478,#3479);
#3239=AXIS2_PLACEMENT_3D('',#4284,#3480,#3481);
#3240=AXIS2_PLACEMENT_3D('',#4287,#3483,#3484);
#3241=AXIS2_PLACEMENT_3D('',#4288,#3485,#3486);
#3242=AXIS2_PLACEMENT_3D('',#4290,#3487,#3488);
#3243=AXIS2_PLACEMENT_3D('',#4293,#3490,#3491);
#3244=AXIS2_PLACEMENT_3D('',#4294,#3492,#3493);
#3245=AXIS2_PLACEMENT_3D('',#4296,#3494,#3495);
#3246=AXIS2_PLACEMENT_3D('',#4299,#3497,#3498);
#3247=AXIS2_PLACEMENT_3D('',#4300,#3499,#3500);
#3248=AXIS2_PLACEMENT_3D('',#4302,#3501,#3502);
#3249=AXIS2_PLACEMENT_3D('',#4305,#3504,#3505);
#3250=AXIS2_PLACEMENT_3D('',#4306,#3506,#3507);
#3251=AXIS2_PLACEMENT_3D('',#4319,#3514,#3515);
#3252=AXIS2_PLACEMENT_3D('',#4322,#3518,#3519);
#3253=AXIS2_PLACEMENT_3D('',#4324,#3521,#3522);
#3254=AXIS2_PLACEMENT_3D('',#4326,#3524,#3525);
#3255=AXIS2_PLACEMENT_3D('',#4328,#3527,#3528);
#3256=AXIS2_PLACEMENT_3D('',#4330,#3530,#3531);
#3257=AXIS2_PLACEMENT_3D('',#4331,#3532,#3533);
#3258=AXIS2_PLACEMENT_3D('',#4344,#3540,#3541);
#3259=AXIS2_PLACEMENT_3D('',#4347,#3544,#3545);
#3260=AXIS2_PLACEMENT_3D('',#4349,#3547,#3548);
#3261=AXIS2_PLACEMENT_3D('',#4351,#3550,#3551);
#3262=AXIS2_PLACEMENT_3D('',#4353,#3553,#3554);
#3263=AXIS2_PLACEMENT_3D('',#4355,#3556,#3557);
#3264=AXIS2_PLACEMENT_3D('',#4356,#3558,#3559);
#3265=AXIS2_PLACEMENT_3D('',#4369,#3566,#3567);
#3266=AXIS2_PLACEMENT_3D('',#4372,#3570,#3571);
#3267=AXIS2_PLACEMENT_3D('',#4374,#3573,#3574);
#3268=AXIS2_PLACEMENT_3D('',#4376,#3576,#3577);
#3269=AXIS2_PLACEMENT_3D('',#4378,#3579,#3580);
#3270=AXIS2_PLACEMENT_3D('',#4380,#3582,#3583);
#3271=AXIS2_PLACEMENT_3D('',#4381,#3584,#3585);
#3272=AXIS2_PLACEMENT_3D('',#4394,#3592,#3593);
#3273=AXIS2_PLACEMENT_3D('',#4397,#3596,#3597);
#3274=AXIS2_PLACEMENT_3D('',#4399,#3599,#3600);
#3275=AXIS2_PLACEMENT_3D('',#4401,#3602,#3603);
#3276=AXIS2_PLACEMENT_3D('',#4403,#3605,#3606);
#3277=AXIS2_PLACEMENT_3D('',#4405,#3608,#3609);
#3278=AXIS2_PLACEMENT_3D('',#4406,#3610,#3611);
#3279=AXIS2_PLACEMENT_3D('',#4411,#3615,#3616);
#3280=AXIS2_PLACEMENT_3D('',#4413,#3618,#3619);
#3281=AXIS2_PLACEMENT_3D('',#4414,#3620,#3621);
#3282=AXIS2_PLACEMENT_3D('',#4423,#3626,#3627);
#3283=AXIS2_PLACEMENT_3D('',#4429,#3631,#3632);
#3284=AXIS2_PLACEMENT_3D('',#4431,#3633,#3634);
#3285=AXIS2_PLACEMENT_3D('',#4434,#3636,#3637);
#3286=AXIS2_PLACEMENT_3D('',#4435,#3638,#3639);
#3287=AXIS2_PLACEMENT_3D('',#4437,#3640,#3641);
#3288=AXIS2_PLACEMENT_3D('',#4440,#3643,#3644);
#3289=AXIS2_PLACEMENT_3D('',#4441,#3645,#3646);
#3290=AXIS2_PLACEMENT_3D('',#4443,#3647,#3648);
#3291=AXIS2_PLACEMENT_3D('',#4446,#3650,#3651);
#3292=AXIS2_PLACEMENT_3D('',#4447,#3652,#3653);
#3293=AXIS2_PLACEMENT_3D('',#4449,#3654,#3655);
#3294=AXIS2_PLACEMENT_3D('',#4452,#3657,#3658);
#3295=AXIS2_PLACEMENT_3D('',#4453,#3659,#3660);
#3296=AXIS2_PLACEMENT_3D('',#4462,#3665,#3666);
#3297=AXIS2_PLACEMENT_3D('',#4468,#3670,#3671);
#3298=AXIS2_PLACEMENT_3D('',#4474,#3675,#3676);
#3299=AXIS2_PLACEMENT_3D('',#4480,#3680,#3681);
#3300=AXIS2_PLACEMENT_3D('',#4483,#3684,#3685);
#3301=AXIS2_PLACEMENT_3D('',#4492,#3690,#3691);
#3302=AXIS2_PLACEMENT_3D('',#4498,#3695,#3696);
#3303=AXIS2_PLACEMENT_3D('',#4504,#3700,#3701);
#3304=AXIS2_PLACEMENT_3D('',#4510,#3705,#3706);
#3305=AXIS2_PLACEMENT_3D('',#4513,#3709,#3710);
#3306=AXIS2_PLACEMENT_3D('',#4522,#3715,#3716);
#3307=AXIS2_PLACEMENT_3D('',#4528,#3720,#3721);
#3308=AXIS2_PLACEMENT_3D('',#4534,#3725,#3726);
#3309=AXIS2_PLACEMENT_3D('',#4540,#3730,#3731);
#3310=AXIS2_PLACEMENT_3D('',#4543,#3734,#3735);
#3311=AXIS2_PLACEMENT_3D('',#4552,#3740,#3741);
#3312=AXIS2_PLACEMENT_3D('',#4558,#3745,#3746);
#3313=AXIS2_PLACEMENT_3D('',#4564,#3750,#3751);
#3314=AXIS2_PLACEMENT_3D('',#4567,#3754,#3755);
#3315=AXIS2_PLACEMENT_3D('',#4576,#3760,#3761);
#3316=AXIS2_PLACEMENT_3D('',#4582,#3765,#3766);
#3317=AXIS2_PLACEMENT_3D('',#4588,#3770,#3771);
#3318=AXIS2_PLACEMENT_3D('',#4594,#3775,#3776);
#3319=AXIS2_PLACEMENT_3D('',#4600,#3780,#3781);
#3320=AXIS2_PLACEMENT_3D('',#4603,#3784,#3785);
#3321=AXIS2_PLACEMENT_3D('',#4612,#3790,#3791);
#3322=AXIS2_PLACEMENT_3D('',#4618,#3795,#3796);
#3323=AXIS2_PLACEMENT_3D('',#4624,#3800,#3801);
#3324=AXIS2_PLACEMENT_3D('',#4630,#3805,#3806);
#3325=AXIS2_PLACEMENT_3D('',#4636,#3810,#3811);
#3326=AXIS2_PLACEMENT_3D('',#4642,#3815,#3816);
#3327=AXIS2_PLACEMENT_3D('',#4645,#3819,#3820);
#3328=AXIS2_PLACEMENT_3D('',#4654,#3825,#3826);
#3329=AXIS2_PLACEMENT_3D('',#4660,#3830,#3831);
#3330=AXIS2_PLACEMENT_3D('',#4666,#3835,#3836);
#3331=AXIS2_PLACEMENT_3D('',#4672,#3840,#3841);
#3332=AXIS2_PLACEMENT_3D('',#4678,#3845,#3846);
#3333=AXIS2_PLACEMENT_3D('',#4681,#3849,#3850);
#3334=AXIS2_PLACEMENT_3D('',#4690,#3855,#3856);
#3335=AXIS2_PLACEMENT_3D('',#4696,#3860,#3861);
#3336=AXIS2_PLACEMENT_3D('',#4702,#3865,#3866);
#3337=AXIS2_PLACEMENT_3D('',#4708,#3870,#3871);
#3338=AXIS2_PLACEMENT_3D('',#4711,#3874,#3875);
#3339=AXIS2_PLACEMENT_3D('',#4720,#3880,#3881);
#3340=AXIS2_PLACEMENT_3D('',#4726,#3885,#3886);
#3341=AXIS2_PLACEMENT_3D('',#4732,#3890,#3891);
#3342=AXIS2_PLACEMENT_3D('',#4738,#3895,#3896);
#3343=AXIS2_PLACEMENT_3D('',#4744,#3900,#3901);
#3344=AXIS2_PLACEMENT_3D('',#4750,#3905,#3906);
#3345=AXIS2_PLACEMENT_3D('',#4756,#3910,#3911);
#3346=AXIS2_PLACEMENT_3D('',#4759,#3914,#3915);
#3347=AXIS2_PLACEMENT_3D('',#4768,#3920,#3921);
#3348=AXIS2_PLACEMENT_3D('',#4774,#3925,#3926);
#3349=AXIS2_PLACEMENT_3D('',#4780,#3930,#3931);
#3350=AXIS2_PLACEMENT_3D('',#4786,#3935,#3936);
#3351=AXIS2_PLACEMENT_3D('',#4789,#3939,#3940);
#3352=AXIS2_PLACEMENT_3D('',#4798,#3945,#3946);
#3353=AXIS2_PLACEMENT_3D('',#4804,#3950,#3951);
#3354=AXIS2_PLACEMENT_3D('',#4810,#3955,#3956);
#3355=AXIS2_PLACEMENT_3D('',#4816,#3960,#3961);
#3356=AXIS2_PLACEMENT_3D('',#4822,#3965,#3966);
#3357=AXIS2_PLACEMENT_3D('',#4828,#3970,#3971);
#3358=AXIS2_PLACEMENT_3D('',#4831,#3974,#3975);
#3359=AXIS2_PLACEMENT_3D('',#4840,#3980,#3981);
#3360=AXIS2_PLACEMENT_3D('',#4846,#3985,#3986);
#3361=AXIS2_PLACEMENT_3D('',#4852,#3990,#3991);
#3362=AXIS2_PLACEMENT_3D('',#4858,#3995,#3996);
#3363=AXIS2_PLACEMENT_3D('',#4864,#4000,#4001);
#3364=AXIS2_PLACEMENT_3D('',#4867,#4004,#4005);
#3365=AXIS2_PLACEMENT_3D('',#4876,#4010,#4011);
#3366=AXIS2_PLACEMENT_3D('',#4882,#4015,#4016);
#3367=AXIS2_PLACEMENT_3D('',#4888,#4020,#4021);
#3368=AXIS2_PLACEMENT_3D('',#4894,#4025,#4026);
#3369=AXIS2_PLACEMENT_3D('',#4900,#4030,#4031);
#3370=AXIS2_PLACEMENT_3D('',#4903,#4034,#4035);
#3371=AXIS2_PLACEMENT_3D('',#4912,#4040,#4041);
#3372=AXIS2_PLACEMENT_3D('',#4918,#4045,#4046);
#3373=AXIS2_PLACEMENT_3D('',#4924,#4050,#4051);
#3374=AXIS2_PLACEMENT_3D('',#4930,#4055,#4056);
#3375=AXIS2_PLACEMENT_3D('',#4936,#4060,#4061);
#3376=AXIS2_PLACEMENT_3D('',#4942,#4065,#4066);
#3377=AXIS2_PLACEMENT_3D('',#4948,#4070,#4071);
#3378=AXIS2_PLACEMENT_3D('',#4954,#4075,#4076);
#3379=AXIS2_PLACEMENT_3D('',#4960,#4080,#4081);
#3380=AXIS2_PLACEMENT_3D('',#4966,#4085,#4086);
#3381=AXIS2_PLACEMENT_3D('',#4972,#4090,#4091);
#3382=AXIS2_PLACEMENT_3D('',#4978,#4095,#4096);
#3383=AXIS2_PLACEMENT_3D('',#4984,#4100,#4101);
#3384=AXIS2_PLACEMENT_3D('',#4990,#4105,#4106);
#3385=AXIS2_PLACEMENT_3D('',#4996,#4110,#4111);
#3386=AXIS2_PLACEMENT_3D('',#4999,#4114,#4115);
#3387=AXIS2_PLACEMENT_3D('',#5008,#4120,#4121);
#3388=AXIS2_PLACEMENT_3D('',#5014,#4125,#4126);
#3389=AXIS2_PLACEMENT_3D('',#5020,#4130,#4131);
#3390=AXIS2_PLACEMENT_3D('',#5023,#4134,#4135);
#3391=AXIS2_PLACEMENT_3D('',#5032,#4140,#4141);
#3392=AXIS2_PLACEMENT_3D('',#5038,#4145,#4146);
#3393=AXIS2_PLACEMENT_3D('',#5044,#4150,#4151);
#3394=AXIS2_PLACEMENT_3D('',#5049,#4155,#4156);
#3395=AXIS2_PLACEMENT_3D('',#5051,#4158,#4159);
#3396=AXIS2_PLACEMENT_3D('',#5055,#4162,#4163);
#3397=AXIS2_PLACEMENT_3D('',#5057,#4165,#4166);
#3398=DIRECTION('axis',(0.,0.,1.));
#3399=DIRECTION('refdir',(1.,0.,0.));
#3400=DIRECTION('center_axis',(-1.,0.,0.));
#3401=DIRECTION('ref_axis',(0.,0.,-1.));
#3402=DIRECTION('',(0.,0.,-1.));
#3403=DIRECTION('',(0.,1.,0.));
#3404=DIRECTION('',(0.,0.,1.));
#3405=DIRECTION('',(0.,-1.,0.));
#3406=DIRECTION('center_axis',(1.,0.,0.));
#3407=DIRECTION('ref_axis',(0.,0.,1.));
#3408=DIRECTION('',(0.,0.,1.));
#3409=DIRECTION('',(0.,-1.,0.));
#3410=DIRECTION('',(0.,0.,-1.));
#3411=DIRECTION('',(0.,-1.,0.));
#3412=DIRECTION('center_axis',(0.,0.,-1.));
#3413=DIRECTION('ref_axis',(1.,0.,0.));
#3414=DIRECTION('',(1.,-6.06679248429053E-17,0.));
#3415=DIRECTION('',(-1.,7.02672800395669E-17,0.));
#3416=DIRECTION('center_axis',(-7.02672800395669E-17,-1.,0.));
#3417=DIRECTION('ref_axis',(1.,-7.02672800395669E-17,0.));
#3418=DIRECTION('',(-1.,7.02672800395669E-17,0.));
#3419=DIRECTION('',(0.,0.,1.));
#3420=DIRECTION('',(-1.,7.02672800395669E-17,0.));
#3421=DIRECTION('',(0.,0.,1.));
#3422=DIRECTION('',(-1.,7.02672800395669E-17,0.));
#3423=DIRECTION('center_axis',(0.,0.,1.));
#3424=DIRECTION('ref_axis',(1.,0.,0.));
#3425=DIRECTION('',(1.,-6.06679248429053E-17,0.));
#3426=DIRECTION('',(6.83214169000103E-17,-1.,0.));
#3427=DIRECTION('',(-1.,0.,0.));
#3428=DIRECTION('',(0.,1.,0.));
#3429=DIRECTION('',(-0.500000000000005,-0.866025403784436,0.));
#3430=DIRECTION('',(0.499999999999995,-0.866025403784442,0.));
#3431=DIRECTION('',(1.,-2.1976716415812E-15,0.));
#3432=DIRECTION('',(0.500000000000002,0.866025403784437,0.));
#3433=DIRECTION('',(-0.499999999999996,0.866025403784441,0.));
#3434=DIRECTION('',(-1.,4.39534328316242E-15,0.));
#3435=DIRECTION('',(0.500000000000005,0.866025403784436,0.));
#3436=DIRECTION('',(-0.499999999999999,0.866025403784439,0.));
#3437=DIRECTION('',(-1.,0.,0.));
#3438=DIRECTION('',(-0.500000000000002,-0.866025403784437,0.));
#3439=DIRECTION('',(0.5,-0.866025403784439,0.));
#3440=DIRECTION('',(1.,0.,0.));
#3441=DIRECTION('',(0.499999999999998,0.86602540378444,0.));
#3442=DIRECTION('',(-0.500000000000001,0.866025403784438,0.));
#3443=DIRECTION('',(-1.,-2.19767164158121E-15,0.));
#3444=DIRECTION('',(-0.5,-0.866025403784439,0.));
#3445=DIRECTION('',(0.500000000000003,-0.866025403784437,0.));
#3446=DIRECTION('',(1.,0.,0.));
#3447=DIRECTION('',(-1.,0.,0.));
#3448=DIRECTION('',(-0.499999999999998,-0.86602540378444,0.));
#3449=DIRECTION('',(0.500000000000002,-0.866025403784437,0.));
#3450=DIRECTION('',(1.,0.,0.));
#3451=DIRECTION('',(0.499999999999998,0.86602540378444,0.));
#3452=DIRECTION('',(-0.500000000000002,0.866025403784437,0.));
#3453=DIRECTION('center_axis',(0.,0.,1.));
#3454=DIRECTION('ref_axis',(1.,0.,0.));
#3455=DIRECTION('',(0.,-1.,0.));
#3456=DIRECTION('',(1.,0.,0.));
#3457=DIRECTION('',(0.,1.,0.));
#3458=DIRECTION('center_axis',(-1.,0.,0.));
#3459=DIRECTION('ref_axis',(0.,-1.,0.));
#3460=DIRECTION('',(0.,-1.,0.));
#3461=DIRECTION('',(0.,0.,1.));
#3462=DIRECTION('',(0.,0.,1.));
#3463=DIRECTION('center_axis',(0.,-1.,0.));
#3464=DIRECTION('ref_axis',(1.,0.,0.));
#3465=DIRECTION('',(1.,0.,0.));
#3466=DIRECTION('',(0.,0.,1.));
#3467=DIRECTION('center_axis',(-1.,0.,0.));
#3468=DIRECTION('ref_axis',(0.,-1.,0.));
#3469=DIRECTION('',(0.,1.,0.));
#3470=DIRECTION('',(0.,0.,1.));
#3471=DIRECTION('center_axis',(0.,1.,0.));
#3472=DIRECTION('ref_axis',(-1.,0.,0.));
#3473=DIRECTION('',(1.,0.,0.));
#3474=DIRECTION('',(0.,0.,1.));
#3475=DIRECTION('center_axis',(1.,0.,0.));
#3476=DIRECTION('ref_axis',(0.,1.,0.));
#3477=DIRECTION('',(0.,-1.,0.));
#3478=DIRECTION('center_axis',(0.,0.,-1.));
#3479=DIRECTION('ref_axis',(-1.,0.,0.));
#3480=DIRECTION('center_axis',(0.,0.,1.));
#3481=DIRECTION('ref_axis',(-1.,0.,0.));
#3482=DIRECTION('',(0.,0.,-1.));
#3483=DIRECTION('center_axis',(0.,0.,-1.));
#3484=DIRECTION('ref_axis',(-1.,0.,0.));
#3485=DIRECTION('center_axis',(0.,0.,-1.));
#3486=DIRECTION('ref_axis',(-1.,0.,0.));
#3487=DIRECTION('center_axis',(0.,0.,1.));
#3488=DIRECTION('ref_axis',(-1.,0.,0.));
#3489=DIRECTION('',(0.,0.,-1.));
#3490=DIRECTION('center_axis',(0.,0.,-1.));
#3491=DIRECTION('ref_axis',(-1.,0.,0.));
#3492=DIRECTION('center_axis',(0.,0.,-1.));
#3493=DIRECTION('ref_axis',(-1.,0.,0.));
#3494=DIRECTION('center_axis',(0.,0.,1.));
#3495=DIRECTION('ref_axis',(-1.,0.,0.));
#3496=DIRECTION('',(0.,0.,-1.));
#3497=DIRECTION('center_axis',(0.,0.,-1.));
#3498=DIRECTION('ref_axis',(-1.,0.,0.));
#3499=DIRECTION('center_axis',(0.,0.,-1.));
#3500=DIRECTION('ref_axis',(-1.,0.,0.));
#3501=DIRECTION('center_axis',(0.,0.,1.));
#3502=DIRECTION('ref_axis',(-1.,0.,0.));
#3503=DIRECTION('',(0.,0.,-1.));
#3504=DIRECTION('center_axis',(0.,0.,-1.));
#3505=DIRECTION('ref_axis',(-1.,0.,0.));
#3506=DIRECTION('center_axis',(0.,0.,1.));
#3507=DIRECTION('ref_axis',(1.,0.,0.));
#3508=DIRECTION('',(0.499999999999995,-0.866025403784442,0.));
#3509=DIRECTION('',(-0.500000000000005,-0.866025403784436,0.));
#3510=DIRECTION('',(-1.,4.39534328316242E-15,0.));
#3511=DIRECTION('',(-0.499999999999996,0.866025403784441,0.));
#3512=DIRECTION('',(0.500000000000002,0.866025403784437,0.));
#3513=DIRECTION('',(1.,-2.1976716415812E-15,0.));
#3514=DIRECTION('center_axis',(-0.866025403784442,-0.499999999999995,0.));
#3515=DIRECTION('ref_axis',(0.499999999999995,-0.866025403784442,0.));
#3516=DIRECTION('',(0.,0.,1.));
#3517=DIRECTION('',(0.,0.,1.));
#3518=DIRECTION('center_axis',(-2.1976716415812E-15,-1.,0.));
#3519=DIRECTION('ref_axis',(1.,-2.1976716415812E-15,0.));
#3520=DIRECTION('',(0.,0.,1.));
#3521=DIRECTION('center_axis',(0.866025403784437,-0.500000000000002,0.));
#3522=DIRECTION('ref_axis',(0.500000000000002,0.866025403784437,0.));
#3523=DIRECTION('',(0.,0.,1.));
#3524=DIRECTION('center_axis',(0.866025403784441,0.499999999999996,0.));
#3525=DIRECTION('ref_axis',(-0.499999999999996,0.866025403784441,0.));
#3526=DIRECTION('',(0.,0.,1.));
#3527=DIRECTION('center_axis',(4.39534328316242E-15,1.,0.));
#3528=DIRECTION('ref_axis',(-1.,4.39534328316242E-15,0.));
#3529=DIRECTION('',(0.,0.,1.));
#3530=DIRECTION('center_axis',(-0.866025403784436,0.500000000000005,0.));
#3531=DIRECTION('ref_axis',(-0.500000000000005,-0.866025403784436,0.));
#3532=DIRECTION('center_axis',(0.,0.,1.));
#3533=DIRECTION('ref_axis',(1.,0.,0.));
#3534=DIRECTION('',(-0.499999999999999,0.866025403784439,0.));
#3535=DIRECTION('',(0.500000000000004,0.866025403784436,0.));
#3536=DIRECTION('',(1.,0.,0.));
#3537=DIRECTION('',(0.5,-0.866025403784438,0.));
#3538=DIRECTION('',(-0.500000000000002,-0.866025403784437,0.));
#3539=DIRECTION('',(-1.,0.,0.));
#3540=DIRECTION('center_axis',(0.866025403784439,0.499999999999999,0.));
#3541=DIRECTION('ref_axis',(-0.499999999999999,0.866025403784439,0.));
#3542=DIRECTION('',(0.,0.,1.));
#3543=DIRECTION('',(0.,0.,1.));
#3544=DIRECTION('center_axis',(0.,1.,0.));
#3545=DIRECTION('ref_axis',(-1.,0.,0.));
#3546=DIRECTION('',(0.,0.,1.));
#3547=DIRECTION('center_axis',(-0.866025403784438,0.500000000000002,0.));
#3548=DIRECTION('ref_axis',(-0.500000000000002,-0.866025403784437,0.));
#3549=DIRECTION('',(0.,0.,1.));
#3550=DIRECTION('center_axis',(-0.866025403784439,-0.5,0.));
#3551=DIRECTION('ref_axis',(0.5,-0.866025403784439,0.));
#3552=DIRECTION('',(0.,0.,1.));
#3553=DIRECTION('center_axis',(0.,-1.,0.));
#3554=DIRECTION('ref_axis',(1.,0.,0.));
#3555=DIRECTION('',(0.,0.,1.));
#3556=DIRECTION('center_axis',(0.866025403784436,-0.500000000000005,0.));
#3557=DIRECTION('ref_axis',(0.500000000000005,0.866025403784436,0.));
#3558=DIRECTION('center_axis',(0.,0.,1.));
#3559=DIRECTION('ref_axis',(1.,0.,0.));
#3560=DIRECTION('',(-0.500000000000001,0.866025403784438,0.));
#3561=DIRECTION('',(0.499999999999998,0.86602540378444,0.));
#3562=DIRECTION('',(1.,0.,0.));
#3563=DIRECTION('',(0.500000000000003,-0.866025403784437,0.));
#3564=DIRECTION('',(-0.5,-0.866025403784439,0.));
#3565=DIRECTION('',(-1.,-2.19767164158121E-15,0.));
#3566=DIRECTION('center_axis',(0.866025403784438,0.500000000000001,0.));
#3567=DIRECTION('ref_axis',(-0.500000000000001,0.866025403784438,0.));
#3568=DIRECTION('',(0.,0.,1.));
#3569=DIRECTION('',(0.,0.,1.));
#3570=DIRECTION('center_axis',(-2.19767164158121E-15,1.,0.));
#3571=DIRECTION('ref_axis',(-1.,-2.19767164158121E-15,0.));
#3572=DIRECTION('',(0.,0.,1.));
#3573=DIRECTION('center_axis',(-0.866025403784439,0.5,0.));
#3574=DIRECTION('ref_axis',(-0.5,-0.866025403784439,0.));
#3575=DIRECTION('',(0.,0.,1.));
#3576=DIRECTION('center_axis',(-0.866025403784437,-0.500000000000003,0.));
#3577=DIRECTION('ref_axis',(0.500000000000003,-0.866025403784437,0.));
#3578=DIRECTION('',(0.,0.,1.));
#3579=DIRECTION('center_axis',(0.,-1.,0.));
#3580=DIRECTION('ref_axis',(1.,0.,0.));
#3581=DIRECTION('',(0.,0.,1.));
#3582=DIRECTION('center_axis',(0.86602540378444,-0.499999999999998,0.));
#3583=DIRECTION('ref_axis',(0.499999999999998,0.86602540378444,0.));
#3584=DIRECTION('center_axis',(0.,0.,1.));
#3585=DIRECTION('ref_axis',(1.,0.,0.));
#3586=DIRECTION('',(-0.499999999999998,-0.86602540378444,0.));
#3587=DIRECTION('',(-1.,0.,0.));
#3588=DIRECTION('',(-0.500000000000002,0.866025403784437,0.));
#3589=DIRECTION('',(0.499999999999998,0.86602540378444,0.));
#3590=DIRECTION('',(1.,0.,0.));
#3591=DIRECTION('',(0.500000000000002,-0.866025403784437,0.));
#3592=DIRECTION('center_axis',(-0.86602540378444,0.499999999999998,0.));
#3593=DIRECTION('ref_axis',(-0.499999999999998,-0.86602540378444,0.));
#3594=DIRECTION('',(0.,0.,1.));
#3595=DIRECTION('',(0.,0.,1.));
#3596=DIRECTION('center_axis',(-0.866025403784438,-0.500000000000002,0.));
#3597=DIRECTION('ref_axis',(0.500000000000002,-0.866025403784437,0.));
#3598=DIRECTION('',(0.,0.,1.));
#3599=DIRECTION('center_axis',(0.,-1.,0.));
#3600=DIRECTION('ref_axis',(1.,0.,0.));
#3601=DIRECTION('',(0.,0.,1.));
#3602=DIRECTION('center_axis',(0.86602540378444,-0.499999999999998,0.));
#3603=DIRECTION('ref_axis',(0.499999999999998,0.86602540378444,0.));
#3604=DIRECTION('',(0.,0.,1.));
#3605=DIRECTION('center_axis',(0.866025403784438,0.500000000000002,0.));
#3606=DIRECTION('ref_axis',(-0.500000000000002,0.866025403784437,0.));
#3607=DIRECTION('',(0.,0.,1.));
#3608=DIRECTION('center_axis',(0.,1.,0.));
#3609=DIRECTION('ref_axis',(-1.,0.,0.));
#3610=DIRECTION('center_axis',(0.,0.,1.));
#3611=DIRECTION('ref_axis',(-1.,0.,0.));
#3612=DIRECTION('',(-1.,6.06679248429053E-17,0.));
#3613=DIRECTION('',(-6.83214169000103E-17,1.,0.));
#3614=DIRECTION('',(-1.,6.06679248429053E-17,0.));
#3615=DIRECTION('center_axis',(1.,6.83214169000103E-17,0.));
#3616=DIRECTION('ref_axis',(-6.83214169000103E-17,1.,0.));
#3617=DIRECTION('',(0.,0.,1.));
#3618=DIRECTION('center_axis',(6.06679248429053E-17,1.,0.));
#3619=DIRECTION('ref_axis',(-1.,6.06679248429053E-17,0.));
#3620=DIRECTION('center_axis',(-1.,0.,0.));
#3621=DIRECTION('ref_axis',(0.,-1.,0.));
#3622=DIRECTION('',(0.,-1.,0.));
#3623=DIRECTION('',(0.,0.,1.));
#3624=DIRECTION('',(0.,-1.,0.));
#3625=DIRECTION('',(0.,0.,1.));
#3626=DIRECTION('center_axis',(0.,-1.,0.));
#3627=DIRECTION('ref_axis',(1.,0.,0.));
#3628=DIRECTION('',(1.,0.,0.));
#3629=DIRECTION('',(0.,0.,1.));
#3630=DIRECTION('',(1.,0.,0.));
#3631=DIRECTION('center_axis',(0.,0.,-1.));
#3632=DIRECTION('ref_axis',(-1.,0.,0.));
#3633=DIRECTION('center_axis',(0.,0.,-1.));
#3634=DIRECTION('ref_axis',(-1.,0.,0.));
#3635=DIRECTION('',(0.,0.,-1.));
#3636=DIRECTION('center_axis',(0.,0.,-1.));
#3637=DIRECTION('ref_axis',(-1.,0.,0.));
#3638=DIRECTION('center_axis',(0.,0.,-1.));
#3639=DIRECTION('ref_axis',(-1.,0.,0.));
#3640=DIRECTION('center_axis',(0.,0.,-1.));
#3641=DIRECTION('ref_axis',(-1.,0.,0.));
#3642=DIRECTION('',(0.,0.,-1.));
#3643=DIRECTION('center_axis',(0.,0.,-1.));
#3644=DIRECTION('ref_axis',(-1.,0.,0.));
#3645=DIRECTION('center_axis',(0.,0.,-1.));
#3646=DIRECTION('ref_axis',(-1.,0.,0.));
#3647=DIRECTION('center_axis',(0.,0.,-1.));
#3648=DIRECTION('ref_axis',(-1.,0.,0.));
#3649=DIRECTION('',(0.,0.,-1.));
#3650=DIRECTION('center_axis',(0.,0.,-1.));
#3651=DIRECTION('ref_axis',(-1.,0.,0.));
#3652=DIRECTION('center_axis',(0.,0.,-1.));
#3653=DIRECTION('ref_axis',(-1.,0.,0.));
#3654=DIRECTION('center_axis',(0.,0.,-1.));
#3655=DIRECTION('ref_axis',(-1.,0.,0.));
#3656=DIRECTION('',(0.,0.,-1.));
#3657=DIRECTION('center_axis',(0.,0.,-1.));
#3658=DIRECTION('ref_axis',(-1.,0.,0.));
#3659=DIRECTION('center_axis',(0.999999999999999,-3.35255478643765E-8,0.));
#3660=DIRECTION('ref_axis',(-3.35255478643765E-8,-0.999999999999999,0.));
#3661=DIRECTION('',(3.35255478643765E-8,0.999999999999999,0.));
#3662=DIRECTION('',(0.,0.,-1.));
#3663=DIRECTION('',(-3.35255478643765E-8,-0.999999999999999,0.));
#3664=DIRECTION('',(0.,0.,-1.));
#3665=DIRECTION('center_axis',(1.8278620426357E-8,1.,0.));
#3666=DIRECTION('ref_axis',(1.,-1.8278620426357E-8,0.));
#3667=DIRECTION('',(-1.,1.8278620426357E-8,0.));
#3668=DIRECTION('',(1.,-1.8278620426357E-8,0.));
#3669=DIRECTION('',(0.,0.,-1.));
#3670=DIRECTION('center_axis',(-0.998499602195158,0.0547589665361874,0.));
#3671=DIRECTION('ref_axis',(0.0547589665361874,0.998499602195158,0.));
#3672=DIRECTION('',(-0.0547589665361874,-0.998499602195158,0.));
#3673=DIRECTION('',(0.0547589665361874,0.998499602195158,0.));
#3674=DIRECTION('',(0.,0.,-1.));
#3675=DIRECTION('center_axis',(-1.,0.,0.));
#3676=DIRECTION('ref_axis',(0.,1.,0.));
#3677=DIRECTION('',(0.,-1.,0.));
#3678=DIRECTION('',(0.,1.,0.));
#3679=DIRECTION('',(0.,0.,-1.));
#3680=DIRECTION('center_axis',(0.,-1.,0.));
#3681=DIRECTION('ref_axis',(-1.,0.,0.));
#3682=DIRECTION('',(1.,0.,0.));
#3683=DIRECTION('',(-1.,0.,0.));
#3684=DIRECTION('center_axis',(-0.969825874057035,0.243798634142006,0.));
#3685=DIRECTION('ref_axis',(0.243798634142006,0.969825874057035,0.));
#3686=DIRECTION('',(-0.243798634142006,-0.969825874057035,0.));
#3687=DIRECTION('',(0.,0.,-1.));
#3688=DIRECTION('',(0.243798634142006,0.969825874057035,0.));
#3689=DIRECTION('',(0.,0.,-1.));
#3690=DIRECTION('center_axis',(-0.808462448218846,-0.588547763414313,0.));
#3691=DIRECTION('ref_axis',(-0.588547763414313,0.808462448218846,0.));
#3692=DIRECTION('',(0.588547763414313,-0.808462448218846,0.));
#3693=DIRECTION('',(-0.588547763414313,0.808462448218846,0.));
#3694=DIRECTION('',(0.,0.,-1.));
#3695=DIRECTION('center_axis',(-0.0202718535722846,-0.999794504862246,0.));
#3696=DIRECTION('ref_axis',(-0.999794504862246,0.0202718535722846,0.));
#3697=DIRECTION('',(0.999794504862246,-0.0202718535722846,0.));
#3698=DIRECTION('',(-0.999794504862246,0.0202718535722846,0.));
#3699=DIRECTION('',(0.,0.,-1.));
#3700=DIRECTION('center_axis',(0.999999999999983,1.83778089277182E-7,0.));
#3701=DIRECTION('ref_axis',(1.83778089277182E-7,-0.999999999999983,0.));
#3702=DIRECTION('',(-1.83778089277182E-7,0.999999999999983,0.));
#3703=DIRECTION('',(1.83778089277182E-7,-0.999999999999983,0.));
#3704=DIRECTION('',(0.,0.,-1.));
#3705=DIRECTION('center_axis',(-0.0872430084727268,0.996187059478604,0.));
#3706=DIRECTION('ref_axis',(0.996187059478604,0.0872430084727268,0.));
#3707=DIRECTION('',(-0.996187059478604,-0.0872430084727268,0.));
#3708=DIRECTION('',(0.996187059478604,0.0872430084727268,0.));
#3709=DIRECTION('center_axis',(0.246770599876278,-0.969073924443694,0.));
#3710=DIRECTION('ref_axis',(-0.969073924443694,-0.246770599876278,0.));
#3711=DIRECTION('',(0.969073924443694,0.246770599876278,0.));
#3712=DIRECTION('',(0.,0.,-1.));
#3713=DIRECTION('',(-0.969073924443694,-0.246770599876278,0.));
#3714=DIRECTION('',(0.,0.,-1.));
#3715=DIRECTION('center_axis',(1.,0.,0.));
#3716=DIRECTION('ref_axis',(0.,-1.,0.));
#3717=DIRECTION('',(0.,1.,0.));
#3718=DIRECTION('',(0.,-1.,0.));
#3719=DIRECTION('',(0.,0.,-1.));
#3720=DIRECTION('center_axis',(0.0630642322639578,0.998009470200036,0.));
#3721=DIRECTION('ref_axis',(0.998009470200036,-0.0630642322639578,0.));
#3722=DIRECTION('',(-0.998009470200036,0.0630642322639578,0.));
#3723=DIRECTION('',(0.998009470200036,-0.0630642322639578,0.));
#3724=DIRECTION('',(0.,0.,-1.));
#3725=DIRECTION('center_axis',(-0.796604846818124,0.60450038711805,0.));
#3726=DIRECTION('ref_axis',(0.60450038711805,0.796604846818124,0.));
#3727=DIRECTION('',(-0.60450038711805,-0.796604846818124,0.));
#3728=DIRECTION('',(0.60450038711805,0.796604846818124,0.));
#3729=DIRECTION('',(0.,0.,-1.));
#3730=DIRECTION('center_axis',(-0.74330245807275,-0.668955496145303,0.));
#3731=DIRECTION('ref_axis',(-0.668955496145303,0.74330245807275,0.));
#3732=DIRECTION('',(0.668955496145303,-0.74330245807275,0.));
#3733=DIRECTION('',(-0.668955496145303,0.74330245807275,0.));
#3734=DIRECTION('center_axis',(-0.999887231849482,-0.0150174426711066,0.));
#3735=DIRECTION('ref_axis',(-0.0150174426711066,0.999887231849482,0.));
#3736=DIRECTION('',(0.0150174426711066,-0.999887231849482,0.));
#3737=DIRECTION('',(0.,0.,-1.));
#3738=DIRECTION('',(-0.0150174426711066,0.999887231849482,0.));
#3739=DIRECTION('',(0.,0.,-1.));
#3740=DIRECTION('center_axis',(0.,-1.,0.));
#3741=DIRECTION('ref_axis',(-1.,0.,0.));
#3742=DIRECTION('',(1.,0.,0.));
#3743=DIRECTION('',(-1.,0.,0.));
#3744=DIRECTION('',(0.,0.,-1.));
#3745=DIRECTION('center_axis',(0.996090971411325,-0.0883333270789882,0.));
#3746=DIRECTION('ref_axis',(-0.0883333270789882,-0.996090971411325,0.));
#3747=DIRECTION('',(0.0883333270789882,0.996090971411325,0.));
#3748=DIRECTION('',(-0.0883333270789882,-0.996090971411325,0.));
#3749=DIRECTION('',(0.,0.,-1.));
#3750=DIRECTION('center_axis',(4.14301244615461E-16,1.,0.));
#3751=DIRECTION('ref_axis',(1.,-4.14301244615461E-16,0.));
#3752=DIRECTION('',(-1.,4.14301244615461E-16,0.));
#3753=DIRECTION('',(1.,-4.14301244615461E-16,0.));
#3754=DIRECTION('center_axis',(0.,1.,0.));
#3755=DIRECTION('ref_axis',(1.,0.,0.));
#3756=DIRECTION('',(-1.,0.,0.));
#3757=DIRECTION('',(0.,0.,-1.));
#3758=DIRECTION('',(1.,0.,0.));
#3759=DIRECTION('',(0.,0.,-1.));
#3760=DIRECTION('center_axis',(-0.996090956085768,0.0883334998974977,0.));
#3761=DIRECTION('ref_axis',(0.0883334998974977,0.996090956085768,0.));
#3762=DIRECTION('',(-0.0883334998974977,-0.996090956085768,0.));
#3763=DIRECTION('',(0.0883334998974977,0.996090956085768,0.));
#3764=DIRECTION('',(0.,0.,-1.));
#3765=DIRECTION('center_axis',(-1.,0.,0.));
#3766=DIRECTION('ref_axis',(0.,1.,0.));
#3767=DIRECTION('',(0.,-1.,0.));
#3768=DIRECTION('',(0.,1.,0.));
#3769=DIRECTION('',(0.,0.,-1.));
#3770=DIRECTION('center_axis',(-0.724102690071719,-0.689692173531714,0.));
#3771=DIRECTION('ref_axis',(-0.689692173531714,0.724102690071719,0.));
#3772=DIRECTION('',(0.689692173531714,-0.724102690071719,0.));
#3773=DIRECTION('',(-0.689692173531714,0.724102690071719,0.));
#3774=DIRECTION('',(0.,0.,-1.));
#3775=DIRECTION('center_axis',(0.0872427317943264,-0.996187083709211,0.));
#3776=DIRECTION('ref_axis',(-0.996187083709211,-0.0872427317943264,0.));
#3777=DIRECTION('',(0.996187083709211,0.0872427317943264,0.));
#3778=DIRECTION('',(-0.996187083709211,-0.0872427317943264,0.));
#3779=DIRECTION('',(0.,0.,-1.));
#3780=DIRECTION('center_axis',(1.,0.,0.));
#3781=DIRECTION('ref_axis',(0.,-1.,0.));
#3782=DIRECTION('',(0.,1.,0.));
#3783=DIRECTION('',(0.,-1.,0.));
#3784=DIRECTION('center_axis',(0.997814325828984,0.0660800360960054,0.));
#3785=DIRECTION('ref_axis',(0.0660800360960054,-0.997814325828984,0.));
#3786=DIRECTION('',(-0.0660800360960054,0.997814325828984,0.));
#3787=DIRECTION('',(0.,0.,-1.));
#3788=DIRECTION('',(0.0660800360960054,-0.997814325828984,0.));
#3789=DIRECTION('',(0.,0.,-1.));
#3790=DIRECTION('center_axis',(0.302407945989408,0.95317859512395,0.));
#3791=DIRECTION('ref_axis',(0.95317859512395,-0.302407945989408,0.));
#3792=DIRECTION('',(-0.95317859512395,0.302407945989408,0.));
#3793=DIRECTION('',(0.95317859512395,-0.302407945989408,0.));
#3794=DIRECTION('',(0.,0.,-1.));
#3795=DIRECTION('center_axis',(-1.,0.,0.));
#3796=DIRECTION('ref_axis',(0.,1.,0.));
#3797=DIRECTION('',(0.,-1.,0.));
#3798=DIRECTION('',(0.,1.,0.));
#3799=DIRECTION('',(0.,0.,-1.));
#3800=DIRECTION('center_axis',(4.25785344291243E-16,1.,0.));
#3801=DIRECTION('ref_axis',(1.,-4.25785344291243E-16,0.));
#3802=DIRECTION('',(-1.,4.25785344291243E-16,0.));
#3803=DIRECTION('',(1.,-4.25785344291243E-16,0.));
#3804=DIRECTION('',(0.,0.,-1.));
#3805=DIRECTION('center_axis',(-0.900908721946383,-0.434008611344217,0.));
#3806=DIRECTION('ref_axis',(-0.434008611344217,0.900908721946383,0.));
#3807=DIRECTION('',(0.434008611344217,-0.900908721946383,0.));
#3808=DIRECTION('',(-0.434008611344217,0.900908721946383,0.));
#3809=DIRECTION('',(0.,0.,-1.));
#3810=DIRECTION('center_axis',(-0.0630644347418084,-0.998009457405438,0.));
#3811=DIRECTION('ref_axis',(-0.998009457405438,0.0630644347418084,0.));
#3812=DIRECTION('',(0.998009457405438,-0.0630644347418084,0.));
#3813=DIRECTION('',(-0.998009457405438,0.0630644347418084,0.));
#3814=DIRECTION('',(0.,0.,-1.));
#3815=DIRECTION('center_axis',(0.677384224537098,-0.735629398779218,0.));
#3816=DIRECTION('ref_axis',(-0.735629398779218,-0.677384224537098,0.));
#3817=DIRECTION('',(0.735629398779218,0.677384224537098,0.));
#3818=DIRECTION('',(-0.735629398779218,-0.677384224537098,0.));
#3819=DIRECTION('center_axis',(3.51261485799358E-7,0.999999999999938,0.));
#3820=DIRECTION('ref_axis',(0.999999999999938,-3.51261485799358E-7,0.));
#3821=DIRECTION('',(-0.999999999999938,3.51261485799358E-7,0.));
#3822=DIRECTION('',(0.,0.,-1.));
#3823=DIRECTION('',(0.999999999999938,-3.51261485799358E-7,0.));
#3824=DIRECTION('',(0.,0.,-1.));
#3825=DIRECTION('center_axis',(-0.998980247160292,-0.0451493719066186,0.));
#3826=DIRECTION('ref_axis',(-0.0451493719066186,0.998980247160292,0.));
#3827=DIRECTION('',(0.0451493719066186,-0.998980247160292,0.));
#3828=DIRECTION('',(-0.0451493719066186,0.998980247160292,0.));
#3829=DIRECTION('',(0.,0.,-1.));
#3830=DIRECTION('center_axis',(-0.417553823068785,-0.908652191347516,0.));
#3831=DIRECTION('ref_axis',(-0.908652191347516,0.417553823068785,0.));
#3832=DIRECTION('',(0.908652191347516,-0.417553823068785,0.));
#3833=DIRECTION('',(-0.908652191347516,0.417553823068785,0.));
#3834=DIRECTION('',(0.,0.,-1.));
#3835=DIRECTION('center_axis',(1.,-1.6346477167249E-16,0.));
#3836=DIRECTION('ref_axis',(-1.6346477167249E-16,-1.,0.));
#3837=DIRECTION('',(1.6346477167249E-16,1.,0.));
#3838=DIRECTION('',(-1.6346477167249E-16,-1.,0.));
#3839=DIRECTION('',(0.,0.,-1.));
#3840=DIRECTION('center_axis',(0.,-1.,0.));
#3841=DIRECTION('ref_axis',(-1.,0.,0.));
#3842=DIRECTION('',(1.,0.,0.));
#3843=DIRECTION('',(-1.,0.,0.));
#3844=DIRECTION('',(0.,0.,-1.));
#3845=DIRECTION('center_axis',(0.999887229942299,0.0150175696540975,0.));
#3846=DIRECTION('ref_axis',(0.0150175696540975,-0.999887229942299,0.));
#3847=DIRECTION('',(-0.0150175696540975,0.999887229942299,0.));
#3848=DIRECTION('',(0.0150175696540975,-0.999887229942299,0.));
#3849=DIRECTION('center_axis',(0.796605027684825,-0.604500148773562,0.));
#3850=DIRECTION('ref_axis',(-0.604500148773562,-0.796605027684825,0.));
#3851=DIRECTION('',(0.604500148773562,0.796605027684825,0.));
#3852=DIRECTION('',(0.,0.,-1.));
#3853=DIRECTION('',(-0.604500148773562,-0.796605027684825,0.));
#3854=DIRECTION('',(0.,0.,-1.));
#3855=DIRECTION('center_axis',(0.900908646769492,0.434008767395272,0.));
#3856=DIRECTION('ref_axis',(0.434008767395272,-0.900908646769492,0.));
#3857=DIRECTION('',(-0.434008767395272,0.900908646769492,0.));
#3858=DIRECTION('',(0.434008767395272,-0.900908646769492,0.));
#3859=DIRECTION('',(0.,0.,-1.));
#3860=DIRECTION('center_axis',(0.078192318123156,0.996938293670439,0.));
#3861=DIRECTION('ref_axis',(0.996938293670439,-0.078192318123156,0.));
#3862=DIRECTION('',(-0.996938293670439,0.078192318123156,0.));
#3863=DIRECTION('',(0.996938293670439,-0.078192318123156,0.));
#3864=DIRECTION('',(0.,0.,-1.));
#3865=DIRECTION('center_axis',(-1.,3.85049063677717E-16,0.));
#3866=DIRECTION('ref_axis',(3.85049063677717E-16,1.,0.));
#3867=DIRECTION('',(-3.85049063677717E-16,-1.,0.));
#3868=DIRECTION('',(3.85049063677717E-16,1.,0.));
#3869=DIRECTION('',(0.,0.,-1.));
#3870=DIRECTION('center_axis',(0.0389092247182143,-0.999242749401679,0.));
#3871=DIRECTION('ref_axis',(-0.999242749401679,-0.0389092247182143,0.));
#3872=DIRECTION('',(0.999242749401679,0.0389092247182143,0.));
#3873=DIRECTION('',(-0.999242749401679,-0.0389092247182143,0.));
#3874=DIRECTION('center_axis',(-1.,0.,0.));
#3875=DIRECTION('ref_axis',(0.,1.,0.));
#3876=DIRECTION('',(0.,-1.,0.));
#3877=DIRECTION('',(0.,0.,-1.));
#3878=DIRECTION('',(0.,1.,0.));
#3879=DIRECTION('',(0.,0.,-1.));
#3880=DIRECTION('center_axis',(-0.0555780148917656,-0.99845434760969,0.));
#3881=DIRECTION('ref_axis',(-0.99845434760969,0.0555780148917655,0.));
#3882=DIRECTION('',(0.99845434760969,-0.0555780148917655,0.));
#3883=DIRECTION('',(-0.99845434760969,0.0555780148917655,0.));
#3884=DIRECTION('',(0.,0.,-1.));
#3885=DIRECTION('center_axis',(0.969825833818068,-0.243798794211723,0.));
#3886=DIRECTION('ref_axis',(-0.243798794211723,-0.969825833818068,0.));
#3887=DIRECTION('',(0.243798794211723,0.969825833818068,0.));
#3888=DIRECTION('',(-0.243798794211723,-0.969825833818068,0.));
#3889=DIRECTION('',(0.,0.,-1.));
#3890=DIRECTION('center_axis',(0.724102508313947,0.689692364357799,0.));
#3891=DIRECTION('ref_axis',(0.689692364357799,-0.724102508313947,0.));
#3892=DIRECTION('',(-0.689692364357799,0.724102508313947,0.));
#3893=DIRECTION('',(0.689692364357799,-0.724102508313947,0.));
#3894=DIRECTION('',(0.,0.,-1.));
#3895=DIRECTION('center_axis',(-1.,0.,0.));
#3896=DIRECTION('ref_axis',(0.,1.,0.));
#3897=DIRECTION('',(0.,-1.,0.));
#3898=DIRECTION('',(0.,1.,0.));
#3899=DIRECTION('',(0.,0.,-1.));
#3900=DIRECTION('center_axis',(2.74050889529053E-16,1.,0.));
#3901=DIRECTION('ref_axis',(1.,-2.74050889529053E-16,0.));
#3902=DIRECTION('',(-1.,2.74050889529053E-16,0.));
#3903=DIRECTION('',(1.,-2.74050889529053E-16,0.));
#3904=DIRECTION('',(0.,0.,-1.));
#3905=DIRECTION('center_axis',(-0.977859513683637,0.209262446459943,0.));
#3906=DIRECTION('ref_axis',(0.209262446459943,0.977859513683637,0.));
#3907=DIRECTION('',(-0.209262446459943,-0.977859513683637,0.));
#3908=DIRECTION('',(0.209262446459943,0.977859513683637,0.));
#3909=DIRECTION('',(0.,0.,-1.));
#3910=DIRECTION('center_axis',(0.,-1.,0.));
#3911=DIRECTION('ref_axis',(-1.,0.,0.));
#3912=DIRECTION('',(1.,0.,0.));
#3913=DIRECTION('',(-1.,0.,0.));
#3914=DIRECTION('center_axis',(5.86147201497728E-16,1.,0.));
#3915=DIRECTION('ref_axis',(1.,-5.86147201497728E-16,0.));
#3916=DIRECTION('',(-1.,5.86147201497728E-16,0.));
#3917=DIRECTION('',(0.,0.,-1.));
#3918=DIRECTION('',(1.,-5.86147201497728E-16,0.));
#3919=DIRECTION('',(0.,0.,-1.));
#3920=DIRECTION('center_axis',(-1.,0.,0.));
#3921=DIRECTION('ref_axis',(0.,1.,0.));
#3922=DIRECTION('',(0.,-1.,0.));
#3923=DIRECTION('',(0.,1.,0.));
#3924=DIRECTION('',(0.,0.,-1.));
#3925=DIRECTION('center_axis',(-0.302407730710853,-0.953178663423764,0.));
#3926=DIRECTION('ref_axis',(-0.953178663423764,0.302407730710853,0.));
#3927=DIRECTION('',(0.953178663423764,-0.302407730710853,0.));
#3928=DIRECTION('',(-0.953178663423764,0.302407730710853,0.));
#3929=DIRECTION('',(0.,0.,-1.));
#3930=DIRECTION('center_axis',(0.593281078133409,-0.804995380315229,0.));
#3931=DIRECTION('ref_axis',(-0.804995380315229,-0.593281078133409,0.));
#3932=DIRECTION('',(0.804995380315229,0.593281078133409,0.));
#3933=DIRECTION('',(-0.804995380315229,-0.593281078133409,0.));
#3934=DIRECTION('',(0.,0.,-1.));
#3935=DIRECTION('center_axis',(0.998980264654188,0.0451489848329698,0.));
#3936=DIRECTION('ref_axis',(0.0451489848329698,-0.998980264654188,0.));
#3937=DIRECTION('',(-0.0451489848329698,0.998980264654188,0.));
#3938=DIRECTION('',(0.0451489848329698,-0.998980264654188,0.));
#3939=DIRECTION('center_axis',(-0.0389089513936234,0.999242760044549,0.));
#3940=DIRECTION('ref_axis',(0.999242760044549,0.0389089513936234,0.));
#3941=DIRECTION('',(-0.999242760044549,-0.0389089513936234,0.));
#3942=DIRECTION('',(0.,0.,-1.));
#3943=DIRECTION('',(0.999242760044549,0.0389089513936234,0.));
#3944=DIRECTION('',(0.,0.,-1.));
#3945=DIRECTION('center_axis',(-1.,-4.53747537653439E-16,0.));
#3946=DIRECTION('ref_axis',(-4.53747537653439E-16,1.,0.));
#3947=DIRECTION('',(4.53747537653439E-16,-1.,0.));
#3948=DIRECTION('',(-4.53747537653439E-16,1.,0.));
#3949=DIRECTION('',(0.,0.,-1.));
#3950=DIRECTION('center_axis',(-0.012272610734773,-0.999924688676979,0.));
#3951=DIRECTION('ref_axis',(-0.999924688676979,0.012272610734773,0.));
#3952=DIRECTION('',(0.999924688676979,-0.012272610734773,0.));
#3953=DIRECTION('',(-0.999924688676979,0.012272610734773,0.));
#3954=DIRECTION('',(0.,0.,-1.));
#3955=DIRECTION('center_axis',(1.,0.,0.));
#3956=DIRECTION('ref_axis',(0.,-1.,0.));
#3957=DIRECTION('',(0.,1.,0.));
#3958=DIRECTION('',(0.,-1.,0.));
#3959=DIRECTION('',(0.,0.,-1.));
#3960=DIRECTION('center_axis',(0.,-1.,0.));
#3961=DIRECTION('ref_axis',(-1.,0.,0.));
#3962=DIRECTION('',(1.,0.,0.));
#3963=DIRECTION('',(-1.,0.,0.));
#3964=DIRECTION('',(0.,0.,-1.));
#3965=DIRECTION('center_axis',(0.9528241417302,-0.303522906773291,0.));
#3966=DIRECTION('ref_axis',(-0.303522906773291,-0.9528241417302,0.));
#3967=DIRECTION('',(0.303522906773291,0.9528241417302,0.));
#3968=DIRECTION('',(-0.303522906773291,-0.9528241417302,0.));
#3969=DIRECTION('',(0.,0.,-1.));
#3970=DIRECTION('center_axis',(0.743302140617188,0.668955848882351,0.));
#3971=DIRECTION('ref_axis',(0.668955848882351,-0.743302140617188,0.));
#3972=DIRECTION('',(-0.668955848882351,0.743302140617188,0.));
#3973=DIRECTION('',(0.668955848882351,-0.743302140617188,0.));
#3974=DIRECTION('center_axis',(0.0202717847461064,0.999794506257765,0.));
#3975=DIRECTION('ref_axis',(0.999794506257765,-0.0202717847461064,0.));
#3976=DIRECTION('',(-0.999794506257765,0.0202717847461064,0.));
#3977=DIRECTION('',(0.,0.,-1.));
#3978=DIRECTION('',(0.999794506257765,-0.0202717847461064,0.));
#3979=DIRECTION('',(0.,0.,-1.));
#3980=DIRECTION('center_axis',(-0.957739191079739,0.287638039678215,0.));
#3981=DIRECTION('ref_axis',(0.287638039678215,0.957739191079739,0.));
#3982=DIRECTION('',(-0.287638039678215,-0.957739191079739,0.));
#3983=DIRECTION('',(0.287638039678215,0.957739191079739,0.));
#3984=DIRECTION('',(0.,0.,-1.));
#3985=DIRECTION('center_axis',(-1.,0.,0.));
#3986=DIRECTION('ref_axis',(0.,1.,0.));
#3987=DIRECTION('',(0.,-1.,0.));
#3988=DIRECTION('',(0.,1.,0.));
#3989=DIRECTION('',(0.,0.,-1.));
#3990=DIRECTION('center_axis',(-0.753047208248806,-0.657966490141162,0.));
#3991=DIRECTION('ref_axis',(-0.657966490141162,0.753047208248806,0.));
#3992=DIRECTION('',(0.657966490141162,-0.753047208248806,0.));
#3993=DIRECTION('',(-0.657966490141162,0.753047208248806,0.));
#3994=DIRECTION('',(0.,0.,-1.));
#3995=DIRECTION('center_axis',(0.0248352791422798,-0.999691556886385,0.));
#3996=DIRECTION('ref_axis',(-0.999691556886385,-0.0248352791422798,0.));
#3997=DIRECTION('',(0.999691556886385,0.0248352791422798,0.));
#3998=DIRECTION('',(-0.999691556886385,-0.0248352791422798,0.));
#3999=DIRECTION('',(0.,0.,-1.));
#4000=DIRECTION('center_axis',(1.,0.,0.));
#4001=DIRECTION('ref_axis',(0.,-1.,0.));
#4002=DIRECTION('',(0.,1.,0.));
#4003=DIRECTION('',(0.,-1.,0.));
#4004=DIRECTION('center_axis',(-1.,0.,0.));
#4005=DIRECTION('ref_axis',(0.,1.,0.));
#4006=DIRECTION('',(0.,-1.,0.));
#4007=DIRECTION('',(0.,0.,-1.));
#4008=DIRECTION('',(0.,1.,0.));
#4009=DIRECTION('',(0.,0.,-1.));
#4010=DIRECTION('center_axis',(3.20571113551677E-7,-0.999999999999949,0.));
#4011=DIRECTION('ref_axis',(-0.999999999999949,-3.20571113551677E-7,0.));
#4012=DIRECTION('',(0.999999999999949,3.20571113551677E-7,0.));
#4013=DIRECTION('',(-0.999999999999949,-3.20571113551677E-7,0.));
#4014=DIRECTION('',(0.,0.,-1.));
#4015=DIRECTION('center_axis',(0.98508070452967,-0.172093014278119,0.));
#4016=DIRECTION('ref_axis',(-0.172093014278119,-0.98508070452967,0.));
#4017=DIRECTION('',(0.172093014278119,0.98508070452967,0.));
#4018=DIRECTION('',(-0.172093014278119,-0.98508070452967,0.));
#4019=DIRECTION('',(0.,0.,-1.));
#4020=DIRECTION('center_axis',(0.,1.,0.));
#4021=DIRECTION('ref_axis',(1.,0.,0.));
#4022=DIRECTION('',(-1.,0.,0.));
#4023=DIRECTION('',(1.,0.,0.));
#4024=DIRECTION('',(0.,0.,-1.));
#4025=DIRECTION('center_axis',(1.,0.,0.));
#4026=DIRECTION('ref_axis',(0.,-1.,0.));
#4027=DIRECTION('',(0.,1.,0.));
#4028=DIRECTION('',(0.,-1.,0.));
#4029=DIRECTION('',(0.,0.,-1.));
#4030=DIRECTION('center_axis',(0.0122725582978268,0.999924689320564,0.));
#4031=DIRECTION('ref_axis',(0.999924689320564,-0.0122725582978268,0.));
#4032=DIRECTION('',(-0.999924689320564,0.0122725582978268,0.));
#4033=DIRECTION('',(0.999924689320564,-0.0122725582978268,0.));
#4034=DIRECTION('center_axis',(1.,0.,0.));
#4035=DIRECTION('ref_axis',(0.,-1.,0.));
#4036=DIRECTION('',(0.,1.,0.));
#4037=DIRECTION('',(0.,0.,-1.));
#4038=DIRECTION('',(0.,-1.,0.));
#4039=DIRECTION('',(0.,0.,-1.));
#4040=DIRECTION('center_axis',(0.,-1.,0.));
#4041=DIRECTION('ref_axis',(-1.,0.,0.));
#4042=DIRECTION('',(1.,0.,0.));
#4043=DIRECTION('',(-1.,0.,0.));
#4044=DIRECTION('',(0.,0.,-1.));
#4045=DIRECTION('center_axis',(-1.,0.,0.));
#4046=DIRECTION('ref_axis',(0.,1.,0.));
#4047=DIRECTION('',(0.,-1.,0.));
#4048=DIRECTION('',(0.,1.,0.));
#4049=DIRECTION('',(0.,0.,-1.));
#4050=DIRECTION('center_axis',(0.,-1.,0.));
#4051=DIRECTION('ref_axis',(-1.,0.,0.));
#4052=DIRECTION('',(1.,0.,0.));
#4053=DIRECTION('',(-1.,0.,0.));
#4054=DIRECTION('',(0.,0.,-1.));
#4055=DIRECTION('center_axis',(-1.,0.,0.));
#4056=DIRECTION('ref_axis',(0.,1.,0.));
#4057=DIRECTION('',(0.,-1.,0.));
#4058=DIRECTION('',(0.,1.,0.));
#4059=DIRECTION('',(0.,0.,-1.));
#4060=DIRECTION('center_axis',(3.49676542350233E-16,-1.,0.));
#4061=DIRECTION('ref_axis',(-1.,-3.49676542350233E-16,0.));
#4062=DIRECTION('',(1.,3.49676542350233E-16,0.));
#4063=DIRECTION('',(-1.,-3.49676542350233E-16,0.));
#4064=DIRECTION('',(0.,0.,-1.));
#4065=DIRECTION('center_axis',(-1.,0.,0.));
#4066=DIRECTION('ref_axis',(0.,1.,0.));
#4067=DIRECTION('',(0.,-1.,0.));
#4068=DIRECTION('',(0.,1.,0.));
#4069=DIRECTION('',(0.,0.,-1.));
#4070=DIRECTION('center_axis',(1.82786204067227E-8,1.,0.));
#4071=DIRECTION('ref_axis',(1.,-1.82786204067227E-8,0.));
#4072=DIRECTION('',(-1.,1.82786204067227E-8,0.));
#4073=DIRECTION('',(1.,-1.82786204067227E-8,0.));
#4074=DIRECTION('',(0.,0.,-1.));
#4075=DIRECTION('center_axis',(-1.,0.,0.));
#4076=DIRECTION('ref_axis',(0.,1.,0.));
#4077=DIRECTION('',(0.,-1.,0.));
#4078=DIRECTION('',(0.,1.,0.));
#4079=DIRECTION('',(0.,0.,-1.));
#4080=DIRECTION('center_axis',(0.,1.,0.));
#4081=DIRECTION('ref_axis',(1.,0.,0.));
#4082=DIRECTION('',(-1.,0.,0.));
#4083=DIRECTION('',(1.,0.,0.));
#4084=DIRECTION('',(0.,0.,-1.));
#4085=DIRECTION('center_axis',(1.,0.,0.));
#4086=DIRECTION('ref_axis',(0.,-1.,0.));
#4087=DIRECTION('',(0.,1.,0.));
#4088=DIRECTION('',(0.,-1.,0.));
#4089=DIRECTION('',(0.,0.,-1.));
#4090=DIRECTION('center_axis',(0.,1.,0.));
#4091=DIRECTION('ref_axis',(1.,0.,0.));
#4092=DIRECTION('',(-1.,0.,0.));
#4093=DIRECTION('',(1.,0.,0.));
#4094=DIRECTION('',(0.,0.,-1.));
#4095=DIRECTION('center_axis',(1.,0.,0.));
#4096=DIRECTION('ref_axis',(0.,-1.,0.));
#4097=DIRECTION('',(0.,1.,0.));
#4098=DIRECTION('',(0.,-1.,0.));
#4099=DIRECTION('',(0.,0.,-1.));
#4100=DIRECTION('center_axis',(1.16558847729675E-16,-1.,0.));
#4101=DIRECTION('ref_axis',(-1.,-1.16558847729675E-16,0.));
#4102=DIRECTION('',(1.,1.16558847729675E-16,0.));
#4103=DIRECTION('',(-1.,-1.16558847729675E-16,0.));
#4104=DIRECTION('',(0.,0.,-1.));
#4105=DIRECTION('center_axis',(1.,0.,0.));
#4106=DIRECTION('ref_axis',(0.,-1.,0.));
#4107=DIRECTION('',(0.,1.,0.));
#4108=DIRECTION('',(0.,-1.,0.));
#4109=DIRECTION('',(0.,0.,-1.));
#4110=DIRECTION('center_axis',(0.,-1.,0.));
#4111=DIRECTION('ref_axis',(-1.,0.,0.));
#4112=DIRECTION('',(1.,0.,0.));
#4113=DIRECTION('',(-1.,0.,0.));
#4114=DIRECTION('center_axis',(1.,0.,0.));
#4115=DIRECTION('ref_axis',(0.,-1.,0.));
#4116=DIRECTION('',(0.,1.,0.));
#4117=DIRECTION('',(0.,0.,-1.));
#4118=DIRECTION('',(0.,-1.,0.));
#4119=DIRECTION('',(0.,0.,-1.));
#4120=DIRECTION('center_axis',(0.,-1.,0.));
#4121=DIRECTION('ref_axis',(-1.,0.,0.));
#4122=DIRECTION('',(1.,0.,0.));
#4123=DIRECTION('',(-1.,0.,0.));
#4124=DIRECTION('',(0.,0.,-1.));
#4125=DIRECTION('center_axis',(-1.,0.,0.));
#4126=DIRECTION('ref_axis',(0.,1.,0.));
#4127=DIRECTION('',(0.,-1.,0.));
#4128=DIRECTION('',(0.,1.,0.));
#4129=DIRECTION('',(0.,0.,-1.));
#4130=DIRECTION('center_axis',(0.,1.,0.));
#4131=DIRECTION('ref_axis',(1.,0.,0.));
#4132=DIRECTION('',(-1.,0.,0.));
#4133=DIRECTION('',(1.,0.,0.));
#4134=DIRECTION('center_axis',(0.,1.,0.));
#4135=DIRECTION('ref_axis',(1.,0.,0.));
#4136=DIRECTION('',(-1.,0.,0.));
#4137=DIRECTION('',(0.,0.,-1.));
#4138=DIRECTION('',(1.,0.,0.));
#4139=DIRECTION('',(0.,0.,-1.));
#4140=DIRECTION('center_axis',(1.,0.,0.));
#4141=DIRECTION('ref_axis',(0.,-1.,0.));
#4142=DIRECTION('',(0.,1.,0.));
#4143=DIRECTION('',(0.,-1.,0.));
#4144=DIRECTION('',(0.,0.,-1.));
#4145=DIRECTION('center_axis',(-1.,0.,0.));
#4146=DIRECTION('ref_axis',(0.,1.,0.));
#4147=DIRECTION('',(0.,-1.,0.));
#4148=DIRECTION('',(0.,0.,1.));
#4149=DIRECTION('',(0.,1.,0.));
#4150=DIRECTION('center_axis',(0.,0.,-1.));
#4151=DIRECTION('ref_axis',(-1.,0.,0.));
#4152=DIRECTION('',(-6.83214169000103E-17,1.,0.));
#4153=DIRECTION('',(-1.,6.06679248429053E-17,0.));
#4154=DIRECTION('',(1.,-7.02672800395669E-17,0.));
#4155=DIRECTION('center_axis',(-7.02672800395669E-17,-1.,0.));
#4156=DIRECTION('ref_axis',(1.,-7.02672800395669E-17,0.));
#4157=DIRECTION('',(1.,-7.02672800395669E-17,0.));
#4158=DIRECTION('center_axis',(0.,0.,1.));
#4159=DIRECTION('ref_axis',(1.,0.,0.));
#4160=DIRECTION('',(-1.,6.06679248429053E-17,0.));
#4161=DIRECTION('',(-6.83214169000103E-17,1.,0.));
#4162=DIRECTION('center_axis',(1.,6.83214169000103E-17,0.));
#4163=DIRECTION('ref_axis',(-6.83214169000103E-17,1.,0.));
#4164=DIRECTION('',(0.,0.,1.));
#4165=DIRECTION('center_axis',(6.06679248429053E-17,1.,0.));
#4166=DIRECTION('ref_axis',(-1.,6.06679248429053E-17,0.));
#4167=CARTESIAN_POINT('',(0.,0.,0.));
#4168=CARTESIAN_POINT('Origin',(-53.1999999999986,64.9999999999987,8.));
#4169=CARTESIAN_POINT('',(-53.1999999999986,64.9999999999987,8.));
#4170=CARTESIAN_POINT('',(-53.1999999999986,64.9999999999987,0.));
#4171=CARTESIAN_POINT('',(-53.1999999999986,64.9999999999987,-1.));
#4172=CARTESIAN_POINT('',(-53.1999999999986,54.9999999999987,8.));
#4173=CARTESIAN_POINT('',(-53.1999999999986,2.99999999999935,8.));
#4174=CARTESIAN_POINT('',(-53.1999999999986,54.9999999999987,0.));
#4175=CARTESIAN_POINT('',(-53.1999999999986,55.,-1.));
#4176=CARTESIAN_POINT('',(-53.1999999999986,64.9999999999987,0.));
#4177=CARTESIAN_POINT('Origin',(-41.1999999999986,64.9999999999987,0.));
#4178=CARTESIAN_POINT('',(-41.1999999999986,64.9999999999987,0.));
#4179=CARTESIAN_POINT('',(-41.1999999999986,64.9999999999987,8.));
#4180=CARTESIAN_POINT('',(-41.1999999999986,64.9999999999987,-5.));
#4181=CARTESIAN_POINT('',(-41.1999999999986,54.9999999999987,0.));
#4182=CARTESIAN_POINT('',(-41.1999999999986,64.9999999999987,0.));
#4183=CARTESIAN_POINT('',(-41.1999999999986,54.9999999999987,8.));
#4184=CARTESIAN_POINT('',(-41.1999999999986,55.,-5.));
#4185=CARTESIAN_POINT('',(-41.1999999999986,2.99999999999935,8.));
#4186=CARTESIAN_POINT('Origin',(-53.1999999999986,64.9999999999987,0.));
#4187=CARTESIAN_POINT('',(10.0000000000007,64.9999999999987,0.));
#4188=CARTESIAN_POINT('',(-58.1999999999993,55.,0.));
#4189=CARTESIAN_POINT('Origin',(-63.2,55.,-10.));
#4190=CARTESIAN_POINT('',(-63.2,55.,8.));
#4191=CARTESIAN_POINT('',(-31.6,55.,8.));
#4192=CARTESIAN_POINT('',(-63.2,55.,-4.));
#4193=CARTESIAN_POINT('',(-63.2,55.,-10.));
#4194=CARTESIAN_POINT('',(63.2,55.,-4.));
#4195=CARTESIAN_POINT('',(-31.5999999999996,55.,-4.));
#4196=CARTESIAN_POINT('',(63.2,55.,8.));
#4197=CARTESIAN_POINT('',(63.2,55.,-10.));
#4198=CARTESIAN_POINT('',(-31.6,55.,8.));
#4199=CARTESIAN_POINT('Origin',(7.105427357601E-13,-6.3948846218409E-13,
-10.));
#4200=CARTESIAN_POINT('',(-73.1999999999986,64.9999999999987,-10.));
#4201=CARTESIAN_POINT('',(73.2,64.9999999999987,-10.));
#4202=CARTESIAN_POINT('',(-73.1999999999986,64.9999999999987,-10.));
#4203=CARTESIAN_POINT('',(73.2,-65.,-10.));
#4204=CARTESIAN_POINT('',(73.2,64.9999999999987,-10.));
#4205=CARTESIAN_POINT('',(-73.1999999999986,-65.,-10.));
#4206=CARTESIAN_POINT('',(73.2,-65.,-10.));
#4207=CARTESIAN_POINT('',(-73.1999999999986,-65.,-10.));
#4208=CARTESIAN_POINT('',(-69.2207259421623,-55.5,-10.));
#4209=CARTESIAN_POINT('',(-71.241451884326,-59.,-10.));
#4210=CARTESIAN_POINT('',(-48.5520327218827,-19.7007732164218,-10.));
#4211=CARTESIAN_POINT('',(-69.2207259421623,-62.5,-10.));
#4212=CARTESIAN_POINT('',(-75.1101451046056,-52.2992267835784,-10.));
#4213=CARTESIAN_POINT('',(-65.1792740578349,-62.5,-10.));
#4214=CARTESIAN_POINT('',(-34.6103629710809,-62.5000000000001,-10.));
#4215=CARTESIAN_POINT('',(-63.1585481156712,-59.,-10.));
#4216=CARTESIAN_POINT('',(-43.5002178664736,-24.9507732164219,-10.));
#4217=CARTESIAN_POINT('',(-65.1792740578349,-55.5,-10.));
#4218=CARTESIAN_POINT('',(-68.0376043070326,-50.5492267835785,-10.));
#4219=CARTESIAN_POINT('',(-32.5896370289172,-55.5000000000001,-10.));
#4220=CARTESIAN_POINT('',(-65.1792740578349,55.4999999999987,-10.));
#4221=CARTESIAN_POINT('',(-63.1585481156712,58.9999999999987,-10.));
#4222=CARTESIAN_POINT('',(-69.0479672781144,48.7992267835776,-10.));
#4223=CARTESIAN_POINT('',(-65.1792740578349,62.4999999999987,-10.));
#4224=CARTESIAN_POINT('',(-42.4898548953919,23.2007732164205,-10.));
#4225=CARTESIAN_POINT('',(-69.2207259421623,62.4999999999987,-10.));
#4226=CARTESIAN_POINT('',(-32.5896370289171,62.4999999999987,-10.));
#4227=CARTESIAN_POINT('',(-71.241451884326,58.9999999999987,-10.));
#4228=CARTESIAN_POINT('',(-74.0997821335236,54.0492267835775,-10.));
#4229=CARTESIAN_POINT('',(-69.2207259421623,55.4999999999987,-10.));
#4230=CARTESIAN_POINT('',(-49.5623956929648,21.4507732164205,-10.));
#4231=CARTESIAN_POINT('',(-34.6103629710808,55.4999999999987,-10.));
#4232=CARTESIAN_POINT('',(69.2207259421637,-62.5,-10.));
#4233=CARTESIAN_POINT('',(71.2414518843274,-59.,-10.));
#4234=CARTESIAN_POINT('',(74.0997821335251,-54.0492267835786,-10.));
#4235=CARTESIAN_POINT('',(69.2207259421637,-55.5,-10.));
#4236=CARTESIAN_POINT('',(49.5623956929662,-21.4507732164218,-10.));
#4237=CARTESIAN_POINT('',(65.1792740578363,-55.5,-10.));
#4238=CARTESIAN_POINT('',(34.6103629710823,-55.5000000000001,-10.));
#4239=CARTESIAN_POINT('',(63.1585481156726,-59.,-10.));
#4240=CARTESIAN_POINT('',(69.0479672781158,-48.7992267835787,-10.));
#4241=CARTESIAN_POINT('',(65.1792740578363,-62.5,-10.));
#4242=CARTESIAN_POINT('',(42.4898548953931,-23.2007732164219,-10.));
#4243=CARTESIAN_POINT('',(32.5896370289185,-62.5,-10.));
#4244=CARTESIAN_POINT('',(69.2207259421637,62.4999999999987,-10.));
#4245=CARTESIAN_POINT('',(65.1792740578363,62.4999999999987,-10.));
#4246=CARTESIAN_POINT('',(34.6103629710822,62.4999999999987,-10.));
#4247=CARTESIAN_POINT('',(63.1585481156726,58.9999999999987,-10.));
#4248=CARTESIAN_POINT('',(43.5002178664752,24.9507732164205,-10.));
#4249=CARTESIAN_POINT('',(65.1792740578363,55.4999999999987,-10.));
#4250=CARTESIAN_POINT('',(68.0376043070339,50.5492267835775,-10.));
#4251=CARTESIAN_POINT('',(69.2207259421637,55.4999999999987,-10.));
#4252=CARTESIAN_POINT('',(32.5896370289185,55.4999999999987,-10.));
#4253=CARTESIAN_POINT('',(71.2414518843274,58.9999999999987,-10.));
#4254=CARTESIAN_POINT('',(48.5520327218845,19.7007732164205,-10.));
#4255=CARTESIAN_POINT('',(75.1101451046068,52.2992267835775,-10.));
#4256=CARTESIAN_POINT('Origin',(7.105427357601E-13,-6.3948846218409E-13,
-4.));
#4257=CARTESIAN_POINT('',(-63.2,-55.,-4.));
#4258=CARTESIAN_POINT('',(-63.2,-27.5000000000003,-4.));
#4259=CARTESIAN_POINT('',(63.2,-55.,-4.));
#4260=CARTESIAN_POINT('',(31.6000000000004,-55.,-4.));
#4261=CARTESIAN_POINT('',(63.2,27.4999999999997,-4.));
#4262=CARTESIAN_POINT('Origin',(-73.1999999999986,64.9999999999987,-10.));
#4263=CARTESIAN_POINT('',(-73.1999999999986,64.9999999999987,8.));
#4264=CARTESIAN_POINT('',(-73.1999999999986,-65.,8.));
#4265=CARTESIAN_POINT('',(-73.1999999999986,32.499999999999,8.));
#4266=CARTESIAN_POINT('',(-73.1999999999986,64.9999999999987,-10.));
#4267=CARTESIAN_POINT('',(-73.1999999999986,-65.,-10.));
#4268=CARTESIAN_POINT('Origin',(-73.1999999999986,-65.,-10.));
#4269=CARTESIAN_POINT('',(73.2,-65.,8.));
#4270=CARTESIAN_POINT('',(-36.5999999999989,-65.,8.));
#4271=CARTESIAN_POINT('',(73.2,-65.,-10.));
#4272=CARTESIAN_POINT('Origin',(63.2,55.,-10.));
#4273=CARTESIAN_POINT('',(63.2,-55.,8.));
#4274=CARTESIAN_POINT('',(63.2,27.5,8.));
#4275=CARTESIAN_POINT('',(63.2,-55.,-10.));
#4276=CARTESIAN_POINT('Origin',(63.2,-55.,-10.));
#4277=CARTESIAN_POINT('',(-63.2,-55.,8.));
#4278=CARTESIAN_POINT('',(31.6,-55.,8.));
#4279=CARTESIAN_POINT('',(-63.2,-55.,-10.));
#4280=CARTESIAN_POINT('Origin',(-63.2,-55.,-10.));
#4281=CARTESIAN_POINT('',(-63.2,-27.5,8.));
#4282=CARTESIAN_POINT('Origin',(67.2,58.9999999999987,14.));
#4283=CARTESIAN_POINT('',(69.3,58.9999999999987,8.));
#4284=CARTESIAN_POINT('Origin',(67.2,58.9999999999987,8.));
#4285=CARTESIAN_POINT('',(69.3,58.9999999999987,-4.));
#4286=CARTESIAN_POINT('',(69.3,58.9999999999987,14.));
#4287=CARTESIAN_POINT('Origin',(67.2,58.9999999999987,-4.));
#4288=CARTESIAN_POINT('Origin',(67.2,-59.,14.));
#4289=CARTESIAN_POINT('',(69.3,-59.,8.));
#4290=CARTESIAN_POINT('Origin',(67.2,-59.,8.));
#4291=CARTESIAN_POINT('',(69.3,-59.,-4.));
#4292=CARTESIAN_POINT('',(69.3,-59.,14.));
#4293=CARTESIAN_POINT('Origin',(67.2,-59.,-4.));
#4294=CARTESIAN_POINT('Origin',(-67.1999999999986,58.9999999999987,14.));
#4295=CARTESIAN_POINT('',(-65.0999999999986,58.9999999999987,8.));
#4296=CARTESIAN_POINT('Origin',(-67.1999999999986,58.9999999999987,8.));
#4297=CARTESIAN_POINT('',(-65.0999999999986,58.9999999999987,-4.));
#4298=CARTESIAN_POINT('',(-65.0999999999986,58.9999999999987,14.));
#4299=CARTESIAN_POINT('Origin',(-67.1999999999986,58.9999999999987,-4.));
#4300=CARTESIAN_POINT('Origin',(-67.1999999999986,-59.,14.));
#4301=CARTESIAN_POINT('',(-65.0999999999986,-59.,8.));
#4302=CARTESIAN_POINT('Origin',(-67.1999999999986,-59.,8.));
#4303=CARTESIAN_POINT('',(-65.0999999999986,-59.,-4.));
#4304=CARTESIAN_POINT('',(-65.0999999999986,-59.,14.));
#4305=CARTESIAN_POINT('Origin',(-67.1999999999986,-59.,-4.));
#4306=CARTESIAN_POINT('Origin',(-67.1999999999986,-59.,-4.));
#4307=CARTESIAN_POINT('',(-71.241451884326,-59.,-4.));
#4308=CARTESIAN_POINT('',(-69.2207259421623,-62.5,-4.));
#4309=CARTESIAN_POINT('',(-71.241451884326,-59.,-4.));
#4310=CARTESIAN_POINT('',(-69.2207259421623,-55.5,-4.));
#4311=CARTESIAN_POINT('',(-69.2207259421623,-55.5,-4.));
#4312=CARTESIAN_POINT('',(-65.1792740578349,-55.5,-4.));
#4313=CARTESIAN_POINT('',(-65.1792740578349,-55.5,-4.));
#4314=CARTESIAN_POINT('',(-63.1585481156712,-59.,-4.));
#4315=CARTESIAN_POINT('',(-63.1585481156712,-59.,-4.));
#4316=CARTESIAN_POINT('',(-65.1792740578349,-62.5,-4.));
#4317=CARTESIAN_POINT('',(-65.1792740578349,-62.5,-4.));
#4318=CARTESIAN_POINT('',(-69.2207259421623,-62.5,-4.));
#4319=CARTESIAN_POINT('Origin',(-71.241451884326,-59.,-10.));
#4320=CARTESIAN_POINT('',(-71.241451884326,-59.,-10.));
#4321=CARTESIAN_POINT('',(-69.2207259421623,-62.5,-10.));
#4322=CARTESIAN_POINT('Origin',(-69.2207259421623,-62.5,-10.));
#4323=CARTESIAN_POINT('',(-65.1792740578349,-62.5,-10.));
#4324=CARTESIAN_POINT('Origin',(-65.1792740578349,-62.5,-10.));
#4325=CARTESIAN_POINT('',(-63.1585481156712,-59.,-10.));
#4326=CARTESIAN_POINT('Origin',(-63.1585481156712,-59.,-10.));
#4327=CARTESIAN_POINT('',(-65.1792740578349,-55.5,-10.));
#4328=CARTESIAN_POINT('Origin',(-65.1792740578349,-55.5,-10.));
#4329=CARTESIAN_POINT('',(-69.2207259421623,-55.5,-10.));
#4330=CARTESIAN_POINT('Origin',(-69.2207259421623,-55.5,-10.));
#4331=CARTESIAN_POINT('Origin',(-67.1999999999986,58.9999999999987,-4.));
#4332=CARTESIAN_POINT('',(-63.1585481156712,58.9999999999987,-4.));
#4333=CARTESIAN_POINT('',(-65.1792740578349,62.4999999999987,-4.));
#4334=CARTESIAN_POINT('',(-63.1585481156712,58.9999999999987,-4.));
#4335=CARTESIAN_POINT('',(-65.1792740578349,55.4999999999987,-4.));
#4336=CARTESIAN_POINT('',(-65.1792740578349,55.4999999999987,-4.));
#4337=CARTESIAN_POINT('',(-69.2207259421623,55.4999999999987,-4.));
#4338=CARTESIAN_POINT('',(-69.2207259421623,55.4999999999987,-4.));
#4339=CARTESIAN_POINT('',(-71.241451884326,58.9999999999987,-4.));
#4340=CARTESIAN_POINT('',(-71.241451884326,58.9999999999987,-4.));
#4341=CARTESIAN_POINT('',(-69.2207259421623,62.4999999999987,-4.));
#4342=CARTESIAN_POINT('',(-69.2207259421623,62.4999999999987,-4.));
#4343=CARTESIAN_POINT('',(-65.1792740578349,62.4999999999987,-4.));
#4344=CARTESIAN_POINT('Origin',(-63.1585481156712,58.9999999999987,-10.));
#4345=CARTESIAN_POINT('',(-63.1585481156712,58.9999999999987,-10.));
#4346=CARTESIAN_POINT('',(-65.1792740578349,62.4999999999987,-10.));
#4347=CARTESIAN_POINT('Origin',(-65.1792740578349,62.4999999999987,-10.));
#4348=CARTESIAN_POINT('',(-69.2207259421623,62.4999999999987,-10.));
#4349=CARTESIAN_POINT('Origin',(-69.2207259421623,62.4999999999987,-10.));
#4350=CARTESIAN_POINT('',(-71.241451884326,58.9999999999987,-10.));
#4351=CARTESIAN_POINT('Origin',(-71.241451884326,58.9999999999987,-10.));
#4352=CARTESIAN_POINT('',(-69.2207259421623,55.4999999999987,-10.));
#4353=CARTESIAN_POINT('Origin',(-69.2207259421623,55.4999999999987,-10.));
#4354=CARTESIAN_POINT('',(-65.1792740578349,55.4999999999987,-10.));
#4355=CARTESIAN_POINT('Origin',(-65.1792740578349,55.4999999999987,-10.));
#4356=CARTESIAN_POINT('Origin',(67.2,-59.,-4.));
#4357=CARTESIAN_POINT('',(71.2414518843274,-59.,-4.));
#4358=CARTESIAN_POINT('',(69.2207259421637,-55.5,-4.));
#4359=CARTESIAN_POINT('',(71.2414518843274,-59.,-4.));
#4360=CARTESIAN_POINT('',(69.2207259421637,-62.5,-4.));
#4361=CARTESIAN_POINT('',(69.2207259421637,-62.5,-4.));
#4362=CARTESIAN_POINT('',(65.1792740578363,-62.5,-4.));
#4363=CARTESIAN_POINT('',(65.1792740578363,-62.5,-4.));
#4364=CARTESIAN_POINT('',(63.1585481156726,-59.,-4.));
#4365=CARTESIAN_POINT('',(63.1585481156726,-59.,-4.));
#4366=CARTESIAN_POINT('',(65.1792740578363,-55.5,-4.));
#4367=CARTESIAN_POINT('',(65.1792740578363,-55.5,-4.));
#4368=CARTESIAN_POINT('',(69.2207259421637,-55.5,-4.));
#4369=CARTESIAN_POINT('Origin',(71.2414518843274,-59.,-10.));
#4370=CARTESIAN_POINT('',(71.2414518843274,-59.,-10.));
#4371=CARTESIAN_POINT('',(69.2207259421637,-55.5,-10.));
#4372=CARTESIAN_POINT('Origin',(69.2207259421637,-55.5,-10.));
#4373=CARTESIAN_POINT('',(65.1792740578363,-55.5,-10.));
#4374=CARTESIAN_POINT('Origin',(65.1792740578363,-55.5,-10.));
#4375=CARTESIAN_POINT('',(63.1585481156726,-59.,-10.));
#4376=CARTESIAN_POINT('Origin',(63.1585481156726,-59.,-10.));
#4377=CARTESIAN_POINT('',(65.1792740578363,-62.5,-10.));
#4378=CARTESIAN_POINT('Origin',(65.1792740578363,-62.5,-10.));
#4379=CARTESIAN_POINT('',(69.2207259421637,-62.5,-10.));
#4380=CARTESIAN_POINT('Origin',(69.2207259421637,-62.5,-10.));
#4381=CARTESIAN_POINT('Origin',(67.2,58.9999999999987,-4.));
#4382=CARTESIAN_POINT('',(65.1792740578363,62.4999999999987,-4.));
#4383=CARTESIAN_POINT('',(63.1585481156726,58.9999999999987,-4.));
#4384=CARTESIAN_POINT('',(65.1792740578363,62.4999999999987,-4.));
#4385=CARTESIAN_POINT('',(69.2207259421637,62.4999999999987,-4.));
#4386=CARTESIAN_POINT('',(69.2207259421637,62.4999999999987,-4.));
#4387=CARTESIAN_POINT('',(71.2414518843274,58.9999999999987,-4.));
#4388=CARTESIAN_POINT('',(71.2414518843274,58.9999999999987,-4.));
#4389=CARTESIAN_POINT('',(69.2207259421637,55.4999999999987,-4.));
#4390=CARTESIAN_POINT('',(69.2207259421637,55.4999999999987,-4.));
#4391=CARTESIAN_POINT('',(65.1792740578363,55.4999999999987,-4.));
#4392=CARTESIAN_POINT('',(65.1792740578363,55.4999999999987,-4.));
#4393=CARTESIAN_POINT('',(63.1585481156726,58.9999999999987,-4.));
#4394=CARTESIAN_POINT('Origin',(65.1792740578363,62.4999999999987,-10.));
#4395=CARTESIAN_POINT('',(65.1792740578363,62.4999999999987,-10.));
#4396=CARTESIAN_POINT('',(63.1585481156726,58.9999999999987,-10.));
#4397=CARTESIAN_POINT('Origin',(63.1585481156726,58.9999999999987,-10.));
#4398=CARTESIAN_POINT('',(65.1792740578363,55.4999999999987,-10.));
#4399=CARTESIAN_POINT('Origin',(65.1792740578363,55.4999999999987,-10.));
#4400=CARTESIAN_POINT('',(69.2207259421637,55.4999999999987,-10.));
#4401=CARTESIAN_POINT('Origin',(69.2207259421637,55.4999999999987,-10.));
#4402=CARTESIAN_POINT('',(71.2414518843274,58.9999999999987,-10.));
#4403=CARTESIAN_POINT('Origin',(71.2414518843274,58.9999999999987,-10.));
#4404=CARTESIAN_POINT('',(69.2207259421637,62.4999999999987,-10.));
#4405=CARTESIAN_POINT('Origin',(69.2207259421637,62.4999999999987,-10.));
#4406=CARTESIAN_POINT('Origin',(67.2,-59.,8.));
#4407=CARTESIAN_POINT('',(36.6000000000004,64.9999999999987,8.));
#4408=CARTESIAN_POINT('',(73.2,64.9999999999987,8.));
#4409=CARTESIAN_POINT('',(73.2,-32.5000000000003,8.));
#4410=CARTESIAN_POINT('',(36.6000000000004,64.9999999999987,8.));
#4411=CARTESIAN_POINT('Origin',(73.2,-65.,-10.));
#4412=CARTESIAN_POINT('',(73.2,64.9999999999987,-10.));
#4413=CARTESIAN_POINT('Origin',(73.2,64.9999999999987,-10.));
#4414=CARTESIAN_POINT('Origin',(-73.1999999999986,64.9999999999987,-10.));
#4415=CARTESIAN_POINT('',(-73.1999999999986,64.9999999999987,8.));
#4416=CARTESIAN_POINT('',(-73.1999999999986,-65.,8.));
#4417=CARTESIAN_POINT('',(-73.1999999999986,32.499999999999,8.));
#4418=CARTESIAN_POINT('',(-73.1999999999986,-65.,14.));
#4419=CARTESIAN_POINT('',(-73.1999999999986,-65.,-10.));
#4420=CARTESIAN_POINT('',(-73.1999999999986,64.9999999999987,14.));
#4421=CARTESIAN_POINT('',(-73.1999999999986,-65.,14.));
#4422=CARTESIAN_POINT('',(-73.1999999999986,64.9999999999987,-10.));
#4423=CARTESIAN_POINT('Origin',(-73.1999999999986,-65.,-10.));
#4424=CARTESIAN_POINT('',(73.2,-65.,8.));
#4425=CARTESIAN_POINT('',(-36.5999999999989,-65.,8.));
#4426=CARTESIAN_POINT('',(73.2,-65.,14.));
#4427=CARTESIAN_POINT('',(73.2,-65.,-10.));
#4428=CARTESIAN_POINT('',(73.2,-65.,14.));
#4429=CARTESIAN_POINT('Origin',(67.2,-59.,14.));
#4430=CARTESIAN_POINT('',(70.3,-59.,14.));
#4431=CARTESIAN_POINT('Origin',(67.2,-59.,14.));
#4432=CARTESIAN_POINT('',(70.3,-59.,8.));
#4433=CARTESIAN_POINT('',(70.3,-59.,14.));
#4434=CARTESIAN_POINT('Origin',(67.2,-59.,8.));
#4435=CARTESIAN_POINT('Origin',(67.2,58.9999999999987,14.));
#4436=CARTESIAN_POINT('',(70.3,58.9999999999987,14.));
#4437=CARTESIAN_POINT('Origin',(67.2,58.9999999999987,14.));
#4438=CARTESIAN_POINT('',(70.3,58.9999999999987,8.));
#4439=CARTESIAN_POINT('',(70.3,58.9999999999987,14.));
#4440=CARTESIAN_POINT('Origin',(67.2,58.9999999999987,8.));
#4441=CARTESIAN_POINT('Origin',(-67.1999999999986,-59.,14.));
#4442=CARTESIAN_POINT('',(-64.0999999999986,-59.,14.));
#4443=CARTESIAN_POINT('Origin',(-67.1999999999986,-59.,14.));
#4444=CARTESIAN_POINT('',(-64.0999999999986,-59.,8.));
#4445=CARTESIAN_POINT('',(-64.0999999999986,-59.,14.));
#4446=CARTESIAN_POINT('Origin',(-67.1999999999986,-59.,8.));
#4447=CARTESIAN_POINT('Origin',(-67.1999999999986,58.9999999999987,14.));
#4448=CARTESIAN_POINT('',(-64.0999999999986,58.9999999999987,14.));
#4449=CARTESIAN_POINT('Origin',(-67.1999999999986,58.9999999999987,14.));
#4450=CARTESIAN_POINT('',(-64.0999999999986,58.9999999999987,8.));
#4451=CARTESIAN_POINT('',(-64.0999999999986,58.9999999999987,14.));
#4452=CARTESIAN_POINT('Origin',(-67.1999999999986,58.9999999999987,8.));
#4453=CARTESIAN_POINT('Origin',(60.1025505095257,-39.7300007864073,14.));
#4454=CARTESIAN_POINT('',(60.1025500989234,-51.9774464399298,8.));
#4455=CARTESIAN_POINT('',(60.1025505095257,-39.7300007864073,8.));
#4456=CARTESIAN_POINT('',(60.1025511755107,-19.8650014006891,8.));
#4457=CARTESIAN_POINT('',(60.1025500989234,-51.9774464399298,14.));
#4458=CARTESIAN_POINT('',(60.1025500989234,-51.9774464399298,14.));
#4459=CARTESIAN_POINT('',(60.1025505095257,-39.7300007864073,14.));
#4460=CARTESIAN_POINT('',(60.1025511755107,-19.8650014006895,14.));
#4461=CARTESIAN_POINT('',(60.1025505095257,-39.7300007864073,14.));
#4462=CARTESIAN_POINT('Origin',(44.6808387557482,-39.7300005045197,14.));
#4463=CARTESIAN_POINT('',(44.6808387557482,-39.7300005045197,8.));
#4464=CARTESIAN_POINT('',(22.3404190147693,-39.7300000961676,8.));
#4465=CARTESIAN_POINT('',(44.6808387557482,-39.7300005045197,14.));
#4466=CARTESIAN_POINT('',(22.3404190147697,-39.7300000961676,14.));
#4467=CARTESIAN_POINT('',(44.6808387557482,-39.7300005045197,14.));
#4468=CARTESIAN_POINT('Origin',(44.2100000813399,-48.3154844687602,14.));
#4469=CARTESIAN_POINT('',(44.2100000813399,-48.3154844687602,8.));
#4470=CARTESIAN_POINT('',(45.4645854497668,-25.4388111030144,8.));
#4471=CARTESIAN_POINT('',(44.2100000813399,-48.3154844687602,14.));
#4472=CARTESIAN_POINT('',(45.4645854497668,-25.4388111030147,14.));
#4473=CARTESIAN_POINT('',(44.2100000813399,-48.3154844687602,14.));
#4474=CARTESIAN_POINT('Origin',(44.2100000813399,-51.9774464399298,14.));
#4475=CARTESIAN_POINT('',(44.2100000813399,-51.9774464399298,8.));
#4476=CARTESIAN_POINT('',(44.2100000813399,-25.9887232199649,8.));
#4477=CARTESIAN_POINT('',(44.2100000813399,-51.9774464399298,14.));
#4478=CARTESIAN_POINT('',(44.2100000813399,-25.9887232199652,14.));
#4479=CARTESIAN_POINT('',(44.2100000813399,-51.9774464399298,14.));
#4480=CARTESIAN_POINT('Origin',(60.1025500989234,-51.9774464399298,14.));
#4481=CARTESIAN_POINT('',(30.0512750494617,-51.9774464399298,8.));
#4482=CARTESIAN_POINT('',(30.0512750494621,-51.9774464399298,14.));
#4483=CARTESIAN_POINT('Origin',(43.4912022647621,15.7926656933142,14.));
#4484=CARTESIAN_POINT('',(46.7830999967292,28.8877661086501,8.));
#4485=CARTESIAN_POINT('',(43.4912022647621,15.7926656933142,8.));
#4486=CARTESIAN_POINT('',(40.3316656435845,3.22409501188868,8.));
#4487=CARTESIAN_POINT('',(46.7830999967292,28.8877661086501,14.));
#4488=CARTESIAN_POINT('',(46.7830999967292,28.8877661086501,14.));
#4489=CARTESIAN_POINT('',(43.4912022647621,15.7926656933142,14.));
#4490=CARTESIAN_POINT('',(40.3316656435844,3.22409501188846,14.));
#4491=CARTESIAN_POINT('',(43.4912022647621,15.7926656933142,14.));
#4492=CARTESIAN_POINT('Origin',(45.8104415852758,12.6068275751121,14.));
#4493=CARTESIAN_POINT('',(45.8104415852758,12.6068275751121,8.));
#4494=CARTESIAN_POINT('',(40.8756197721393,19.3855775297926,8.));
#4495=CARTESIAN_POINT('',(45.8104415852758,12.6068275751121,14.));
#4496=CARTESIAN_POINT('',(40.8756197721396,19.3855775297922,14.));
#4497=CARTESIAN_POINT('',(45.8104415852758,12.6068275751121,14.));
#4498=CARTESIAN_POINT('Origin',(60.1675343864988,12.3157228715208,14.));
#4499=CARTESIAN_POINT('',(60.1675343864988,12.3157228715208,8.));
#4500=CARTESIAN_POINT('',(30.2209356717577,12.9229207118579,8.));
#4501=CARTESIAN_POINT('',(60.1675343864988,12.3157228715208,14.));
#4502=CARTESIAN_POINT('',(30.220935671758,12.9229207118579,14.));
#4503=CARTESIAN_POINT('',(60.1675343864988,12.3157228715208,14.));
#4504=CARTESIAN_POINT('Origin',(60.1675311255017,30.0599335517619,14.));
#4505=CARTESIAN_POINT('',(60.1675311255017,30.0599335517619,8.));
#4506=CARTESIAN_POINT('',(60.1675338876793,15.0299723046184,8.));
#4507=CARTESIAN_POINT('',(60.1675311255017,30.0599335517619,14.));
#4508=CARTESIAN_POINT('',(60.1675338876793,15.0299723046181,14.));
#4509=CARTESIAN_POINT('',(60.1675311255017,30.0599335517619,14.));
#4510=CARTESIAN_POINT('Origin',(46.7830999967292,28.8877661086501,14.));
#4511=CARTESIAN_POINT('',(22.3142680783561,26.7448608278992,8.));
#4512=CARTESIAN_POINT('',(22.3142680783564,26.7448608278993,14.));
#4513=CARTESIAN_POINT('Origin',(-39.14,-9.57089602901086,14.));
#4514=CARTESIAN_POINT('',(-39.2636396647714,-9.6023803497366,8.));
#4515=CARTESIAN_POINT('',(-39.14,-9.57089602901086,8.));
#4516=CARTESIAN_POINT('',(-19.6173423848313,-4.59953336063655,8.));
#4517=CARTESIAN_POINT('',(-39.2636396647714,-9.6023803497366,14.));
#4518=CARTESIAN_POINT('',(-39.2636396647714,-9.6023803497366,14.));
#4519=CARTESIAN_POINT('',(-39.14,-9.57089602901086,14.));
#4520=CARTESIAN_POINT('',(-19.6173423848311,-4.59953336063649,14.));
#4521=CARTESIAN_POINT('',(-39.14,-9.57089602901086,14.));
#4522=CARTESIAN_POINT('Origin',(-39.14,8.54886754124836,14.));
#4523=CARTESIAN_POINT('',(-39.14,8.54886754124836,8.));
#4524=CARTESIAN_POINT('',(-39.14,4.27443377062418,8.));
#4525=CARTESIAN_POINT('',(-39.14,8.54886754124836,14.));
#4526=CARTESIAN_POINT('',(-39.14,4.27443377062386,14.));
#4527=CARTESIAN_POINT('',(-39.14,8.54886754124836,14.));
#4528=CARTESIAN_POINT('Origin',(-40.3263475187088,8.62383285740976,14.));
#4529=CARTESIAN_POINT('',(-40.3263475187088,8.62383285740976,8.));
#4530=CARTESIAN_POINT('',(-19.9719782461339,7.33763998076828,8.));
#4531=CARTESIAN_POINT('',(-40.3263475187088,8.62383285740976,14.));
#4532=CARTESIAN_POINT('',(-19.9719782461335,7.33763998076825,14.));
#4533=CARTESIAN_POINT('',(-40.3263475187088,8.62383285740976,14.));
#4534=CARTESIAN_POINT('Origin',(-47.3440062469343,-0.623970908062816,14.));
#4535=CARTESIAN_POINT('',(-47.3440062469343,-0.623970908062816,8.));
#4536=CARTESIAN_POINT('',(-38.5435299162835,10.9732128964457,8.));
#4537=CARTESIAN_POINT('',(-47.3440062469343,-0.623970908062816,14.));
#4538=CARTESIAN_POINT('',(-38.5435299162836,10.9732128964457,14.));
#4539=CARTESIAN_POINT('',(-47.3440062469343,-0.623970908062816,14.));
#4540=CARTESIAN_POINT('Origin',(-39.2636396647714,-9.6023803497366,14.));
#4541=CARTESIAN_POINT('',(-32.8656975776347,-16.7113825290727,8.));
#4542=CARTESIAN_POINT('',(-32.8656975776344,-16.711382529073,14.));
#4543=CARTESIAN_POINT('Origin',(14.0095287291279,50.582015,14.));
#4544=CARTESIAN_POINT('',(13.9867026842718,52.1018124318988,8.));
#4545=CARTESIAN_POINT('',(14.0095287291279,50.582015,8.));
#4546=CARTESIAN_POINT('',(14.3877124147375,25.4018930034404,8.));
#4547=CARTESIAN_POINT('',(13.9867026842718,52.1018124318988,14.));
#4548=CARTESIAN_POINT('',(13.9867026842718,52.1018124318988,14.));
#4549=CARTESIAN_POINT('',(14.0095287291279,50.582015,14.));
#4550=CARTESIAN_POINT('',(14.3877124147375,25.4018930034401,14.));
#4551=CARTESIAN_POINT('',(14.0095287291279,50.582015,14.));
#4552=CARTESIAN_POINT('Origin',(35.2899128741349,50.582015,14.));
#4553=CARTESIAN_POINT('',(35.2899128741349,50.582015,8.));
#4554=CARTESIAN_POINT('',(17.6449564370675,50.582015,8.));
#4555=CARTESIAN_POINT('',(35.2899128741349,50.582015,14.));
#4556=CARTESIAN_POINT('',(17.6449564370678,50.582015,14.));
#4557=CARTESIAN_POINT('',(35.2899128741349,50.582015,14.));
#4558=CARTESIAN_POINT('Origin',(35.424688479475,52.1018124318988,14.));
#4559=CARTESIAN_POINT('',(35.424688479475,52.1018124318988,8.));
#4560=CARTESIAN_POINT('',(32.9943151063544,24.6957013504141,8.));
#4561=CARTESIAN_POINT('',(35.424688479475,52.1018124318988,14.));
#4562=CARTESIAN_POINT('',(32.9943151063544,24.6957013504138,14.));
#4563=CARTESIAN_POINT('',(35.424688479475,52.1018124318988,14.));
#4564=CARTESIAN_POINT('Origin',(13.9867026842718,52.1018124318988,14.));
#4565=CARTESIAN_POINT('',(6.99335134213592,52.1018124318988,8.));
#4566=CARTESIAN_POINT('',(6.99335134213627,52.1018124318988,14.));
#4567=CARTESIAN_POINT('Origin',(41.6334347705492,51.9947213040543,14.));
#4568=CARTESIAN_POINT('',(60.0870136792713,51.9947213040543,8.));
#4569=CARTESIAN_POINT('',(41.6334347705492,51.9947213040543,8.));
#4570=CARTESIAN_POINT('',(20.8167173852746,51.9947213040543,8.));
#4571=CARTESIAN_POINT('',(60.0870136792713,51.9947213040543,14.));
#4572=CARTESIAN_POINT('',(60.0870136792713,51.9947213040543,14.));
#4573=CARTESIAN_POINT('',(41.6334347705492,51.9947213040543,14.));
#4574=CARTESIAN_POINT('',(20.8167173852749,51.9947213040543,14.));
#4575=CARTESIAN_POINT('',(41.6334347705492,51.9947213040543,14.));
#4576=CARTESIAN_POINT('Origin',(40.9645,44.4514916581268,14.));
#4577=CARTESIAN_POINT('',(40.9645,44.4514916581268,8.));
#4578=CARTESIAN_POINT('',(38.8490775748227,20.5969727217627,8.));
#4579=CARTESIAN_POINT('',(40.9645,44.4514916581268,14.));
#4580=CARTESIAN_POINT('',(38.8490775748226,20.5969727217624,14.));
#4581=CARTESIAN_POINT('',(40.9645,44.4514916581268,14.));
#4582=CARTESIAN_POINT('Origin',(40.9645,39.879557422306,14.));
#4583=CARTESIAN_POINT('',(40.9645,39.879557422306,8.));
#4584=CARTESIAN_POINT('',(40.9645,19.939778711153,8.));
#4585=CARTESIAN_POINT('',(40.9645,39.879557422306,14.));
#4586=CARTESIAN_POINT('',(40.9645,19.9397787111527,14.));
#4587=CARTESIAN_POINT('',(40.9645,39.879557422306,14.));
#4588=CARTESIAN_POINT('Origin',(45.8228981190959,34.7787613244437,14.));
#4589=CARTESIAN_POINT('',(45.8228981190959,34.7787613244437,8.));
#4590=CARTESIAN_POINT('',(43.6088829368998,37.1032394188933,8.));
#4591=CARTESIAN_POINT('',(45.8228981190959,34.7787613244437,14.));
#4592=CARTESIAN_POINT('',(43.6088829369002,37.103239418893,14.));
#4593=CARTESIAN_POINT('',(45.8228981190959,34.7787613244437,14.));
#4594=CARTESIAN_POINT('Origin',(60.0870136792713,36.0279648409821,14.));
#4595=CARTESIAN_POINT('',(60.0870136792713,36.0279648409821,8.));
#4596=CARTESIAN_POINT('',(28.7065801111046,33.2797714602933,8.));
#4597=CARTESIAN_POINT('',(60.0870136792713,36.0279648409821,14.));
#4598=CARTESIAN_POINT('',(28.7065801111049,33.2797714602934,14.));
#4599=CARTESIAN_POINT('',(60.0870136792713,36.0279648409821,14.));
#4600=CARTESIAN_POINT('Origin',(60.0870136792713,51.9947213040543,14.));
#4601=CARTESIAN_POINT('',(60.0870136792713,25.9973606520271,8.));
#4602=CARTESIAN_POINT('',(60.0870136792713,25.9973606520268,14.));
#4603=CARTESIAN_POINT('Origin',(-27.6865774456695,29.2767304920387,14.));
#4604=CARTESIAN_POINT('',(-26.7471723363665,15.091631161015,8.));
#4605=CARTESIAN_POINT('',(-27.6865774456695,29.2767304920387,8.));
#4606=CARTESIAN_POINT('',(-26.6609402471057,13.7895190694662,8.));
#4607=CARTESIAN_POINT('',(-26.7471723363665,15.091631161015,14.));
#4608=CARTESIAN_POINT('',(-26.7471723363665,15.091631161015,14.));
#4609=CARTESIAN_POINT('',(-27.6865774456695,29.2767304920387,14.));
#4610=CARTESIAN_POINT('',(-26.6609402471057,13.7895190694659,14.));
#4611=CARTESIAN_POINT('',(-27.6865774456695,29.2767304920387,14.));
#4612=CARTESIAN_POINT('Origin',(-34.23,31.3527139273764,14.));
#4613=CARTESIAN_POINT('',(-34.23,31.3527139273764,8.));
#4614=CARTESIAN_POINT('',(-14.1614856465571,24.9857243246626,8.));
#4615=CARTESIAN_POINT('',(-34.23,31.3527139273764,14.));
#4616=CARTESIAN_POINT('',(-14.1614856465567,24.9857243246624,14.));
#4617=CARTESIAN_POINT('',(-34.23,31.3527139273764,14.));
#4618=CARTESIAN_POINT('Origin',(-34.23,25.216,14.));
#4619=CARTESIAN_POINT('',(-34.23,25.216,8.));
#4620=CARTESIAN_POINT('',(-34.23,12.608,8.));
#4621=CARTESIAN_POINT('',(-34.23,25.216,14.));
#4622=CARTESIAN_POINT('',(-34.23,12.6079999999997,14.));
#4623=CARTESIAN_POINT('',(-34.23,25.216,14.));
#4624=CARTESIAN_POINT('Origin',(-44.6598848188231,25.216,14.));
#4625=CARTESIAN_POINT('',(-44.6598848188231,25.216,8.));
#4626=CARTESIAN_POINT('',(-22.3299424094116,25.216,8.));
#4627=CARTESIAN_POINT('',(-44.6598848188231,25.216,14.));
#4628=CARTESIAN_POINT('',(-22.3299424094112,25.216,14.));
#4629=CARTESIAN_POINT('',(-44.6598848188231,25.216,14.));
#4630=CARTESIAN_POINT('Origin',(-39.7214617019177,14.9648935878437,14.));
#4631=CARTESIAN_POINT('',(-39.7214617019177,14.9648935878437,8.));
#4632=CARTESIAN_POINT('',(-33.0547726943344,1.12627814002163,8.));
#4633=CARTESIAN_POINT('',(-39.7214617019177,14.9648935878437,14.));
#4634=CARTESIAN_POINT('',(-33.0547726943342,1.12627814002123,14.));
#4635=CARTESIAN_POINT('',(-39.7214617019177,14.9648935878437,14.));
#4636=CARTESIAN_POINT('Origin',(-27.7091371197764,14.2058321840797,14.));
#4637=CARTESIAN_POINT('',(-27.7091371197764,14.2058321840797,8.));
#4638=CARTESIAN_POINT('',(-13.4626201402337,13.3055916766499,8.));
#4639=CARTESIAN_POINT('',(-27.7091371197764,14.2058321840797,14.));
#4640=CARTESIAN_POINT('',(-13.4626201402334,13.3055916766499,14.));
#4641=CARTESIAN_POINT('',(-27.7091371197764,14.2058321840797,14.));
#4642=CARTESIAN_POINT('Origin',(-26.7471723363665,15.091631161015,14.));
#4643=CARTESIAN_POINT('',(-23.2701561915203,18.2933464389636,8.));
#4644=CARTESIAN_POINT('',(-23.2701561915203,18.2933464389637,14.));
#4645=CARTESIAN_POINT('Origin',(-12.8214845920913,52.0369403461819,14.));
#4646=CARTESIAN_POINT('',(7.63542326020481,52.036933160458,8.));
#4647=CARTESIAN_POINT('',(-12.8214845920913,52.0369403461819,8.));
#4648=CARTESIAN_POINT('',(-6.41073315675992,52.0369380943318,8.));
#4649=CARTESIAN_POINT('',(7.63542326020481,52.036933160458,14.));
#4650=CARTESIAN_POINT('',(7.63542326020481,52.036933160458,14.));
#4651=CARTESIAN_POINT('',(-12.8214845920913,52.0369403461819,14.));
#4652=CARTESIAN_POINT('',(-6.41073315675957,52.0369380943318,14.));
#4653=CARTESIAN_POINT('',(-12.8214845920913,52.0369403461819,14.));
#4654=CARTESIAN_POINT('Origin',(-12.2861662644751,40.1924248491008,14.));
#4655=CARTESIAN_POINT('',(-12.2861662644751,40.1924248491008,8.));
#4656=CARTESIAN_POINT('',(-11.3672376847738,19.8601043558868,8.));
#4657=CARTESIAN_POINT('',(-12.2861662644751,40.1924248491008,14.));
#4658=CARTESIAN_POINT('',(-11.3672376847738,19.8601043558865,14.));
#4659=CARTESIAN_POINT('',(-12.2861662644751,40.1924248491008,14.));
#4660=CARTESIAN_POINT('Origin',(-5.33549999999999,36.9983784370157,14.));
#4661=CARTESIAN_POINT('',(-5.33549999999999,36.9983784370157,8.));
#4662=CARTESIAN_POINT('',(3.88592411177193,32.7608484682618,8.));
#4663=CARTESIAN_POINT('',(-5.33549999999999,36.9983784370157,14.));
#4664=CARTESIAN_POINT('',(3.88592411177235,32.7608484682616,14.));
#4665=CARTESIAN_POINT('',(-5.33549999999999,36.9983784370157,14.));
#4666=CARTESIAN_POINT('Origin',(-5.33549999999999,50.582015,14.));
#4667=CARTESIAN_POINT('',(-5.33549999999999,50.582015,8.));
#4668=CARTESIAN_POINT('',(-5.33549999999999,25.2910075,8.));
#4669=CARTESIAN_POINT('',(-5.33549999999999,50.582015,14.));
#4670=CARTESIAN_POINT('',(-5.33549999999999,25.2910074999997,14.));
#4671=CARTESIAN_POINT('',(-5.33549999999999,50.582015,14.));
#4672=CARTESIAN_POINT('Origin',(7.65727505924914,50.582015,14.));
#4673=CARTESIAN_POINT('',(7.65727505924914,50.582015,8.));
#4674=CARTESIAN_POINT('',(3.82863752962457,50.582015,8.));
#4675=CARTESIAN_POINT('',(7.65727505924914,50.582015,14.));
#4676=CARTESIAN_POINT('',(3.82863752962492,50.582015,14.));
#4677=CARTESIAN_POINT('',(7.65727505924914,50.582015,14.));
#4678=CARTESIAN_POINT('Origin',(7.63542326020481,52.036933160458,14.));
#4679=CARTESIAN_POINT('',(8.0252523326839,26.0816607422118,8.));
#4680=CARTESIAN_POINT('',(8.0252523326839,26.0816607422115,14.));
#4681=CARTESIAN_POINT('Origin',(-44.7980448605789,12.1843872697261,14.));
#4682=CARTESIAN_POINT('',(-52.2315534502938,2.3885744350739,8.));
#4683=CARTESIAN_POINT('',(-44.7980448605789,12.1843872697261,8.));
#4684=CARTESIAN_POINT('',(-39.5466672493581,19.1046069187325,8.));
#4685=CARTESIAN_POINT('',(-52.2315534502938,2.3885744350739,14.));
#4686=CARTESIAN_POINT('',(-52.2315534502938,2.3885744350739,14.));
#4687=CARTESIAN_POINT('',(-44.7980448605789,12.1843872697261,14.));
#4688=CARTESIAN_POINT('',(-39.5466672493581,19.1046069187324,14.));
#4689=CARTESIAN_POINT('',(-44.7980448605789,12.1843872697261,14.));
#4690=CARTESIAN_POINT('Origin',(-50.6751412984193,24.3839726157209,14.));
#4691=CARTESIAN_POINT('',(-50.6751412984193,24.3839726157209,8.));
#4692=CARTESIAN_POINT('',(-41.1353709234076,4.58146569720012,8.));
#4693=CARTESIAN_POINT('',(-50.6751412984193,24.3839726157209,14.));
#4694=CARTESIAN_POINT('',(-41.1353709234074,4.58146569719973,14.));
#4695=CARTESIAN_POINT('',(-50.6751412984193,24.3839726157209,14.));
#4696=CARTESIAN_POINT('Origin',(-60.3183638419685,25.1403142365061,14.));
#4697=CARTESIAN_POINT('',(-60.3183638419685,25.1403142365061,8.));
#4698=CARTESIAN_POINT('',(-29.3636959192414,22.7124636293244,8.));
#4699=CARTESIAN_POINT('',(-60.3183638419685,25.1403142365061,14.));
#4700=CARTESIAN_POINT('',(-29.363695919241,22.7124636293244,14.));
#4701=CARTESIAN_POINT('',(-60.3183638419685,25.1403142365061,14.));
#4702=CARTESIAN_POINT('Origin',(-60.3183638419685,2.07368446166988,14.));
#4703=CARTESIAN_POINT('',(-60.3183638419685,2.07368446166988,8.));
#4704=CARTESIAN_POINT('',(-60.3183638419685,1.03684223083495,8.));
#4705=CARTESIAN_POINT('',(-60.3183638419685,2.07368446166988,14.));
#4706=CARTESIAN_POINT('',(-60.3183638419685,1.03684223083463,14.));
#4707=CARTESIAN_POINT('',(-60.3183638419685,2.07368446166988,14.));
#4708=CARTESIAN_POINT('Origin',(-52.2315534502938,2.3885744350739,14.));
#4709=CARTESIAN_POINT('',(-26.2017477259249,3.40214151965607,8.));
#4710=CARTESIAN_POINT('',(-26.2017477259246,3.40214151965608,14.));
#4711=CARTESIAN_POINT('Origin',(27.1600002097472,18.7119302199558,14.));
#4712=CARTESIAN_POINT('',(27.1600002097472,30.3199999999999,8.));
#4713=CARTESIAN_POINT('',(27.1600002097472,18.7119302199558,8.));
#4714=CARTESIAN_POINT('',(27.1600002097472,9.35596510997791,8.));
#4715=CARTESIAN_POINT('',(27.1600002097472,30.3199999999999,14.));
#4716=CARTESIAN_POINT('',(27.1600002097472,30.3199999999999,14.));
#4717=CARTESIAN_POINT('',(27.1600002097472,18.7119302199558,14.));
#4718=CARTESIAN_POINT('',(27.1600002097472,9.35596510997759,14.));
#4719=CARTESIAN_POINT('',(27.1600002097472,18.7119302199558,14.));
#4720=CARTESIAN_POINT('Origin',(37.9008989115926,18.1140482742953,14.));
#4721=CARTESIAN_POINT('',(37.9008989115926,18.1140482742953,8.));
#4722=CARTESIAN_POINT('',(19.5115791825146,19.1376723270113,8.));
#4723=CARTESIAN_POINT('',(37.9008989115926,18.1140482742953,14.));
#4724=CARTESIAN_POINT('',(19.511579182515,19.1376723270113,14.));
#4725=CARTESIAN_POINT('',(37.9008989115926,18.1140482742953,14.));
#4726=CARTESIAN_POINT('Origin',(41.0492791462607,30.6382303406413,14.));
#4727=CARTESIAN_POINT('',(41.0492791462607,30.6382303406413,8.));
#4728=CARTESIAN_POINT('',(36.2072507757272,11.3767560704066,8.));
#4729=CARTESIAN_POINT('',(41.0492791462607,30.6382303406413,14.));
#4730=CARTESIAN_POINT('',(36.2072507757272,11.3767560704064,14.));
#4731=CARTESIAN_POINT('',(41.0492791462607,30.6382303406413,14.));
#4732=CARTESIAN_POINT('Origin',(40.9645,30.7272392896054,14.));
#4733=CARTESIAN_POINT('',(40.9645,30.7272392896054,8.));
#4734=CARTESIAN_POINT('',(38.8943084273213,32.9007168977892,8.));
#4735=CARTESIAN_POINT('',(40.9645,30.7272392896054,14.));
#4736=CARTESIAN_POINT('',(38.8943084273216,32.9007168977889,14.));
#4737=CARTESIAN_POINT('',(40.9645,30.7272392896054,14.));
#4738=CARTESIAN_POINT('Origin',(40.9645,30.482015,14.));
#4739=CARTESIAN_POINT('',(40.9645,30.482015,8.));
#4740=CARTESIAN_POINT('',(40.9645,15.2410075,8.));
#4741=CARTESIAN_POINT('',(40.9645,30.482015,14.));
#4742=CARTESIAN_POINT('',(40.9645,15.2410074999997,14.));
#4743=CARTESIAN_POINT('',(40.9645,30.482015,14.));
#4744=CARTESIAN_POINT('Origin',(24.7598742601159,30.482015,14.));
#4745=CARTESIAN_POINT('',(24.7598742601159,30.482015,8.));
#4746=CARTESIAN_POINT('',(12.379937130058,30.482015,8.));
#4747=CARTESIAN_POINT('',(24.7598742601159,30.482015,14.));
#4748=CARTESIAN_POINT('',(12.3799371300583,30.482015,14.));
#4749=CARTESIAN_POINT('',(24.7598742601159,30.482015,14.));
#4750=CARTESIAN_POINT('Origin',(24.7252029655293,30.3199999999999,14.));
#4751=CARTESIAN_POINT('',(24.7252029655293,30.3199999999999,8.));
#4752=CARTESIAN_POINT('',(21.0816553130979,13.2941179281692,8.));
#4753=CARTESIAN_POINT('',(24.7252029655293,30.3199999999999,14.));
#4754=CARTESIAN_POINT('',(21.0816553130978,13.2941179281689,14.));
#4755=CARTESIAN_POINT('',(24.7252029655293,30.3199999999999,14.));
#4756=CARTESIAN_POINT('Origin',(27.1600002097472,30.3199999999999,14.));
#4757=CARTESIAN_POINT('',(13.5800001048736,30.3199999999999,8.));
#4758=CARTESIAN_POINT('',(13.5800001048739,30.3199999999999,14.));
#4759=CARTESIAN_POINT('Origin',(-34.23,51.96841791782,14.));
#4760=CARTESIAN_POINT('',(-19.0771780223356,51.96841791782,8.));
#4761=CARTESIAN_POINT('',(-34.23,51.96841791782,8.));
#4762=CARTESIAN_POINT('',(-17.115,51.96841791782,8.));
#4763=CARTESIAN_POINT('',(-19.0771780223356,51.96841791782,14.));
#4764=CARTESIAN_POINT('',(-19.0771780223356,51.96841791782,14.));
#4765=CARTESIAN_POINT('',(-34.23,51.96841791782,14.));
#4766=CARTESIAN_POINT('',(-17.1149999999996,51.96841791782,14.));
#4767=CARTESIAN_POINT('',(-34.23,51.96841791782,14.));
#4768=CARTESIAN_POINT('Origin',(-34.23,37.7174202969441,14.));
#4769=CARTESIAN_POINT('',(-34.23,37.7174202969441,8.));
#4770=CARTESIAN_POINT('',(-34.23,18.8587101484721,8.));
#4771=CARTESIAN_POINT('',(-34.23,37.7174202969441,14.));
#4772=CARTESIAN_POINT('',(-34.23,18.8587101484717,14.));
#4773=CARTESIAN_POINT('',(-34.23,37.7174202969441,14.));
#4774=CARTESIAN_POINT('Origin',(-25.2544410169434,34.8698130979138,14.));
#4775=CARTESIAN_POINT('',(-25.2544410169434,34.8698130979138,8.));
#4776=CARTESIAN_POINT('',(-8.75639798027817,29.6356047093551,8.));
#4777=CARTESIAN_POINT('',(-25.2544410169434,34.8698130979138,14.));
#4778=CARTESIAN_POINT('',(-8.75639798027775,29.6356047093549,14.));
#4779=CARTESIAN_POINT('',(-25.2544410169434,34.8698130979138,14.));
#4780=CARTESIAN_POINT('Origin',(-18.5284399621239,39.8268715542831,14.));
#4781=CARTESIAN_POINT('',(-18.5284399621239,39.8268715542831,8.));
#4782=CARTESIAN_POINT('',(-22.0354911759377,37.2421770627622,8.));
#4783=CARTESIAN_POINT('',(-18.5284399621239,39.8268715542831,14.));
#4784=CARTESIAN_POINT('',(-22.0354911759376,37.2421770627622,14.));
#4785=CARTESIAN_POINT('',(-18.5284399621239,39.8268715542831,14.));
#4786=CARTESIAN_POINT('Origin',(-19.0771780223356,51.96841791782,14.));
#4787=CARTESIAN_POINT('',(-17.8857699256116,25.6069575177769,8.));
#4788=CARTESIAN_POINT('',(-17.8857699256116,25.6069575177766,14.));
#4789=CARTESIAN_POINT('Origin',(-59.7148845797997,-4.86090885132539,14.));
#4790=CARTESIAN_POINT('',(-52.0354731036713,-4.56188457033586,8.));
#4791=CARTESIAN_POINT('',(-59.7148845797997,-4.86090885132539,8.));
#4792=CARTESIAN_POINT('',(-29.8081488421817,-3.69638730192228,8.));
#4793=CARTESIAN_POINT('',(-52.0354731036713,-4.56188457033586,14.));
#4794=CARTESIAN_POINT('',(-52.0354731036713,-4.56188457033586,14.));
#4795=CARTESIAN_POINT('',(-59.7148845797997,-4.86090885132539,14.));
#4796=CARTESIAN_POINT('',(-29.8081488421814,-3.69638730192227,14.));
#4797=CARTESIAN_POINT('',(-59.7148845797997,-4.86090885132539,14.));
#4798=CARTESIAN_POINT('Origin',(-59.7148845797996,-24.4351951227915,14.));
#4799=CARTESIAN_POINT('',(-59.7148845797996,-24.4351951227915,8.));
#4800=CARTESIAN_POINT('',(-59.7148845797996,-12.2175975613958,8.));
#4801=CARTESIAN_POINT('',(-59.7148845797996,-24.4351951227915,14.));
#4802=CARTESIAN_POINT('',(-59.7148845797996,-12.2175975613961,14.));
#4803=CARTESIAN_POINT('',(-59.7148845797996,-24.4351951227915,14.));
#4804=CARTESIAN_POINT('Origin',(-58.19,-24.4539108471608,14.));
#4805=CARTESIAN_POINT('',(-58.19,-24.4539108471608,8.));
#4806=CARTESIAN_POINT('',(-29.2494275642848,-24.8091139779235,8.));
#4807=CARTESIAN_POINT('',(-58.19,-24.4539108471608,14.));
#4808=CARTESIAN_POINT('',(-29.2494275642845,-24.8091139779235,14.));
#4809=CARTESIAN_POINT('',(-58.19,-24.4539108471608,14.));
#4810=CARTESIAN_POINT('Origin',(-58.19,-14.7300000000001,14.));
#4811=CARTESIAN_POINT('',(-58.19,-14.7300000000001,8.));
#4812=CARTESIAN_POINT('',(-58.19,-7.36500000000006,8.));
#4813=CARTESIAN_POINT('',(-58.19,-14.7300000000001,14.));
#4814=CARTESIAN_POINT('',(-58.19,-7.36500000000038,14.));
#4815=CARTESIAN_POINT('',(-58.19,-14.7300000000001,14.));
#4816=CARTESIAN_POINT('Origin',(-44.2076982669348,-14.7300000000001,14.));
#4817=CARTESIAN_POINT('',(-44.2076982669348,-14.7300000000001,8.));
#4818=CARTESIAN_POINT('',(-22.1038491334674,-14.7300000000001,8.));
#4819=CARTESIAN_POINT('',(-44.2076982669348,-14.7300000000001,14.));
#4820=CARTESIAN_POINT('',(-22.103849133467,-14.7300000000001,14.));
#4821=CARTESIAN_POINT('',(-44.2076982669348,-14.7300000000001,14.));
#4822=CARTESIAN_POINT('Origin',(-43.8617556325562,-13.6440111459994,14.));
#4823=CARTESIAN_POINT('',(-43.8617556325562,-13.6440111459994,8.));
#4824=CARTESIAN_POINT('',(-39.8683972049025,-1.10799415505728,8.));
#4825=CARTESIAN_POINT('',(-43.8617556325562,-13.6440111459994,14.));
#4826=CARTESIAN_POINT('',(-39.8683972049026,-1.10799415505747,14.));
#4827=CARTESIAN_POINT('',(-43.8617556325562,-13.6440111459994,14.));
#4828=CARTESIAN_POINT('Origin',(-52.0354731036713,-4.56188457033586,14.));
#4829=CARTESIAN_POINT('',(-41.5266531762877,-16.2386317883105,8.));
#4830=CARTESIAN_POINT('',(-41.5266531762874,-16.2386317883108,14.));
#4831=CARTESIAN_POINT('Origin',(46.3652288916186,6.27452855647863,14.));
#4832=CARTESIAN_POINT('',(59.8744619950629,6.00061600360509,8.));
#4833=CARTESIAN_POINT('',(46.3652288916186,6.27452855647863,8.));
#4834=CARTESIAN_POINT('',(23.255726108416,6.74309571010714,8.));
#4835=CARTESIAN_POINT('',(59.8744619950629,6.00061600360509,14.));
#4836=CARTESIAN_POINT('',(59.8744619950629,6.00061600360509,14.));
#4837=CARTESIAN_POINT('',(46.3652288916186,6.27452855647863,14.));
#4838=CARTESIAN_POINT('',(23.2557261084164,6.74309571010714,14.));
#4839=CARTESIAN_POINT('',(46.3652288916186,6.27452855647863,14.));
#4840=CARTESIAN_POINT('Origin',(44.210000146229,-0.901667740473169,14.));
#4841=CARTESIAN_POINT('',(44.210000146229,-0.901667740473169,8.));
#4842=CARTESIAN_POINT('',(42.5053254936223,-6.57766846926467,8.));
#4843=CARTESIAN_POINT('',(44.210000146229,-0.901667740473169,14.));
#4844=CARTESIAN_POINT('',(42.5053254936222,-6.57766846926487,14.));
#4845=CARTESIAN_POINT('',(44.210000146229,-0.901667740473169,14.));
#4846=CARTESIAN_POINT('Origin',(44.210000146229,-6.70005633865892,14.));
#4847=CARTESIAN_POINT('',(44.210000146229,-6.70005633865892,8.));
#4848=CARTESIAN_POINT('',(44.210000146229,-3.35002816932946,8.));
#4849=CARTESIAN_POINT('',(44.210000146229,-6.70005633865892,14.));
#4850=CARTESIAN_POINT('',(44.210000146229,-3.35002816932978,14.));
#4851=CARTESIAN_POINT('',(44.210000146229,-6.70005633865892,14.));
#4852=CARTESIAN_POINT('Origin',(47.0637589587287,-9.96620307860505,14.));
#4853=CARTESIAN_POINT('',(47.0637589587287,-9.96620307860505,8.));
#4854=CARTESIAN_POINT('',(34.4073137009461,4.5191862391431,8.));
#4855=CARTESIAN_POINT('',(47.0637589587287,-9.96620307860505,14.));
#4856=CARTESIAN_POINT('',(34.4073137009464,4.51918623914275,14.));
#4857=CARTESIAN_POINT('',(47.0637589587287,-9.96620307860505,14.));
#4858=CARTESIAN_POINT('Origin',(59.8744619950629,-9.64794752895618,14.));
#4859=CARTESIAN_POINT('',(59.8744619950629,-9.64794752895618,8.));
#4860=CARTESIAN_POINT('',(30.0754637969426,-10.3882423061929,8.));
#4861=CARTESIAN_POINT('',(59.8744619950629,-9.64794752895618,14.));
#4862=CARTESIAN_POINT('',(30.075463796943,-10.3882423061929,14.));
#4863=CARTESIAN_POINT('',(59.8744619950629,-9.64794752895618,14.));
#4864=CARTESIAN_POINT('Origin',(59.8744619950629,6.00061600360509,14.));
#4865=CARTESIAN_POINT('',(59.8744619950629,3.00030800180255,8.));
#4866=CARTESIAN_POINT('',(59.8744619950629,3.00030800180223,14.));
#4867=CARTESIAN_POINT('Origin',(-60.2743439968332,-51.8199822382831,14.));
#4868=CARTESIAN_POINT('',(-60.2743439968332,-31.3657314072555,8.));
#4869=CARTESIAN_POINT('',(-60.2743439968332,-51.8199822382831,8.));
#4870=CARTESIAN_POINT('',(-60.2743439968332,-25.9099911191416,8.));
#4871=CARTESIAN_POINT('',(-60.2743439968332,-31.3657314072555,14.));
#4872=CARTESIAN_POINT('',(-60.2743439968332,-31.3657314072555,14.));
#4873=CARTESIAN_POINT('',(-60.2743439968332,-51.8199822382831,14.));
#4874=CARTESIAN_POINT('',(-60.2743439968332,-25.9099911191419,14.));
#4875=CARTESIAN_POINT('',(-60.2743439968332,-51.8199822382831,14.));
#4876=CARTESIAN_POINT('Origin',(-48.4227847640667,-51.8199784390156,14.));
#4877=CARTESIAN_POINT('',(-48.4227847640667,-51.8199784390156,8.));
#4878=CARTESIAN_POINT('',(-24.2113840760417,-51.8199706775399,8.));
#4879=CARTESIAN_POINT('',(-48.4227847640667,-51.8199784390156,14.));
#4880=CARTESIAN_POINT('',(-24.2113840760414,-51.8199706775399,14.));
#4881=CARTESIAN_POINT('',(-48.4227847640667,-51.8199784390156,14.));
#4882=CARTESIAN_POINT('Origin',(-46.5203119957175,-40.9300000000001,14.));
#4883=CARTESIAN_POINT('',(-46.5203119957175,-40.9300000000001,8.));
#4884=CARTESIAN_POINT('',(-42.3620995701829,-17.1279017979788,8.));
#4885=CARTESIAN_POINT('',(-46.5203119957175,-40.9300000000001,14.));
#4886=CARTESIAN_POINT('',(-42.362099570183,-17.127901797979,14.));
#4887=CARTESIAN_POINT('',(-46.5203119957175,-40.9300000000001,14.));
#4888=CARTESIAN_POINT('Origin',(-58.19,-40.9300000000001,14.));
#4889=CARTESIAN_POINT('',(-58.19,-40.9300000000001,8.));
#4890=CARTESIAN_POINT('',(-29.095,-40.9300000000001,8.));
#4891=CARTESIAN_POINT('',(-58.19,-40.9300000000001,14.));
#4892=CARTESIAN_POINT('',(-29.0949999999996,-40.9300000000001,14.));
#4893=CARTESIAN_POINT('',(-58.19,-40.9300000000001,14.));
#4894=CARTESIAN_POINT('Origin',(-58.19,-31.3913135670792,14.));
#4895=CARTESIAN_POINT('',(-58.19,-31.3913135670792,8.));
#4896=CARTESIAN_POINT('',(-58.19,-15.6956567835396,8.));
#4897=CARTESIAN_POINT('',(-58.19,-31.3913135670792,14.));
#4898=CARTESIAN_POINT('',(-58.19,-15.6956567835399,14.));
#4899=CARTESIAN_POINT('',(-58.19,-31.3913135670792,14.));
#4900=CARTESIAN_POINT('Origin',(-60.2743439968332,-31.3657314072555,14.));
#4901=CARTESIAN_POINT('',(-30.3341655179489,-31.7332016675199,8.));
#4902=CARTESIAN_POINT('',(-30.3341655179486,-31.7332016675199,14.));
#4903=CARTESIAN_POINT('Origin',(-18.09,28.3199999999999,14.));
#4904=CARTESIAN_POINT('',(-18.09,9.26999999999989,14.));
#4905=CARTESIAN_POINT('',(-18.09,28.3199999999999,14.));
#4906=CARTESIAN_POINT('',(-18.09,9.26999999999989,14.));
#4907=CARTESIAN_POINT('',(-18.09,9.26999999999989,8.));
#4908=CARTESIAN_POINT('',(-18.09,9.26999999999989,14.));
#4909=CARTESIAN_POINT('',(-18.09,28.3199999999999,8.));
#4910=CARTESIAN_POINT('',(-18.09,9.26999999999989,8.));
#4911=CARTESIAN_POINT('',(-18.09,28.3199999999999,14.));
#4912=CARTESIAN_POINT('Origin',(25.1600001914686,28.3199999999999,14.));
#4913=CARTESIAN_POINT('',(25.1600001914686,28.3199999999999,14.));
#4914=CARTESIAN_POINT('',(-18.09,28.3199999999999,14.));
#4915=CARTESIAN_POINT('',(25.1600001914686,28.3199999999999,8.));
#4916=CARTESIAN_POINT('',(-18.09,28.3199999999999,8.));
#4917=CARTESIAN_POINT('',(25.1600001914686,28.3199999999999,14.));
#4918=CARTESIAN_POINT('Origin',(25.1600001914686,9.26999999999989,14.));
#4919=CARTESIAN_POINT('',(25.1600001914686,9.26999999999989,14.));
#4920=CARTESIAN_POINT('',(25.1600001914686,28.3199999999999,14.));
#4921=CARTESIAN_POINT('',(25.1600001914686,9.26999999999989,8.));
#4922=CARTESIAN_POINT('',(25.1600001914686,28.3199999999999,8.));
#4923=CARTESIAN_POINT('',(25.1600001914686,9.26999999999989,14.));
#4924=CARTESIAN_POINT('Origin',(42.2100001279504,9.26999999999989,14.));
#4925=CARTESIAN_POINT('',(42.2100001279504,9.26999999999989,14.));
#4926=CARTESIAN_POINT('',(25.1600001914686,9.26999999999989,14.));
#4927=CARTESIAN_POINT('',(42.2100001279504,9.26999999999989,8.));
#4928=CARTESIAN_POINT('',(25.1600001914686,9.26999999999989,8.));
#4929=CARTESIAN_POINT('',(42.2100001279504,9.26999999999989,14.));
#4930=CARTESIAN_POINT('Origin',(42.2100001279504,-16.7300000000001,14.));
#4931=CARTESIAN_POINT('',(42.2100001279504,-16.7300000000001,14.));
#4932=CARTESIAN_POINT('',(42.2100001279504,9.26999999999989,14.));
#4933=CARTESIAN_POINT('',(42.2100001279504,-16.7300000000001,8.));
#4934=CARTESIAN_POINT('',(42.2100001279504,9.26999999999989,8.));
#4935=CARTESIAN_POINT('',(42.2100001279504,-16.7300000000001,14.));
#4936=CARTESIAN_POINT('Origin',(61.2600001736469,-16.7300000000001,14.));
#4937=CARTESIAN_POINT('',(61.2600001736469,-16.7300000000001,14.));
#4938=CARTESIAN_POINT('',(42.2100001279504,-16.7300000000001,14.));
#4939=CARTESIAN_POINT('',(61.2600001736469,-16.7300000000001,8.));
#4940=CARTESIAN_POINT('',(42.2100001279504,-16.7300000000001,8.));
#4941=CARTESIAN_POINT('',(61.2600001736469,-16.7300000000001,14.));
#4942=CARTESIAN_POINT('Origin',(61.2600001736469,-37.7300008075639,14.));
#4943=CARTESIAN_POINT('',(61.2600001736469,-37.7300008075639,14.));
#4944=CARTESIAN_POINT('',(61.2600001736469,-16.7300000000001,14.));
#4945=CARTESIAN_POINT('',(61.2600001736469,-37.7300008075639,8.));
#4946=CARTESIAN_POINT('',(61.2600001736469,-16.7300000000001,8.));
#4947=CARTESIAN_POINT('',(61.2600001736469,-37.7300008075639,14.));
#4948=CARTESIAN_POINT('Origin',(42.2100000813399,-37.7300004593562,14.));
#4949=CARTESIAN_POINT('',(42.2100000813399,-37.7300004593562,14.));
#4950=CARTESIAN_POINT('',(61.2600001736469,-37.7300008075639,14.));
#4951=CARTESIAN_POINT('',(42.2100000813399,-37.7300004593562,8.));
#4952=CARTESIAN_POINT('',(61.2600001736469,-37.7300008075639,8.));
#4953=CARTESIAN_POINT('',(42.2100000813399,-37.7300004593562,14.));
#4954=CARTESIAN_POINT('Origin',(42.2100000813399,-51.0300000000001,14.));
#4955=CARTESIAN_POINT('',(42.2100000813399,-51.0300000000001,14.));
#4956=CARTESIAN_POINT('',(42.2100000813399,-37.7300004593562,14.));
#4957=CARTESIAN_POINT('',(42.2100000813399,-51.0300000000001,8.));
#4958=CARTESIAN_POINT('',(42.2100000813399,-37.7300004593562,8.));
#4959=CARTESIAN_POINT('',(42.2100000813399,-51.0300000000001,14.));
#4960=CARTESIAN_POINT('Origin',(-37.14,-51.0300000000001,14.));
#4961=CARTESIAN_POINT('',(-37.14,-51.0300000000001,14.));
#4962=CARTESIAN_POINT('',(42.2100000813399,-51.0300000000001,14.));
#4963=CARTESIAN_POINT('',(-37.14,-51.0300000000001,8.));
#4964=CARTESIAN_POINT('',(42.2100000813399,-51.0300000000001,8.));
#4965=CARTESIAN_POINT('',(-37.14,-51.0300000000001,14.));
#4966=CARTESIAN_POINT('Origin',(-37.14,-38.9300000000001,14.));
#4967=CARTESIAN_POINT('',(-37.14,-38.9300000000001,14.));
#4968=CARTESIAN_POINT('',(-37.14,-51.0300000000001,14.));
#4969=CARTESIAN_POINT('',(-37.14,-38.9300000000001,8.));
#4970=CARTESIAN_POINT('',(-37.14,-51.0300000000001,8.));
#4971=CARTESIAN_POINT('',(-37.14,-38.9300000000001,14.));
#4972=CARTESIAN_POINT('Origin',(-56.19,-38.9300000000001,14.));
#4973=CARTESIAN_POINT('',(-56.19,-38.9300000000001,14.));
#4974=CARTESIAN_POINT('',(-37.14,-38.9300000000001,14.));
#4975=CARTESIAN_POINT('',(-56.19,-38.9300000000001,8.));
#4976=CARTESIAN_POINT('',(-37.14,-38.9300000000001,8.));
#4977=CARTESIAN_POINT('',(-56.19,-38.9300000000001,14.));
#4978=CARTESIAN_POINT('Origin',(-56.19,-16.7300000000001,14.));
#4979=CARTESIAN_POINT('',(-56.19,-16.7300000000001,14.));
#4980=CARTESIAN_POINT('',(-56.19,-38.9300000000001,14.));
#4981=CARTESIAN_POINT('',(-56.19,-16.7300000000001,8.));
#4982=CARTESIAN_POINT('',(-56.19,-38.9300000000001,8.));
#4983=CARTESIAN_POINT('',(-56.19,-16.7300000000001,14.));
#4984=CARTESIAN_POINT('Origin',(-37.14,-16.7300000000001,14.));
#4985=CARTESIAN_POINT('',(-37.14,-16.7300000000001,14.));
#4986=CARTESIAN_POINT('',(-56.19,-16.7300000000001,14.));
#4987=CARTESIAN_POINT('',(-37.14,-16.7300000000001,8.));
#4988=CARTESIAN_POINT('',(-56.19,-16.7300000000001,8.));
#4989=CARTESIAN_POINT('',(-37.14,-16.7300000000001,14.));
#4990=CARTESIAN_POINT('Origin',(-37.14,9.26999999999989,14.));
#4991=CARTESIAN_POINT('',(-37.14,9.26999999999989,14.));
#4992=CARTESIAN_POINT('',(-37.14,-16.7300000000001,14.));
#4993=CARTESIAN_POINT('',(-37.14,9.26999999999989,8.));
#4994=CARTESIAN_POINT('',(-37.14,-16.7300000000001,8.));
#4995=CARTESIAN_POINT('',(-37.14,9.26999999999989,14.));
#4996=CARTESIAN_POINT('Origin',(-18.09,9.26999999999989,14.));
#4997=CARTESIAN_POINT('',(-37.14,9.26999999999989,14.));
#4998=CARTESIAN_POINT('',(-37.14,9.26999999999989,8.));
#4999=CARTESIAN_POINT('Origin',(-3.33549999999999,48.582015,14.));
#5000=CARTESIAN_POINT('',(-3.33549999999999,32.482015,14.));
#5001=CARTESIAN_POINT('',(-3.33549999999999,48.582015,14.));
#5002=CARTESIAN_POINT('',(-3.33549999999999,32.482015,14.));
#5003=CARTESIAN_POINT('',(-3.33549999999999,32.482015,8.));
#5004=CARTESIAN_POINT('',(-3.33549999999999,32.482015,14.));
#5005=CARTESIAN_POINT('',(-3.33549999999999,48.582015,8.));
#5006=CARTESIAN_POINT('',(-3.33549999999999,32.482015,8.));
#5007=CARTESIAN_POINT('',(-3.33549999999999,48.582015,14.));
#5008=CARTESIAN_POINT('Origin',(38.9645,48.582015,14.));
#5009=CARTESIAN_POINT('',(38.9645,48.582015,14.));
#5010=CARTESIAN_POINT('',(-3.33549999999999,48.582015,14.));
#5011=CARTESIAN_POINT('',(38.9645,48.582015,8.));
#5012=CARTESIAN_POINT('',(-3.33549999999999,48.582015,8.));
#5013=CARTESIAN_POINT('',(38.9645,48.582015,14.));
#5014=CARTESIAN_POINT('Origin',(38.9645,32.482015,14.));
#5015=CARTESIAN_POINT('',(38.9645,32.482015,14.));
#5016=CARTESIAN_POINT('',(38.9645,48.582015,14.));
#5017=CARTESIAN_POINT('',(38.9645,32.482015,8.));
#5018=CARTESIAN_POINT('',(38.9645,48.582015,8.));
#5019=CARTESIAN_POINT('',(38.9645,32.482015,14.));
#5020=CARTESIAN_POINT('Origin',(-3.33549999999999,32.482015,14.));
#5021=CARTESIAN_POINT('',(38.9645,32.482015,14.));
#5022=CARTESIAN_POINT('',(38.9645,32.482015,8.));
#5023=CARTESIAN_POINT('Origin',(-58.01,27.216,14.));
#5024=CARTESIAN_POINT('',(-36.23,27.216,14.));
#5025=CARTESIAN_POINT('',(-58.01,27.216,14.));
#5026=CARTESIAN_POINT('',(-36.23,27.216,14.));
#5027=CARTESIAN_POINT('',(-36.23,27.216,8.));
#5028=CARTESIAN_POINT('',(-36.23,27.216,14.));
#5029=CARTESIAN_POINT('',(-58.01,27.216,8.));
#5030=CARTESIAN_POINT('',(-36.23,27.216,8.));
#5031=CARTESIAN_POINT('',(-58.01,27.216,14.));
#5032=CARTESIAN_POINT('Origin',(-58.01,55.,14.));
#5033=CARTESIAN_POINT('',(-58.01,55.,14.));
#5034=CARTESIAN_POINT('',(-58.01,27.216,14.));
#5035=CARTESIAN_POINT('',(-58.01,55.,8.));
#5036=CARTESIAN_POINT('',(-58.01,27.216,8.));
#5037=CARTESIAN_POINT('',(-58.01,55.,2.));
#5038=CARTESIAN_POINT('Origin',(-36.23,27.216,14.));
#5039=CARTESIAN_POINT('',(-36.23,55.,14.));
#5040=CARTESIAN_POINT('',(-36.23,55.,14.));
#5041=CARTESIAN_POINT('',(-36.23,55.,8.));
#5042=CARTESIAN_POINT('',(-36.23,55.,2.));
#5043=CARTESIAN_POINT('',(-36.23,55.,8.));
#5044=CARTESIAN_POINT('Origin',(8.88178419700125E-15,0.,8.));
#5045=CARTESIAN_POINT('',(73.2,64.9999999999987,8.));
#5046=CARTESIAN_POINT('',(73.2,-32.5000000000003,8.));
#5047=CARTESIAN_POINT('',(36.6000000000004,64.9999999999987,8.));
#5048=CARTESIAN_POINT('',(-31.5999999999996,55.,8.));
#5049=CARTESIAN_POINT('Origin',(-63.2,55.,-10.));
#5050=CARTESIAN_POINT('',(63.2,55.,14.));
#5051=CARTESIAN_POINT('Origin',(7.105427357601E-13,-6.3948846218409E-13,
14.));
#5052=CARTESIAN_POINT('',(73.2,64.9999999999987,14.));
#5053=CARTESIAN_POINT('',(-73.1999999999986,64.9999999999987,14.));
#5054=CARTESIAN_POINT('',(73.2,64.9999999999987,14.));
#5055=CARTESIAN_POINT('Origin',(73.2,-65.,-10.));
#5056=CARTESIAN_POINT('',(73.2,64.9999999999987,-10.));
#5057=CARTESIAN_POINT('Origin',(73.2,64.9999999999987,-10.));
#5058=UNCERTAINTY_MEASURE_WITH_UNIT(LENGTH_MEASURE(0.01),#5062,
'DISTANCE_ACCURACY_VALUE',
'Maximum model space distance between geometric entities at asserted c
onnectivities');
#5059=UNCERTAINTY_MEASURE_WITH_UNIT(LENGTH_MEASURE(0.01),#5062,
'DISTANCE_ACCURACY_VALUE',
'Maximum model space distance between geometric entities at asserted c
onnectivities');
#5060=(
GEOMETRIC_REPRESENTATION_CONTEXT(3)
GLOBAL_UNCERTAINTY_ASSIGNED_CONTEXT((#5058))
GLOBAL_UNIT_ASSIGNED_CONTEXT((#5062,#5063,#5064))
REPRESENTATION_CONTEXT('','3D')
);
#5061=(
GEOMETRIC_REPRESENTATION_CONTEXT(3)
GLOBAL_UNCERTAINTY_ASSIGNED_CONTEXT((#5059))
GLOBAL_UNIT_ASSIGNED_CONTEXT((#5062,#5063,#5064))
REPRESENTATION_CONTEXT('','3D')
);
#5062=(
LENGTH_UNIT()
NAMED_UNIT(*)
SI_UNIT(.MILLI.,.METRE.)
);
#5063=(
NAMED_UNIT(*)
PLANE_ANGLE_UNIT()
SI_UNIT($,.RADIAN.)
);
#5064=(
NAMED_UNIT(*)
SI_UNIT($,.STERADIAN.)
SOLID_ANGLE_UNIT()
);
#5065=SHAPE_DEFINITION_REPRESENTATION(#5066,#5067);
#5066=PRODUCT_DEFINITION_SHAPE('',$,#5069);
#5067=SHAPE_REPRESENTATION('',(#3226),#5060);
#5068=PRODUCT_DEFINITION_CONTEXT('part definition',#5073,'design');
#5069=PRODUCT_DEFINITION('MacroPad (v2~recovered)',
'MacroPad (v2~recovered)',#5070,#5068);
#5070=PRODUCT_DEFINITION_FORMATION('',$,#5075);
#5071=PRODUCT_RELATED_PRODUCT_CATEGORY('MacroPad (v2~recovered)',
'MacroPad (v2~recovered)',(#5075));
#5072=APPLICATION_PROTOCOL_DEFINITION('international standard',
'automotive_design',2009,#5073);
#5073=APPLICATION_CONTEXT(
'Core Data for Automotive Mechanical Design Process');
#5074=PRODUCT_CONTEXT('part definition',#5073,'mechanical');
#5075=PRODUCT('MacroPad (v2~recovered)','MacroPad (v2~recovered)',$,(#5074));
#5076=PRESENTATION_STYLE_ASSIGNMENT((#5091));
#5077=PRESENTATION_STYLE_ASSIGNMENT((#5092));
#5078=PRESENTATION_STYLE_ASSIGNMENT((#5093));
#5079=PRESENTATION_STYLE_ASSIGNMENT((#5094));
#5080=PRESENTATION_STYLE_ASSIGNMENT((#5095));
#5081=PRESENTATION_STYLE_ASSIGNMENT((#5096));
#5082=PRESENTATION_STYLE_ASSIGNMENT((#5097));
#5083=PRESENTATION_STYLE_ASSIGNMENT((#5098));
#5084=PRESENTATION_STYLE_ASSIGNMENT((#5099));
#5085=PRESENTATION_STYLE_ASSIGNMENT((#5100));
#5086=PRESENTATION_STYLE_ASSIGNMENT((#5101));
#5087=PRESENTATION_STYLE_ASSIGNMENT((#5102));
#5088=PRESENTATION_STYLE_ASSIGNMENT((#5103));
#5089=PRESENTATION_STYLE_ASSIGNMENT((#5104));
#5090=PRESENTATION_STYLE_ASSIGNMENT((#5105));
#5091=SURFACE_STYLE_USAGE(.BOTH.,#5106);
#5092=SURFACE_STYLE_USAGE(.BOTH.,#5107);
#5093=SURFACE_STYLE_USAGE(.BOTH.,#5108);
#5094=SURFACE_STYLE_USAGE(.BOTH.,#5109);
#5095=SURFACE_STYLE_USAGE(.BOTH.,#5110);
#5096=SURFACE_STYLE_USAGE(.BOTH.,#5111);
#5097=SURFACE_STYLE_USAGE(.BOTH.,#5112);
#5098=SURFACE_STYLE_USAGE(.BOTH.,#5113);
#5099=SURFACE_STYLE_USAGE(.BOTH.,#5114);
#5100=SURFACE_STYLE_USAGE(.BOTH.,#5115);
#5101=SURFACE_STYLE_USAGE(.BOTH.,#5116);
#5102=SURFACE_STYLE_USAGE(.BOTH.,#5117);
#5103=SURFACE_STYLE_USAGE(.BOTH.,#5118);
#5104=SURFACE_STYLE_USAGE(.BOTH.,#5119);
#5105=SURFACE_STYLE_USAGE(.BOTH.,#5120);
#5106=SURFACE_SIDE_STYLE('',(#5121));
#5107=SURFACE_SIDE_STYLE('',(#5122));
#5108=SURFACE_SIDE_STYLE('',(#5123));
#5109=SURFACE_SIDE_STYLE('',(#5124));
#5110=SURFACE_SIDE_STYLE('',(#5125));
#5111=SURFACE_SIDE_STYLE('',(#5126));
#5112=SURFACE_SIDE_STYLE('',(#5127));
#5113=SURFACE_SIDE_STYLE('',(#5128));
#5114=SURFACE_SIDE_STYLE('',(#5129));
#5115=SURFACE_SIDE_STYLE('',(#5130));
#5116=SURFACE_SIDE_STYLE('',(#5131));
#5117=SURFACE_SIDE_STYLE('',(#5132));
#5118=SURFACE_SIDE_STYLE('',(#5133));
#5119=SURFACE_SIDE_STYLE('',(#5134));
#5120=SURFACE_SIDE_STYLE('',(#5135));
#5121=SURFACE_STYLE_FILL_AREA(#5136);
#5122=SURFACE_STYLE_FILL_AREA(#5137);
#5123=SURFACE_STYLE_FILL_AREA(#5138);
#5124=SURFACE_STYLE_FILL_AREA(#5139);
#5125=SURFACE_STYLE_FILL_AREA(#5140);
#5126=SURFACE_STYLE_FILL_AREA(#5141);
#5127=SURFACE_STYLE_FILL_AREA(#5142);
#5128=SURFACE_STYLE_FILL_AREA(#5143);
#5129=SURFACE_STYLE_FILL_AREA(#5144);
#5130=SURFACE_STYLE_FILL_AREA(#5145);
#5131=SURFACE_STYLE_FILL_AREA(#5146);
#5132=SURFACE_STYLE_FILL_AREA(#5147);
#5133=SURFACE_STYLE_FILL_AREA(#5148);
#5134=SURFACE_STYLE_FILL_AREA(#5149);
#5135=SURFACE_STYLE_FILL_AREA(#5150);
#5136=FILL_AREA_STYLE('Opaque(80,124,105)',(#5151));
#5137=FILL_AREA_STYLE('Opaque(160,160,160)',(#5152));
#5138=FILL_AREA_STYLE('Opaque(69,80,94)',(#5153));
#5139=FILL_AREA_STYLE('Opaque(152,170,175)',(#5154));
#5140=FILL_AREA_STYLE('Opaque(211,212,213)',(#5155));
#5141=FILL_AREA_STYLE('Opaque(5,5,5)',(#5156));
#5142=FILL_AREA_STYLE('Opaque(176,173,173)',(#5157));
#5143=FILL_AREA_STYLE('Opaque(76,76,76)',(#5158));
#5144=FILL_AREA_STYLE('Opaque(191,191,191)',(#5159));
#5145=FILL_AREA_STYLE('Opaque(190,188,186)',(#5160));
#5146=FILL_AREA_STYLE('Opaque(130,116,95)',(#5161));
#5147=FILL_AREA_STYLE('Powder Coat (Black)',(#5162));
#5148=FILL_AREA_STYLE('Copper - Polished',(#5163));
#5149=FILL_AREA_STYLE('ABS (White)',(#5164));
#5150=FILL_AREA_STYLE('Steel - Satin',(#5165));
#5151=FILL_AREA_STYLE_COLOUR('Opaque(80,124,105)',#5166);
#5152=FILL_AREA_STYLE_COLOUR('Opaque(160,160,160)',#5167);
#5153=FILL_AREA_STYLE_COLOUR('Opaque(69,80,94)',#5168);
#5154=FILL_AREA_STYLE_COLOUR('Opaque(152,170,175)',#5169);
#5155=FILL_AREA_STYLE_COLOUR('Opaque(211,212,213)',#5170);
#5156=FILL_AREA_STYLE_COLOUR('Opaque(5,5,5)',#5171);
#5157=FILL_AREA_STYLE_COLOUR('Opaque(176,173,173)',#5172);
#5158=FILL_AREA_STYLE_COLOUR('Opaque(76,76,76)',#5173);
#5159=FILL_AREA_STYLE_COLOUR('Opaque(191,191,191)',#5174);
#5160=FILL_AREA_STYLE_COLOUR('Opaque(190,188,186)',#5175);
#5161=FILL_AREA_STYLE_COLOUR('Opaque(130,116,95)',#5176);
#5162=FILL_AREA_STYLE_COLOUR('Powder Coat (Black)',#5177);
#5163=FILL_AREA_STYLE_COLOUR('Copper - Polished',#5178);
#5164=FILL_AREA_STYLE_COLOUR('ABS (White)',#5179);
#5165=FILL_AREA_STYLE_COLOUR('Steel - Satin',#5180);
#5166=COLOUR_RGB('Opaque(80,124,105)',0.313725490196078,0.486274509803922,
0.411764705882353);
#5167=COLOUR_RGB('Opaque(160,160,160)',0.627450980392157,0.627450980392157,
0.627450980392157);
#5168=COLOUR_RGB('Opaque(69,80,94)',0.270588235294118,0.313725490196078,
0.368627450980392);
#5169=COLOUR_RGB('Opaque(152,170,175)',0.596078431372549,0.666666666666667,
0.686274509803922);
#5170=COLOUR_RGB('Opaque(211,212,213)',0.827450980392157,0.831372549019608,
0.835294117647059);
#5171=COLOUR_RGB('Opaque(5,5,5)',0.0196078431372549,0.0196078431372549,
0.0196078431372549);
#5172=COLOUR_RGB('Opaque(176,173,173)',0.690196078431373,0.67843137254902,
0.67843137254902);
#5173=COLOUR_RGB('Opaque(76,76,76)',0.298039215686275,0.298039215686275,
0.298039215686275);
#5174=COLOUR_RGB('Opaque(191,191,191)',0.749019607843137,0.749019607843137,
0.749019607843137);
#5175=COLOUR_RGB('Opaque(190,188,186)',0.745098039215686,0.737254901960784,
0.729411764705882);
#5176=COLOUR_RGB('Opaque(130,116,95)',0.509803921568627,0.454901960784314,
0.372549019607843);
#5177=COLOUR_RGB('Powder Coat (Black)',0.0980392156862745,0.0980392156862745,
0.0980392156862745);
#5178=COLOUR_RGB('Copper - Polished',0.929411764705882,0.807843137254902,
0.764705882352941);
#5179=COLOUR_RGB('ABS (White)',0.964705882352941,0.964705882352941,0.952941176470588);
#5180=COLOUR_RGB('Steel - Satin',0.627450980392157,0.627450980392157,0.627450980392157);
ENDSEC;
END-ISO-10303-21;
