ISO-10303-21;
HEADER;
/* Generated by software containing ST-Developer
 * from STEP Tools, Inc. (www.steptools.com) 
 */

FILE_DESCRIPTION(
/* description */ (''),
/* implementation_level */ '2;1');

FILE_NAME(
/* name */ 'MacroPad Top Plate.step',
/* time_stamp */ '2026-08-12T21:10:45-07:00',
/* author */ (''),
/* organization */ (''),
/* preprocessor_version */ 'ST-DEVELOPER v20.1',
/* originating_system */ 'Autodesk Translation Framework v15.8.0.0',
/* authorisation */ '');

FILE_SCHEMA (('AUTOMOTIVE_DESIGN { 1 0 10303 214 3 1 1 }'));
ENDSEC;

DATA;
#10=MECHANICAL_DESIGN_GEOMETRIC_PRESENTATION_REPRESENTATION('',(#13),#3658);
#11=SHAPE_REPRESENTATION_RELATIONSHIP('SRR','None',#3664,#12);
#12=ADVANCED_BREP_SHAPE_REPRESENTATION('',(#14),#3657);
#13=STYLED_ITEM('',(#3684),#14);
#14=MANIFOLD_SOLID_BREP('Body3',#2342);
#15=FACE_BOUND('',#281,.T.);
#16=FACE_BOUND('',#282,.T.);
#17=FACE_BOUND('',#283,.T.);
#18=FACE_BOUND('',#284,.T.);
#19=FACE_BOUND('',#285,.T.);
#20=FACE_BOUND('',#286,.T.);
#21=FACE_BOUND('',#287,.T.);
#22=FACE_BOUND('',#288,.T.);
#23=FACE_BOUND('',#289,.T.);
#24=FACE_BOUND('',#290,.T.);
#25=FACE_BOUND('',#291,.T.);
#26=FACE_BOUND('',#292,.T.);
#27=FACE_BOUND('',#293,.T.);
#28=FACE_BOUND('',#294,.T.);
#29=FACE_BOUND('',#295,.T.);
#30=FACE_BOUND('',#296,.T.);
#31=FACE_BOUND('',#297,.T.);
#32=FACE_BOUND('',#298,.T.);
#33=FACE_BOUND('',#299,.T.);
#34=FACE_BOUND('',#300,.T.);
#35=FACE_BOUND('',#303,.T.);
#36=FACE_BOUND('',#304,.T.);
#37=FACE_BOUND('',#305,.T.);
#38=FACE_BOUND('',#306,.T.);
#39=FACE_BOUND('',#307,.T.);
#40=FACE_BOUND('',#308,.T.);
#41=FACE_BOUND('',#309,.T.);
#42=FACE_BOUND('',#310,.T.);
#43=FACE_BOUND('',#311,.T.);
#44=FACE_BOUND('',#312,.T.);
#45=FACE_BOUND('',#313,.T.);
#46=FACE_BOUND('',#314,.T.);
#47=FACE_BOUND('',#315,.T.);
#48=FACE_BOUND('',#316,.T.);
#49=FACE_BOUND('',#317,.T.);
#50=FACE_BOUND('',#318,.T.);
#51=FACE_BOUND('',#319,.T.);
#52=FACE_BOUND('',#320,.T.);
#53=FACE_BOUND('',#321,.T.);
#54=FACE_BOUND('',#322,.T.);
#55=CIRCLE('',#2347,3.1);
#56=CIRCLE('',#2348,3.1);
#57=CIRCLE('',#2350,3.1);
#58=CIRCLE('',#2351,3.1);
#59=CIRCLE('',#2353,3.1);
#60=CIRCLE('',#2354,3.1);
#61=CIRCLE('',#2356,3.1);
#62=CIRCLE('',#2357,3.1);
#63=CYLINDRICAL_SURFACE('',#2346,3.1);
#64=CYLINDRICAL_SURFACE('',#2349,3.1);
#65=CYLINDRICAL_SURFACE('',#2352,3.1);
#66=CYLINDRICAL_SURFACE('',#2355,3.1);
#67=FACE_OUTER_BOUND('',#176,.T.);
#68=FACE_OUTER_BOUND('',#177,.T.);
#69=FACE_OUTER_BOUND('',#178,.T.);
#70=FACE_OUTER_BOUND('',#179,.T.);
#71=FACE_OUTER_BOUND('',#180,.T.);
#72=FACE_OUTER_BOUND('',#181,.T.);
#73=FACE_OUTER_BOUND('',#182,.T.);
#74=FACE_OUTER_BOUND('',#183,.T.);
#75=FACE_OUTER_BOUND('',#184,.T.);
#76=FACE_OUTER_BOUND('',#185,.T.);
#77=FACE_OUTER_BOUND('',#186,.T.);
#78=FACE_OUTER_BOUND('',#187,.T.);
#79=FACE_OUTER_BOUND('',#188,.T.);
#80=FACE_OUTER_BOUND('',#189,.T.);
#81=FACE_OUTER_BOUND('',#190,.T.);
#82=FACE_OUTER_BOUND('',#191,.T.);
#83=FACE_OUTER_BOUND('',#192,.T.);
#84=FACE_OUTER_BOUND('',#193,.T.);
#85=FACE_OUTER_BOUND('',#194,.T.);
#86=FACE_OUTER_BOUND('',#195,.T.);
#87=FACE_OUTER_BOUND('',#196,.T.);
#88=FACE_OUTER_BOUND('',#197,.T.);
#89=FACE_OUTER_BOUND('',#198,.T.);
#90=FACE_OUTER_BOUND('',#199,.T.);
#91=FACE_OUTER_BOUND('',#200,.T.);
#92=FACE_OUTER_BOUND('',#201,.T.);
#93=FACE_OUTER_BOUND('',#202,.T.);
#94=FACE_OUTER_BOUND('',#203,.T.);
#95=FACE_OUTER_BOUND('',#204,.T.);
#96=FACE_OUTER_BOUND('',#205,.T.);
#97=FACE_OUTER_BOUND('',#206,.T.);
#98=FACE_OUTER_BOUND('',#207,.T.);
#99=FACE_OUTER_BOUND('',#208,.T.);
#100=FACE_OUTER_BOUND('',#209,.T.);
#101=FACE_OUTER_BOUND('',#210,.T.);
#102=FACE_OUTER_BOUND('',#211,.T.);
#103=FACE_OUTER_BOUND('',#212,.T.);
#104=FACE_OUTER_BOUND('',#213,.T.);
#105=FACE_OUTER_BOUND('',#214,.T.);
#106=FACE_OUTER_BOUND('',#215,.T.);
#107=FACE_OUTER_BOUND('',#216,.T.);
#108=FACE_OUTER_BOUND('',#217,.T.);
#109=FACE_OUTER_BOUND('',#218,.T.);
#110=FACE_OUTER_BOUND('',#219,.T.);
#111=FACE_OUTER_BOUND('',#220,.T.);
#112=FACE_OUTER_BOUND('',#221,.T.);
#113=FACE_OUTER_BOUND('',#222,.T.);
#114=FACE_OUTER_BOUND('',#223,.T.);
#115=FACE_OUTER_BOUND('',#224,.T.);
#116=FACE_OUTER_BOUND('',#225,.T.);
#117=FACE_OUTER_BOUND('',#226,.T.);
#118=FACE_OUTER_BOUND('',#227,.T.);
#119=FACE_OUTER_BOUND('',#228,.T.);
#120=FACE_OUTER_BOUND('',#229,.T.);
#121=FACE_OUTER_BOUND('',#230,.T.);
#122=FACE_OUTER_BOUND('',#231,.T.);
#123=FACE_OUTER_BOUND('',#232,.T.);
#124=FACE_OUTER_BOUND('',#233,.T.);
#125=FACE_OUTER_BOUND('',#234,.T.);
#126=FACE_OUTER_BOUND('',#235,.T.);
#127=FACE_OUTER_BOUND('',#236,.T.);
#128=FACE_OUTER_BOUND('',#237,.T.);
#129=FACE_OUTER_BOUND('',#238,.T.);
#130=FACE_OUTER_BOUND('',#239,.T.);
#131=FACE_OUTER_BOUND('',#240,.T.);
#132=FACE_OUTER_BOUND('',#241,.T.);
#133=FACE_OUTER_BOUND('',#242,.T.);
#134=FACE_OUTER_BOUND('',#243,.T.);
#135=FACE_OUTER_BOUND('',#244,.T.);
#136=FACE_OUTER_BOUND('',#245,.T.);
#137=FACE_OUTER_BOUND('',#246,.T.);
#138=FACE_OUTER_BOUND('',#247,.T.);
#139=FACE_OUTER_BOUND('',#248,.T.);
#140=FACE_OUTER_BOUND('',#249,.T.);
#141=FACE_OUTER_BOUND('',#250,.T.);
#142=FACE_OUTER_BOUND('',#251,.T.);
#143=FACE_OUTER_BOUND('',#252,.T.);
#144=FACE_OUTER_BOUND('',#253,.T.);
#145=FACE_OUTER_BOUND('',#254,.T.);
#146=FACE_OUTER_BOUND('',#255,.T.);
#147=FACE_OUTER_BOUND('',#256,.T.);
#148=FACE_OUTER_BOUND('',#257,.T.);
#149=FACE_OUTER_BOUND('',#258,.T.);
#150=FACE_OUTER_BOUND('',#259,.T.);
#151=FACE_OUTER_BOUND('',#260,.T.);
#152=FACE_OUTER_BOUND('',#261,.T.);
#153=FACE_OUTER_BOUND('',#262,.T.);
#154=FACE_OUTER_BOUND('',#263,.T.);
#155=FACE_OUTER_BOUND('',#264,.T.);
#156=FACE_OUTER_BOUND('',#265,.T.);
#157=FACE_OUTER_BOUND('',#266,.T.);
#158=FACE_OUTER_BOUND('',#267,.T.);
#159=FACE_OUTER_BOUND('',#268,.T.);
#160=FACE_OUTER_BOUND('',#269,.T.);
#161=FACE_OUTER_BOUND('',#270,.T.);
#162=FACE_OUTER_BOUND('',#271,.T.);
#163=FACE_OUTER_BOUND('',#272,.T.);
#164=FACE_OUTER_BOUND('',#273,.T.);
#165=FACE_OUTER_BOUND('',#274,.T.);
#166=FACE_OUTER_BOUND('',#275,.T.);
#167=FACE_OUTER_BOUND('',#276,.T.);
#168=FACE_OUTER_BOUND('',#277,.T.);
#169=FACE_OUTER_BOUND('',#278,.T.);
#170=FACE_OUTER_BOUND('',#279,.T.);
#171=FACE_OUTER_BOUND('',#280,.T.);
#172=FACE_OUTER_BOUND('',#301,.T.);
#173=FACE_OUTER_BOUND('',#302,.T.);
#174=FACE_OUTER_BOUND('',#323,.T.);
#175=FACE_OUTER_BOUND('',#324,.T.);
#176=EDGE_LOOP('',(#1486,#1487,#1488,#1489));
#177=EDGE_LOOP('',(#1490,#1491,#1492,#1493));
#178=EDGE_LOOP('',(#1494,#1495,#1496,#1497));
#179=EDGE_LOOP('',(#1498,#1499,#1500,#1501));
#180=EDGE_LOOP('',(#1502,#1503,#1504,#1505));
#181=EDGE_LOOP('',(#1506,#1507,#1508,#1509));
#182=EDGE_LOOP('',(#1510,#1511,#1512,#1513));
#183=EDGE_LOOP('',(#1514,#1515,#1516,#1517));
#184=EDGE_LOOP('',(#1518,#1519,#1520,#1521));
#185=EDGE_LOOP('',(#1522,#1523,#1524,#1525));
#186=EDGE_LOOP('',(#1526,#1527,#1528,#1529));
#187=EDGE_LOOP('',(#1530,#1531,#1532,#1533));
#188=EDGE_LOOP('',(#1534,#1535,#1536,#1537));
#189=EDGE_LOOP('',(#1538,#1539,#1540,#1541));
#190=EDGE_LOOP('',(#1542,#1543,#1544,#1545));
#191=EDGE_LOOP('',(#1546,#1547,#1548,#1549));
#192=EDGE_LOOP('',(#1550,#1551,#1552,#1553));
#193=EDGE_LOOP('',(#1554,#1555,#1556,#1557));
#194=EDGE_LOOP('',(#1558,#1559,#1560,#1561));
#195=EDGE_LOOP('',(#1562,#1563,#1564,#1565));
#196=EDGE_LOOP('',(#1566,#1567,#1568,#1569));
#197=EDGE_LOOP('',(#1570,#1571,#1572,#1573));
#198=EDGE_LOOP('',(#1574,#1575,#1576,#1577));
#199=EDGE_LOOP('',(#1578,#1579,#1580,#1581));
#200=EDGE_LOOP('',(#1582,#1583,#1584,#1585));
#201=EDGE_LOOP('',(#1586,#1587,#1588,#1589));
#202=EDGE_LOOP('',(#1590,#1591,#1592,#1593));
#203=EDGE_LOOP('',(#1594,#1595,#1596,#1597));
#204=EDGE_LOOP('',(#1598,#1599,#1600,#1601));
#205=EDGE_LOOP('',(#1602,#1603,#1604,#1605));
#206=EDGE_LOOP('',(#1606,#1607,#1608,#1609));
#207=EDGE_LOOP('',(#1610,#1611,#1612,#1613));
#208=EDGE_LOOP('',(#1614,#1615,#1616,#1617));
#209=EDGE_LOOP('',(#1618,#1619,#1620,#1621));
#210=EDGE_LOOP('',(#1622,#1623,#1624,#1625));
#211=EDGE_LOOP('',(#1626,#1627,#1628,#1629));
#212=EDGE_LOOP('',(#1630,#1631,#1632,#1633));
#213=EDGE_LOOP('',(#1634,#1635,#1636,#1637));
#214=EDGE_LOOP('',(#1638,#1639,#1640,#1641));
#215=EDGE_LOOP('',(#1642,#1643,#1644,#1645));
#216=EDGE_LOOP('',(#1646,#1647,#1648,#1649));
#217=EDGE_LOOP('',(#1650,#1651,#1652,#1653));
#218=EDGE_LOOP('',(#1654,#1655,#1656,#1657));
#219=EDGE_LOOP('',(#1658,#1659,#1660,#1661));
#220=EDGE_LOOP('',(#1662,#1663,#1664,#1665));
#221=EDGE_LOOP('',(#1666,#1667,#1668,#1669));
#222=EDGE_LOOP('',(#1670,#1671,#1672,#1673));
#223=EDGE_LOOP('',(#1674,#1675,#1676,#1677));
#224=EDGE_LOOP('',(#1678,#1679,#1680,#1681));
#225=EDGE_LOOP('',(#1682,#1683,#1684,#1685));
#226=EDGE_LOOP('',(#1686,#1687,#1688,#1689));
#227=EDGE_LOOP('',(#1690,#1691,#1692,#1693));
#228=EDGE_LOOP('',(#1694,#1695,#1696,#1697));
#229=EDGE_LOOP('',(#1698,#1699,#1700,#1701));
#230=EDGE_LOOP('',(#1702,#1703,#1704,#1705));
#231=EDGE_LOOP('',(#1706,#1707,#1708,#1709));
#232=EDGE_LOOP('',(#1710,#1711,#1712,#1713));
#233=EDGE_LOOP('',(#1714,#1715,#1716,#1717));
#234=EDGE_LOOP('',(#1718,#1719,#1720,#1721));
#235=EDGE_LOOP('',(#1722,#1723,#1724,#1725));
#236=EDGE_LOOP('',(#1726,#1727,#1728,#1729));
#237=EDGE_LOOP('',(#1730,#1731,#1732,#1733));
#238=EDGE_LOOP('',(#1734,#1735,#1736,#1737));
#239=EDGE_LOOP('',(#1738,#1739,#1740,#1741));
#240=EDGE_LOOP('',(#1742,#1743,#1744,#1745));
#241=EDGE_LOOP('',(#1746,#1747,#1748,#1749));
#242=EDGE_LOOP('',(#1750,#1751,#1752,#1753));
#243=EDGE_LOOP('',(#1754,#1755,#1756,#1757));
#244=EDGE_LOOP('',(#1758,#1759,#1760,#1761));
#245=EDGE_LOOP('',(#1762,#1763,#1764,#1765));
#246=EDGE_LOOP('',(#1766,#1767,#1768,#1769));
#247=EDGE_LOOP('',(#1770,#1771,#1772,#1773));
#248=EDGE_LOOP('',(#1774,#1775,#1776,#1777));
#249=EDGE_LOOP('',(#1778,#1779,#1780,#1781));
#250=EDGE_LOOP('',(#1782,#1783,#1784,#1785));
#251=EDGE_LOOP('',(#1786,#1787,#1788,#1789));
#252=EDGE_LOOP('',(#1790,#1791,#1792,#1793));
#253=EDGE_LOOP('',(#1794,#1795,#1796,#1797));
#254=EDGE_LOOP('',(#1798,#1799,#1800,#1801));
#255=EDGE_LOOP('',(#1802,#1803,#1804,#1805));
#256=EDGE_LOOP('',(#1806,#1807,#1808,#1809));
#257=EDGE_LOOP('',(#1810,#1811,#1812,#1813));
#258=EDGE_LOOP('',(#1814,#1815,#1816,#1817));
#259=EDGE_LOOP('',(#1818,#1819,#1820,#1821));
#260=EDGE_LOOP('',(#1822,#1823,#1824,#1825));
#261=EDGE_LOOP('',(#1826,#1827,#1828,#1829));
#262=EDGE_LOOP('',(#1830,#1831,#1832,#1833));
#263=EDGE_LOOP('',(#1834,#1835,#1836,#1837));
#264=EDGE_LOOP('',(#1838,#1839,#1840,#1841));
#265=EDGE_LOOP('',(#1842,#1843,#1844,#1845));
#266=EDGE_LOOP('',(#1846,#1847,#1848,#1849));
#267=EDGE_LOOP('',(#1850,#1851,#1852,#1853));
#268=EDGE_LOOP('',(#1854,#1855,#1856,#1857));
#269=EDGE_LOOP('',(#1858,#1859,#1860,#1861));
#270=EDGE_LOOP('',(#1862,#1863,#1864,#1865));
#271=EDGE_LOOP('',(#1866,#1867,#1868,#1869));
#272=EDGE_LOOP('',(#1870,#1871,#1872,#1873));
#273=EDGE_LOOP('',(#1874,#1875,#1876,#1877));
#274=EDGE_LOOP('',(#1878,#1879,#1880,#1881));
#275=EDGE_LOOP('',(#1882,#1883,#1884,#1885));
#276=EDGE_LOOP('',(#1886,#1887,#1888,#1889));
#277=EDGE_LOOP('',(#1890,#1891,#1892,#1893));
#278=EDGE_LOOP('',(#1894,#1895,#1896,#1897));
#279=EDGE_LOOP('',(#1898,#1899,#1900,#1901));
#280=EDGE_LOOP('',(#1902,#1903,#1904,#1905));
#281=EDGE_LOOP('',(#1906));
#282=EDGE_LOOP('',(#1907));
#283=EDGE_LOOP('',(#1908));
#284=EDGE_LOOP('',(#1909));
#285=EDGE_LOOP('',(#1910,#1911,#1912,#1913));
#286=EDGE_LOOP('',(#1914,#1915,#1916,#1917,#1918,#1919,#1920,#1921,#1922,
#1923,#1924,#1925,#1926,#1927,#1928,#1929));
#287=EDGE_LOOP('',(#1930,#1931,#1932,#1933));
#288=EDGE_LOOP('',(#1934,#1935,#1936,#1937,#1938,#1939));
#289=EDGE_LOOP('',(#1940,#1941,#1942,#1943,#1944,#1945));
#290=EDGE_LOOP('',(#1946,#1947,#1948,#1949,#1950,#1951,#1952));
#291=EDGE_LOOP('',(#1953,#1954,#1955,#1956,#1957));
#292=EDGE_LOOP('',(#1958,#1959,#1960,#1961,#1962,#1963,#1964,#1965));
#293=EDGE_LOOP('',(#1966,#1967,#1968,#1969,#1970));
#294=EDGE_LOOP('',(#1971,#1972,#1973,#1974,#1975,#1976));
#295=EDGE_LOOP('',(#1977,#1978,#1979,#1980,#1981,#1982,#1983));
#296=EDGE_LOOP('',(#1984,#1985,#1986,#1987,#1988,#1989));
#297=EDGE_LOOP('',(#1990,#1991,#1992,#1993));
#298=EDGE_LOOP('',(#1994,#1995,#1996,#1997,#1998));
#299=EDGE_LOOP('',(#1999,#2000,#2001,#2002,#2003));
#300=EDGE_LOOP('',(#2004,#2005,#2006,#2007,#2008));
#301=EDGE_LOOP('',(#2009,#2010,#2011,#2012));
#302=EDGE_LOOP('',(#2013,#2014,#2015,#2016));
#303=EDGE_LOOP('',(#2017,#2018,#2019,#2020));
#304=EDGE_LOOP('',(#2021,#2022,#2023,#2024));
#305=EDGE_LOOP('',(#2025,#2026,#2027,#2028,#2029,#2030,#2031,#2032,#2033,
#2034,#2035,#2036,#2037,#2038,#2039,#2040));
#306=EDGE_LOOP('',(#2041,#2042,#2043,#2044,#2045,#2046));
#307=EDGE_LOOP('',(#2047,#2048,#2049,#2050,#2051,#2052));
#308=EDGE_LOOP('',(#2053,#2054,#2055,#2056,#2057,#2058,#2059));
#309=EDGE_LOOP('',(#2060,#2061,#2062,#2063,#2064));
#310=EDGE_LOOP('',(#2065,#2066,#2067,#2068,#2069,#2070,#2071,#2072));
#311=EDGE_LOOP('',(#2073,#2074,#2075,#2076,#2077));
#312=EDGE_LOOP('',(#2078,#2079,#2080,#2081,#2082,#2083));
#313=EDGE_LOOP('',(#2084,#2085,#2086,#2087,#2088,#2089,#2090));
#314=EDGE_LOOP('',(#2091,#2092,#2093,#2094,#2095,#2096));
#315=EDGE_LOOP('',(#2097,#2098,#2099,#2100));
#316=EDGE_LOOP('',(#2101,#2102,#2103,#2104,#2105));
#317=EDGE_LOOP('',(#2106,#2107,#2108,#2109,#2110));
#318=EDGE_LOOP('',(#2111,#2112,#2113,#2114,#2115));
#319=EDGE_LOOP('',(#2116));
#320=EDGE_LOOP('',(#2117));
#321=EDGE_LOOP('',(#2118));
#322=EDGE_LOOP('',(#2119));
#323=EDGE_LOOP('',(#2120,#2121,#2122,#2123));
#324=EDGE_LOOP('',(#2124,#2125,#2126,#2127));
#325=LINE('',#3014,#638);
#326=LINE('',#3016,#639);
#327=LINE('',#3018,#640);
#328=LINE('',#3019,#641);
#329=LINE('',#3022,#642);
#330=LINE('',#3024,#643);
#331=LINE('',#3025,#644);
#332=LINE('',#3030,#645);
#333=LINE('',#3036,#646);
#334=LINE('',#3042,#647);
#335=LINE('',#3048,#648);
#336=LINE('',#3053,#649);
#337=LINE('',#3055,#650);
#338=LINE('',#3057,#651);
#339=LINE('',#3058,#652);
#340=LINE('',#3061,#653);
#341=LINE('',#3063,#654);
#342=LINE('',#3064,#655);
#343=LINE('',#3067,#656);
#344=LINE('',#3069,#657);
#345=LINE('',#3070,#658);
#346=LINE('',#3073,#659);
#347=LINE('',#3075,#660);
#348=LINE('',#3076,#661);
#349=LINE('',#3078,#662);
#350=LINE('',#3079,#663);
#351=LINE('',#3083,#664);
#352=LINE('',#3085,#665);
#353=LINE('',#3087,#666);
#354=LINE('',#3088,#667);
#355=LINE('',#3091,#668);
#356=LINE('',#3093,#669);
#357=LINE('',#3094,#670);
#358=LINE('',#3097,#671);
#359=LINE('',#3099,#672);
#360=LINE('',#3100,#673);
#361=LINE('',#3103,#674);
#362=LINE('',#3105,#675);
#363=LINE('',#3106,#676);
#364=LINE('',#3108,#677);
#365=LINE('',#3109,#678);
#366=LINE('',#3113,#679);
#367=LINE('',#3115,#680);
#368=LINE('',#3117,#681);
#369=LINE('',#3118,#682);
#370=LINE('',#3121,#683);
#371=LINE('',#3123,#684);
#372=LINE('',#3124,#685);
#373=LINE('',#3127,#686);
#374=LINE('',#3129,#687);
#375=LINE('',#3130,#688);
#376=LINE('',#3133,#689);
#377=LINE('',#3135,#690);
#378=LINE('',#3136,#691);
#379=LINE('',#3138,#692);
#380=LINE('',#3139,#693);
#381=LINE('',#3143,#694);
#382=LINE('',#3145,#695);
#383=LINE('',#3147,#696);
#384=LINE('',#3148,#697);
#385=LINE('',#3151,#698);
#386=LINE('',#3153,#699);
#387=LINE('',#3154,#700);
#388=LINE('',#3157,#701);
#389=LINE('',#3159,#702);
#390=LINE('',#3160,#703);
#391=LINE('',#3162,#704);
#392=LINE('',#3163,#705);
#393=LINE('',#3167,#706);
#394=LINE('',#3169,#707);
#395=LINE('',#3171,#708);
#396=LINE('',#3172,#709);
#397=LINE('',#3175,#710);
#398=LINE('',#3177,#711);
#399=LINE('',#3178,#712);
#400=LINE('',#3181,#713);
#401=LINE('',#3183,#714);
#402=LINE('',#3184,#715);
#403=LINE('',#3187,#716);
#404=LINE('',#3189,#717);
#405=LINE('',#3190,#718);
#406=LINE('',#3193,#719);
#407=LINE('',#3195,#720);
#408=LINE('',#3196,#721);
#409=LINE('',#3198,#722);
#410=LINE('',#3199,#723);
#411=LINE('',#3203,#724);
#412=LINE('',#3205,#725);
#413=LINE('',#3207,#726);
#414=LINE('',#3208,#727);
#415=LINE('',#3211,#728);
#416=LINE('',#3213,#729);
#417=LINE('',#3214,#730);
#418=LINE('',#3217,#731);
#419=LINE('',#3219,#732);
#420=LINE('',#3220,#733);
#421=LINE('',#3223,#734);
#422=LINE('',#3225,#735);
#423=LINE('',#3226,#736);
#424=LINE('',#3229,#737);
#425=LINE('',#3231,#738);
#426=LINE('',#3232,#739);
#427=LINE('',#3235,#740);
#428=LINE('',#3237,#741);
#429=LINE('',#3238,#742);
#430=LINE('',#3240,#743);
#431=LINE('',#3241,#744);
#432=LINE('',#3245,#745);
#433=LINE('',#3247,#746);
#434=LINE('',#3249,#747);
#435=LINE('',#3250,#748);
#436=LINE('',#3253,#749);
#437=LINE('',#3255,#750);
#438=LINE('',#3256,#751);
#439=LINE('',#3259,#752);
#440=LINE('',#3261,#753);
#441=LINE('',#3262,#754);
#442=LINE('',#3265,#755);
#443=LINE('',#3267,#756);
#444=LINE('',#3268,#757);
#445=LINE('',#3271,#758);
#446=LINE('',#3273,#759);
#447=LINE('',#3274,#760);
#448=LINE('',#3276,#761);
#449=LINE('',#3277,#762);
#450=LINE('',#3281,#763);
#451=LINE('',#3283,#764);
#452=LINE('',#3285,#765);
#453=LINE('',#3286,#766);
#454=LINE('',#3289,#767);
#455=LINE('',#3291,#768);
#456=LINE('',#3292,#769);
#457=LINE('',#3295,#770);
#458=LINE('',#3297,#771);
#459=LINE('',#3298,#772);
#460=LINE('',#3301,#773);
#461=LINE('',#3303,#774);
#462=LINE('',#3304,#775);
#463=LINE('',#3306,#776);
#464=LINE('',#3307,#777);
#465=LINE('',#3311,#778);
#466=LINE('',#3313,#779);
#467=LINE('',#3315,#780);
#468=LINE('',#3316,#781);
#469=LINE('',#3319,#782);
#470=LINE('',#3321,#783);
#471=LINE('',#3322,#784);
#472=LINE('',#3325,#785);
#473=LINE('',#3327,#786);
#474=LINE('',#3328,#787);
#475=LINE('',#3331,#788);
#476=LINE('',#3333,#789);
#477=LINE('',#3334,#790);
#478=LINE('',#3337,#791);
#479=LINE('',#3339,#792);
#480=LINE('',#3340,#793);
#481=LINE('',#3343,#794);
#482=LINE('',#3345,#795);
#483=LINE('',#3346,#796);
#484=LINE('',#3349,#797);
#485=LINE('',#3351,#798);
#486=LINE('',#3352,#799);
#487=LINE('',#3354,#800);
#488=LINE('',#3355,#801);
#489=LINE('',#3359,#802);
#490=LINE('',#3361,#803);
#491=LINE('',#3363,#804);
#492=LINE('',#3364,#805);
#493=LINE('',#3367,#806);
#494=LINE('',#3369,#807);
#495=LINE('',#3370,#808);
#496=LINE('',#3373,#809);
#497=LINE('',#3375,#810);
#498=LINE('',#3376,#811);
#499=LINE('',#3379,#812);
#500=LINE('',#3381,#813);
#501=LINE('',#3382,#814);
#502=LINE('',#3384,#815);
#503=LINE('',#3385,#816);
#504=LINE('',#3389,#817);
#505=LINE('',#3391,#818);
#506=LINE('',#3393,#819);
#507=LINE('',#3394,#820);
#508=LINE('',#3397,#821);
#509=LINE('',#3399,#822);
#510=LINE('',#3400,#823);
#511=LINE('',#3403,#824);
#512=LINE('',#3405,#825);
#513=LINE('',#3406,#826);
#514=LINE('',#3409,#827);
#515=LINE('',#3411,#828);
#516=LINE('',#3412,#829);
#517=LINE('',#3415,#830);
#518=LINE('',#3417,#831);
#519=LINE('',#3418,#832);
#520=LINE('',#3421,#833);
#521=LINE('',#3423,#834);
#522=LINE('',#3424,#835);
#523=LINE('',#3426,#836);
#524=LINE('',#3427,#837);
#525=LINE('',#3431,#838);
#526=LINE('',#3433,#839);
#527=LINE('',#3435,#840);
#528=LINE('',#3436,#841);
#529=LINE('',#3439,#842);
#530=LINE('',#3441,#843);
#531=LINE('',#3442,#844);
#532=LINE('',#3445,#845);
#533=LINE('',#3447,#846);
#534=LINE('',#3448,#847);
#535=LINE('',#3451,#848);
#536=LINE('',#3453,#849);
#537=LINE('',#3454,#850);
#538=LINE('',#3457,#851);
#539=LINE('',#3459,#852);
#540=LINE('',#3460,#853);
#541=LINE('',#3462,#854);
#542=LINE('',#3463,#855);
#543=LINE('',#3467,#856);
#544=LINE('',#3469,#857);
#545=LINE('',#3471,#858);
#546=LINE('',#3472,#859);
#547=LINE('',#3475,#860);
#548=LINE('',#3477,#861);
#549=LINE('',#3478,#862);
#550=LINE('',#3481,#863);
#551=LINE('',#3483,#864);
#552=LINE('',#3484,#865);
#553=LINE('',#3487,#866);
#554=LINE('',#3489,#867);
#555=LINE('',#3490,#868);
#556=LINE('',#3493,#869);
#557=LINE('',#3495,#870);
#558=LINE('',#3496,#871);
#559=LINE('',#3498,#872);
#560=LINE('',#3499,#873);
#561=LINE('',#3503,#874);
#562=LINE('',#3505,#875);
#563=LINE('',#3507,#876);
#564=LINE('',#3508,#877);
#565=LINE('',#3511,#878);
#566=LINE('',#3513,#879);
#567=LINE('',#3514,#880);
#568=LINE('',#3517,#881);
#569=LINE('',#3519,#882);
#570=LINE('',#3520,#883);
#571=LINE('',#3523,#884);
#572=LINE('',#3525,#885);
#573=LINE('',#3526,#886);
#574=LINE('',#3529,#887);
#575=LINE('',#3531,#888);
#576=LINE('',#3532,#889);
#577=LINE('',#3535,#890);
#578=LINE('',#3537,#891);
#579=LINE('',#3538,#892);
#580=LINE('',#3541,#893);
#581=LINE('',#3543,#894);
#582=LINE('',#3544,#895);
#583=LINE('',#3547,#896);
#584=LINE('',#3549,#897);
#585=LINE('',#3550,#898);
#586=LINE('',#3553,#899);
#587=LINE('',#3555,#900);
#588=LINE('',#3556,#901);
#589=LINE('',#3559,#902);
#590=LINE('',#3561,#903);
#591=LINE('',#3562,#904);
#592=LINE('',#3565,#905);
#593=LINE('',#3567,#906);
#594=LINE('',#3568,#907);
#595=LINE('',#3571,#908);
#596=LINE('',#3573,#909);
#597=LINE('',#3574,#910);
#598=LINE('',#3577,#911);
#599=LINE('',#3579,#912);
#600=LINE('',#3580,#913);
#601=LINE('',#3583,#914);
#602=LINE('',#3585,#915);
#603=LINE('',#3586,#916);
#604=LINE('',#3589,#917);
#605=LINE('',#3591,#918);
#606=LINE('',#3592,#919);
#607=LINE('',#3594,#920);
#608=LINE('',#3595,#921);
#609=LINE('',#3599,#922);
#610=LINE('',#3601,#923);
#611=LINE('',#3603,#924);
#612=LINE('',#3604,#925);
#613=LINE('',#3607,#926);
#614=LINE('',#3609,#927);
#615=LINE('',#3610,#928);
#616=LINE('',#3613,#929);
#617=LINE('',#3615,#930);
#618=LINE('',#3616,#931);
#619=LINE('',#3618,#932);
#620=LINE('',#3619,#933);
#621=LINE('',#3623,#934);
#622=LINE('',#3625,#935);
#623=LINE('',#3627,#936);
#624=LINE('',#3628,#937);
#625=LINE('',#3631,#938);
#626=LINE('',#3633,#939);
#627=LINE('',#3634,#940);
#628=LINE('',#3637,#941);
#629=LINE('',#3639,#942);
#630=LINE('',#3640,#943);
#631=LINE('',#3643,#944);
#632=LINE('',#3644,#945);
#633=LINE('',#3645,#946);
#634=LINE('',#3647,#947);
#635=LINE('',#3650,#948);
#636=LINE('',#3651,#949);
#637=LINE('',#3653,#950);
#638=VECTOR('',#2465,10.);
#639=VECTOR('',#2466,10.);
#640=VECTOR('',#2467,10.);
#641=VECTOR('',#2468,10.);
#642=VECTOR('',#2471,10.);
#643=VECTOR('',#2472,10.);
#644=VECTOR('',#2473,10.);
#645=VECTOR('',#2478,3.1);
#646=VECTOR('',#2485,3.1);
#647=VECTOR('',#2492,3.1);
#648=VECTOR('',#2499,3.1);
#649=VECTOR('',#2504,10.);
#650=VECTOR('',#2505,10.);
#651=VECTOR('',#2506,10.);
#652=VECTOR('',#2507,10.);
#653=VECTOR('',#2510,10.);
#654=VECTOR('',#2511,10.);
#655=VECTOR('',#2512,10.);
#656=VECTOR('',#2515,10.);
#657=VECTOR('',#2516,10.);
#658=VECTOR('',#2517,10.);
#659=VECTOR('',#2520,10.);
#660=VECTOR('',#2521,10.);
#661=VECTOR('',#2522,10.);
#662=VECTOR('',#2525,10.);
#663=VECTOR('',#2526,10.);
#664=VECTOR('',#2529,10.);
#665=VECTOR('',#2530,10.);
#666=VECTOR('',#2531,10.);
#667=VECTOR('',#2532,10.);
#668=VECTOR('',#2535,10.);
#669=VECTOR('',#2536,10.);
#670=VECTOR('',#2537,10.);
#671=VECTOR('',#2540,10.);
#672=VECTOR('',#2541,10.);
#673=VECTOR('',#2542,10.);
#674=VECTOR('',#2545,10.);
#675=VECTOR('',#2546,10.);
#676=VECTOR('',#2547,10.);
#677=VECTOR('',#2550,10.);
#678=VECTOR('',#2551,10.);
#679=VECTOR('',#2554,10.);
#680=VECTOR('',#2555,10.);
#681=VECTOR('',#2556,10.);
#682=VECTOR('',#2557,10.);
#683=VECTOR('',#2560,10.);
#684=VECTOR('',#2561,10.);
#685=VECTOR('',#2562,10.);
#686=VECTOR('',#2565,10.);
#687=VECTOR('',#2566,10.);
#688=VECTOR('',#2567,10.);
#689=VECTOR('',#2570,10.);
#690=VECTOR('',#2571,10.);
#691=VECTOR('',#2572,10.);
#692=VECTOR('',#2575,10.);
#693=VECTOR('',#2576,10.);
#694=VECTOR('',#2579,10.);
#695=VECTOR('',#2580,10.);
#696=VECTOR('',#2581,10.);
#697=VECTOR('',#2582,10.);
#698=VECTOR('',#2585,10.);
#699=VECTOR('',#2586,10.);
#700=VECTOR('',#2587,10.);
#701=VECTOR('',#2590,10.);
#702=VECTOR('',#2591,10.);
#703=VECTOR('',#2592,10.);
#704=VECTOR('',#2595,10.);
#705=VECTOR('',#2596,10.);
#706=VECTOR('',#2599,10.);
#707=VECTOR('',#2600,10.);
#708=VECTOR('',#2601,10.);
#709=VECTOR('',#2602,10.);
#710=VECTOR('',#2605,10.);
#711=VECTOR('',#2606,10.);
#712=VECTOR('',#2607,10.);
#713=VECTOR('',#2610,10.);
#714=VECTOR('',#2611,10.);
#715=VECTOR('',#2612,10.);
#716=VECTOR('',#2615,10.);
#717=VECTOR('',#2616,10.);
#718=VECTOR('',#2617,10.);
#719=VECTOR('',#2620,10.);
#720=VECTOR('',#2621,10.);
#721=VECTOR('',#2622,10.);
#722=VECTOR('',#2625,10.);
#723=VECTOR('',#2626,10.);
#724=VECTOR('',#2629,10.);
#725=VECTOR('',#2630,10.);
#726=VECTOR('',#2631,10.);
#727=VECTOR('',#2632,10.);
#728=VECTOR('',#2635,10.);
#729=VECTOR('',#2636,10.);
#730=VECTOR('',#2637,10.);
#731=VECTOR('',#2640,10.);
#732=VECTOR('',#2641,10.);
#733=VECTOR('',#2642,10.);
#734=VECTOR('',#2645,10.);
#735=VECTOR('',#2646,10.);
#736=VECTOR('',#2647,10.);
#737=VECTOR('',#2650,10.);
#738=VECTOR('',#2651,10.);
#739=VECTOR('',#2652,10.);
#740=VECTOR('',#2655,10.);
#741=VECTOR('',#2656,10.);
#742=VECTOR('',#2657,10.);
#743=VECTOR('',#2660,10.);
#744=VECTOR('',#2661,10.);
#745=VECTOR('',#2664,10.);
#746=VECTOR('',#2665,10.);
#747=VECTOR('',#2666,10.);
#748=VECTOR('',#2667,10.);
#749=VECTOR('',#2670,10.);
#750=VECTOR('',#2671,10.);
#751=VECTOR('',#2672,10.);
#752=VECTOR('',#2675,10.);
#753=VECTOR('',#2676,10.);
#754=VECTOR('',#2677,10.);
#755=VECTOR('',#2680,10.);
#756=VECTOR('',#2681,10.);
#757=VECTOR('',#2682,10.);
#758=VECTOR('',#2685,10.);
#759=VECTOR('',#2686,10.);
#760=VECTOR('',#2687,10.);
#761=VECTOR('',#2690,10.);
#762=VECTOR('',#2691,10.);
#763=VECTOR('',#2694,10.);
#764=VECTOR('',#2695,10.);
#765=VECTOR('',#2696,10.);
#766=VECTOR('',#2697,10.);
#767=VECTOR('',#2700,10.);
#768=VECTOR('',#2701,10.);
#769=VECTOR('',#2702,10.);
#770=VECTOR('',#2705,10.);
#771=VECTOR('',#2706,10.);
#772=VECTOR('',#2707,10.);
#773=VECTOR('',#2710,10.);
#774=VECTOR('',#2711,10.);
#775=VECTOR('',#2712,10.);
#776=VECTOR('',#2715,10.);
#777=VECTOR('',#2716,10.);
#778=VECTOR('',#2719,10.);
#779=VECTOR('',#2720,10.);
#780=VECTOR('',#2721,10.);
#781=VECTOR('',#2722,10.);
#782=VECTOR('',#2725,10.);
#783=VECTOR('',#2726,10.);
#784=VECTOR('',#2727,10.);
#785=VECTOR('',#2730,10.);
#786=VECTOR('',#2731,10.);
#787=VECTOR('',#2732,10.);
#788=VECTOR('',#2735,10.);
#789=VECTOR('',#2736,10.);
#790=VECTOR('',#2737,10.);
#791=VECTOR('',#2740,10.);
#792=VECTOR('',#2741,10.);
#793=VECTOR('',#2742,10.);
#794=VECTOR('',#2745,10.);
#795=VECTOR('',#2746,10.);
#796=VECTOR('',#2747,10.);
#797=VECTOR('',#2750,10.);
#798=VECTOR('',#2751,10.);
#799=VECTOR('',#2752,10.);
#800=VECTOR('',#2755,10.);
#801=VECTOR('',#2756,10.);
#802=VECTOR('',#2759,10.);
#803=VECTOR('',#2760,10.);
#804=VECTOR('',#2761,10.);
#805=VECTOR('',#2762,10.);
#806=VECTOR('',#2765,10.);
#807=VECTOR('',#2766,10.);
#808=VECTOR('',#2767,10.);
#809=VECTOR('',#2770,10.);
#810=VECTOR('',#2771,10.);
#811=VECTOR('',#2772,10.);
#812=VECTOR('',#2775,10.);
#813=VECTOR('',#2776,10.);
#814=VECTOR('',#2777,10.);
#815=VECTOR('',#2780,10.);
#816=VECTOR('',#2781,10.);
#817=VECTOR('',#2784,10.);
#818=VECTOR('',#2785,10.);
#819=VECTOR('',#2786,10.);
#820=VECTOR('',#2787,10.);
#821=VECTOR('',#2790,10.);
#822=VECTOR('',#2791,10.);
#823=VECTOR('',#2792,10.);
#824=VECTOR('',#2795,10.);
#825=VECTOR('',#2796,10.);
#826=VECTOR('',#2797,10.);
#827=VECTOR('',#2800,10.);
#828=VECTOR('',#2801,10.);
#829=VECTOR('',#2802,10.);
#830=VECTOR('',#2805,10.);
#831=VECTOR('',#2806,10.);
#832=VECTOR('',#2807,10.);
#833=VECTOR('',#2810,10.);
#834=VECTOR('',#2811,10.);
#835=VECTOR('',#2812,10.);
#836=VECTOR('',#2815,10.);
#837=VECTOR('',#2816,10.);
#838=VECTOR('',#2819,10.);
#839=VECTOR('',#2820,10.);
#840=VECTOR('',#2821,10.);
#841=VECTOR('',#2822,10.);
#842=VECTOR('',#2825,10.);
#843=VECTOR('',#2826,10.);
#844=VECTOR('',#2827,10.);
#845=VECTOR('',#2830,10.);
#846=VECTOR('',#2831,10.);
#847=VECTOR('',#2832,10.);
#848=VECTOR('',#2835,10.);
#849=VECTOR('',#2836,10.);
#850=VECTOR('',#2837,10.);
#851=VECTOR('',#2840,10.);
#852=VECTOR('',#2841,10.);
#853=VECTOR('',#2842,10.);
#854=VECTOR('',#2845,10.);
#855=VECTOR('',#2846,10.);
#856=VECTOR('',#2849,10.);
#857=VECTOR('',#2850,10.);
#858=VECTOR('',#2851,10.);
#859=VECTOR('',#2852,10.);
#860=VECTOR('',#2855,10.);
#861=VECTOR('',#2856,10.);
#862=VECTOR('',#2857,10.);
#863=VECTOR('',#2860,10.);
#864=VECTOR('',#2861,10.);
#865=VECTOR('',#2862,10.);
#866=VECTOR('',#2865,10.);
#867=VECTOR('',#2866,10.);
#868=VECTOR('',#2867,10.);
#869=VECTOR('',#2870,10.);
#870=VECTOR('',#2871,10.);
#871=VECTOR('',#2872,10.);
#872=VECTOR('',#2875,10.);
#873=VECTOR('',#2876,10.);
#874=VECTOR('',#2879,10.);
#875=VECTOR('',#2880,10.);
#876=VECTOR('',#2881,10.);
#877=VECTOR('',#2882,10.);
#878=VECTOR('',#2885,10.);
#879=VECTOR('',#2886,10.);
#880=VECTOR('',#2887,10.);
#881=VECTOR('',#2890,10.);
#882=VECTOR('',#2891,10.);
#883=VECTOR('',#2892,10.);
#884=VECTOR('',#2895,10.);
#885=VECTOR('',#2896,10.);
#886=VECTOR('',#2897,10.);
#887=VECTOR('',#2900,10.);
#888=VECTOR('',#2901,10.);
#889=VECTOR('',#2902,10.);
#890=VECTOR('',#2905,10.);
#891=VECTOR('',#2906,10.);
#892=VECTOR('',#2907,10.);
#893=VECTOR('',#2910,10.);
#894=VECTOR('',#2911,10.);
#895=VECTOR('',#2912,10.);
#896=VECTOR('',#2915,10.);
#897=VECTOR('',#2916,10.);
#898=VECTOR('',#2917,10.);
#899=VECTOR('',#2920,10.);
#900=VECTOR('',#2921,10.);
#901=VECTOR('',#2922,10.);
#902=VECTOR('',#2925,10.);
#903=VECTOR('',#2926,10.);
#904=VECTOR('',#2927,10.);
#905=VECTOR('',#2930,10.);
#906=VECTOR('',#2931,10.);
#907=VECTOR('',#2932,10.);
#908=VECTOR('',#2935,10.);
#909=VECTOR('',#2936,10.);
#910=VECTOR('',#2937,10.);
#911=VECTOR('',#2940,10.);
#912=VECTOR('',#2941,10.);
#913=VECTOR('',#2942,10.);
#914=VECTOR('',#2945,10.);
#915=VECTOR('',#2946,10.);
#916=VECTOR('',#2947,10.);
#917=VECTOR('',#2950,10.);
#918=VECTOR('',#2951,10.);
#919=VECTOR('',#2952,10.);
#920=VECTOR('',#2955,10.);
#921=VECTOR('',#2956,10.);
#922=VECTOR('',#2959,10.);
#923=VECTOR('',#2960,10.);
#924=VECTOR('',#2961,10.);
#925=VECTOR('',#2962,10.);
#926=VECTOR('',#2965,10.);
#927=VECTOR('',#2966,10.);
#928=VECTOR('',#2967,10.);
#929=VECTOR('',#2970,10.);
#930=VECTOR('',#2971,10.);
#931=VECTOR('',#2972,10.);
#932=VECTOR('',#2975,10.);
#933=VECTOR('',#2976,10.);
#934=VECTOR('',#2979,10.);
#935=VECTOR('',#2980,10.);
#936=VECTOR('',#2981,10.);
#937=VECTOR('',#2982,10.);
#938=VECTOR('',#2985,10.);
#939=VECTOR('',#2986,10.);
#940=VECTOR('',#2987,10.);
#941=VECTOR('',#2990,10.);
#942=VECTOR('',#2991,10.);
#943=VECTOR('',#2992,10.);
#944=VECTOR('',#2995,10.);
#945=VECTOR('',#2996,10.);
#946=VECTOR('',#2997,10.);
#947=VECTOR('',#3000,10.);
#948=VECTOR('',#3003,10.);
#949=VECTOR('',#3004,10.);
#950=VECTOR('',#3007,10.);
#951=VERTEX_POINT('',#3012);
#952=VERTEX_POINT('',#3013);
#953=VERTEX_POINT('',#3015);
#954=VERTEX_POINT('',#3017);
#955=VERTEX_POINT('',#3021);
#956=VERTEX_POINT('',#3023);
#957=VERTEX_POINT('',#3027);
#958=VERTEX_POINT('',#3029);
#959=VERTEX_POINT('',#3033);
#960=VERTEX_POINT('',#3035);
#961=VERTEX_POINT('',#3039);
#962=VERTEX_POINT('',#3041);
#963=VERTEX_POINT('',#3045);
#964=VERTEX_POINT('',#3047);
#965=VERTEX_POINT('',#3051);
#966=VERTEX_POINT('',#3052);
#967=VERTEX_POINT('',#3054);
#968=VERTEX_POINT('',#3056);
#969=VERTEX_POINT('',#3060);
#970=VERTEX_POINT('',#3062);
#971=VERTEX_POINT('',#3066);
#972=VERTEX_POINT('',#3068);
#973=VERTEX_POINT('',#3072);
#974=VERTEX_POINT('',#3074);
#975=VERTEX_POINT('',#3081);
#976=VERTEX_POINT('',#3082);
#977=VERTEX_POINT('',#3084);
#978=VERTEX_POINT('',#3086);
#979=VERTEX_POINT('',#3090);
#980=VERTEX_POINT('',#3092);
#981=VERTEX_POINT('',#3096);
#982=VERTEX_POINT('',#3098);
#983=VERTEX_POINT('',#3102);
#984=VERTEX_POINT('',#3104);
#985=VERTEX_POINT('',#3111);
#986=VERTEX_POINT('',#3112);
#987=VERTEX_POINT('',#3114);
#988=VERTEX_POINT('',#3116);
#989=VERTEX_POINT('',#3120);
#990=VERTEX_POINT('',#3122);
#991=VERTEX_POINT('',#3126);
#992=VERTEX_POINT('',#3128);
#993=VERTEX_POINT('',#3132);
#994=VERTEX_POINT('',#3134);
#995=VERTEX_POINT('',#3141);
#996=VERTEX_POINT('',#3142);
#997=VERTEX_POINT('',#3144);
#998=VERTEX_POINT('',#3146);
#999=VERTEX_POINT('',#3150);
#1000=VERTEX_POINT('',#3152);
#1001=VERTEX_POINT('',#3156);
#1002=VERTEX_POINT('',#3158);
#1003=VERTEX_POINT('',#3165);
#1004=VERTEX_POINT('',#3166);
#1005=VERTEX_POINT('',#3168);
#1006=VERTEX_POINT('',#3170);
#1007=VERTEX_POINT('',#3174);
#1008=VERTEX_POINT('',#3176);
#1009=VERTEX_POINT('',#3180);
#1010=VERTEX_POINT('',#3182);
#1011=VERTEX_POINT('',#3186);
#1012=VERTEX_POINT('',#3188);
#1013=VERTEX_POINT('',#3192);
#1014=VERTEX_POINT('',#3194);
#1015=VERTEX_POINT('',#3201);
#1016=VERTEX_POINT('',#3202);
#1017=VERTEX_POINT('',#3204);
#1018=VERTEX_POINT('',#3206);
#1019=VERTEX_POINT('',#3210);
#1020=VERTEX_POINT('',#3212);
#1021=VERTEX_POINT('',#3216);
#1022=VERTEX_POINT('',#3218);
#1023=VERTEX_POINT('',#3222);
#1024=VERTEX_POINT('',#3224);
#1025=VERTEX_POINT('',#3228);
#1026=VERTEX_POINT('',#3230);
#1027=VERTEX_POINT('',#3234);
#1028=VERTEX_POINT('',#3236);
#1029=VERTEX_POINT('',#3243);
#1030=VERTEX_POINT('',#3244);
#1031=VERTEX_POINT('',#3246);
#1032=VERTEX_POINT('',#3248);
#1033=VERTEX_POINT('',#3252);
#1034=VERTEX_POINT('',#3254);
#1035=VERTEX_POINT('',#3258);
#1036=VERTEX_POINT('',#3260);
#1037=VERTEX_POINT('',#3264);
#1038=VERTEX_POINT('',#3266);
#1039=VERTEX_POINT('',#3270);
#1040=VERTEX_POINT('',#3272);
#1041=VERTEX_POINT('',#3279);
#1042=VERTEX_POINT('',#3280);
#1043=VERTEX_POINT('',#3282);
#1044=VERTEX_POINT('',#3284);
#1045=VERTEX_POINT('',#3288);
#1046=VERTEX_POINT('',#3290);
#1047=VERTEX_POINT('',#3294);
#1048=VERTEX_POINT('',#3296);
#1049=VERTEX_POINT('',#3300);
#1050=VERTEX_POINT('',#3302);
#1051=VERTEX_POINT('',#3309);
#1052=VERTEX_POINT('',#3310);
#1053=VERTEX_POINT('',#3312);
#1054=VERTEX_POINT('',#3314);
#1055=VERTEX_POINT('',#3318);
#1056=VERTEX_POINT('',#3320);
#1057=VERTEX_POINT('',#3324);
#1058=VERTEX_POINT('',#3326);
#1059=VERTEX_POINT('',#3330);
#1060=VERTEX_POINT('',#3332);
#1061=VERTEX_POINT('',#3336);
#1062=VERTEX_POINT('',#3338);
#1063=VERTEX_POINT('',#3342);
#1064=VERTEX_POINT('',#3344);
#1065=VERTEX_POINT('',#3348);
#1066=VERTEX_POINT('',#3350);
#1067=VERTEX_POINT('',#3357);
#1068=VERTEX_POINT('',#3358);
#1069=VERTEX_POINT('',#3360);
#1070=VERTEX_POINT('',#3362);
#1071=VERTEX_POINT('',#3366);
#1072=VERTEX_POINT('',#3368);
#1073=VERTEX_POINT('',#3372);
#1074=VERTEX_POINT('',#3374);
#1075=VERTEX_POINT('',#3378);
#1076=VERTEX_POINT('',#3380);
#1077=VERTEX_POINT('',#3387);
#1078=VERTEX_POINT('',#3388);
#1079=VERTEX_POINT('',#3390);
#1080=VERTEX_POINT('',#3392);
#1081=VERTEX_POINT('',#3396);
#1082=VERTEX_POINT('',#3398);
#1083=VERTEX_POINT('',#3402);
#1084=VERTEX_POINT('',#3404);
#1085=VERTEX_POINT('',#3408);
#1086=VERTEX_POINT('',#3410);
#1087=VERTEX_POINT('',#3414);
#1088=VERTEX_POINT('',#3416);
#1089=VERTEX_POINT('',#3420);
#1090=VERTEX_POINT('',#3422);
#1091=VERTEX_POINT('',#3429);
#1092=VERTEX_POINT('',#3430);
#1093=VERTEX_POINT('',#3432);
#1094=VERTEX_POINT('',#3434);
#1095=VERTEX_POINT('',#3438);
#1096=VERTEX_POINT('',#3440);
#1097=VERTEX_POINT('',#3444);
#1098=VERTEX_POINT('',#3446);
#1099=VERTEX_POINT('',#3450);
#1100=VERTEX_POINT('',#3452);
#1101=VERTEX_POINT('',#3456);
#1102=VERTEX_POINT('',#3458);
#1103=VERTEX_POINT('',#3465);
#1104=VERTEX_POINT('',#3466);
#1105=VERTEX_POINT('',#3468);
#1106=VERTEX_POINT('',#3470);
#1107=VERTEX_POINT('',#3474);
#1108=VERTEX_POINT('',#3476);
#1109=VERTEX_POINT('',#3480);
#1110=VERTEX_POINT('',#3482);
#1111=VERTEX_POINT('',#3486);
#1112=VERTEX_POINT('',#3488);
#1113=VERTEX_POINT('',#3492);
#1114=VERTEX_POINT('',#3494);
#1115=VERTEX_POINT('',#3501);
#1116=VERTEX_POINT('',#3502);
#1117=VERTEX_POINT('',#3504);
#1118=VERTEX_POINT('',#3506);
#1119=VERTEX_POINT('',#3510);
#1120=VERTEX_POINT('',#3512);
#1121=VERTEX_POINT('',#3516);
#1122=VERTEX_POINT('',#3518);
#1123=VERTEX_POINT('',#3522);
#1124=VERTEX_POINT('',#3524);
#1125=VERTEX_POINT('',#3528);
#1126=VERTEX_POINT('',#3530);
#1127=VERTEX_POINT('',#3534);
#1128=VERTEX_POINT('',#3536);
#1129=VERTEX_POINT('',#3540);
#1130=VERTEX_POINT('',#3542);
#1131=VERTEX_POINT('',#3546);
#1132=VERTEX_POINT('',#3548);
#1133=VERTEX_POINT('',#3552);
#1134=VERTEX_POINT('',#3554);
#1135=VERTEX_POINT('',#3558);
#1136=VERTEX_POINT('',#3560);
#1137=VERTEX_POINT('',#3564);
#1138=VERTEX_POINT('',#3566);
#1139=VERTEX_POINT('',#3570);
#1140=VERTEX_POINT('',#3572);
#1141=VERTEX_POINT('',#3576);
#1142=VERTEX_POINT('',#3578);
#1143=VERTEX_POINT('',#3582);
#1144=VERTEX_POINT('',#3584);
#1145=VERTEX_POINT('',#3588);
#1146=VERTEX_POINT('',#3590);
#1147=VERTEX_POINT('',#3597);
#1148=VERTEX_POINT('',#3598);
#1149=VERTEX_POINT('',#3600);
#1150=VERTEX_POINT('',#3602);
#1151=VERTEX_POINT('',#3606);
#1152=VERTEX_POINT('',#3608);
#1153=VERTEX_POINT('',#3612);
#1154=VERTEX_POINT('',#3614);
#1155=VERTEX_POINT('',#3621);
#1156=VERTEX_POINT('',#3622);
#1157=VERTEX_POINT('',#3624);
#1158=VERTEX_POINT('',#3626);
#1159=VERTEX_POINT('',#3630);
#1160=VERTEX_POINT('',#3632);
#1161=VERTEX_POINT('',#3636);
#1162=VERTEX_POINT('',#3638);
#1163=VERTEX_POINT('',#3642);
#1164=VERTEX_POINT('',#3649);
#1165=EDGE_CURVE('',#951,#952,#325,.T.);
#1166=EDGE_CURVE('',#952,#953,#326,.T.);
#1167=EDGE_CURVE('',#954,#953,#327,.T.);
#1168=EDGE_CURVE('',#951,#954,#328,.T.);
#1169=EDGE_CURVE('',#952,#955,#329,.T.);
#1170=EDGE_CURVE('',#955,#956,#330,.T.);
#1171=EDGE_CURVE('',#953,#956,#331,.T.);
#1172=EDGE_CURVE('',#957,#957,#55,.T.);
#1173=EDGE_CURVE('',#957,#958,#332,.T.);
#1174=EDGE_CURVE('',#958,#958,#56,.T.);
#1175=EDGE_CURVE('',#959,#959,#57,.T.);
#1176=EDGE_CURVE('',#959,#960,#333,.T.);
#1177=EDGE_CURVE('',#960,#960,#58,.T.);
#1178=EDGE_CURVE('',#961,#961,#59,.T.);
#1179=EDGE_CURVE('',#961,#962,#334,.T.);
#1180=EDGE_CURVE('',#962,#962,#60,.T.);
#1181=EDGE_CURVE('',#963,#963,#61,.T.);
#1182=EDGE_CURVE('',#963,#964,#335,.T.);
#1183=EDGE_CURVE('',#964,#964,#62,.T.);
#1184=EDGE_CURVE('',#965,#966,#336,.T.);
#1185=EDGE_CURVE('',#967,#965,#337,.T.);
#1186=EDGE_CURVE('',#968,#967,#338,.T.);
#1187=EDGE_CURVE('',#968,#966,#339,.T.);
#1188=EDGE_CURVE('',#966,#969,#340,.T.);
#1189=EDGE_CURVE('',#970,#968,#341,.T.);
#1190=EDGE_CURVE('',#970,#969,#342,.T.);
#1191=EDGE_CURVE('',#969,#971,#343,.T.);
#1192=EDGE_CURVE('',#972,#970,#344,.T.);
#1193=EDGE_CURVE('',#972,#971,#345,.T.);
#1194=EDGE_CURVE('',#971,#973,#346,.T.);
#1195=EDGE_CURVE('',#974,#972,#347,.T.);
#1196=EDGE_CURVE('',#974,#973,#348,.T.);
#1197=EDGE_CURVE('',#973,#965,#349,.T.);
#1198=EDGE_CURVE('',#967,#974,#350,.T.);
#1199=EDGE_CURVE('',#975,#976,#351,.T.);
#1200=EDGE_CURVE('',#977,#975,#352,.T.);
#1201=EDGE_CURVE('',#978,#977,#353,.T.);
#1202=EDGE_CURVE('',#978,#976,#354,.T.);
#1203=EDGE_CURVE('',#976,#979,#355,.T.);
#1204=EDGE_CURVE('',#980,#978,#356,.T.);
#1205=EDGE_CURVE('',#980,#979,#357,.T.);
#1206=EDGE_CURVE('',#979,#981,#358,.T.);
#1207=EDGE_CURVE('',#982,#980,#359,.T.);
#1208=EDGE_CURVE('',#982,#981,#360,.T.);
#1209=EDGE_CURVE('',#981,#983,#361,.T.);
#1210=EDGE_CURVE('',#984,#982,#362,.T.);
#1211=EDGE_CURVE('',#984,#983,#363,.T.);
#1212=EDGE_CURVE('',#983,#975,#364,.T.);
#1213=EDGE_CURVE('',#977,#984,#365,.T.);
#1214=EDGE_CURVE('',#985,#986,#366,.T.);
#1215=EDGE_CURVE('',#987,#985,#367,.T.);
#1216=EDGE_CURVE('',#988,#987,#368,.T.);
#1217=EDGE_CURVE('',#988,#986,#369,.T.);
#1218=EDGE_CURVE('',#986,#989,#370,.T.);
#1219=EDGE_CURVE('',#990,#988,#371,.T.);
#1220=EDGE_CURVE('',#990,#989,#372,.T.);
#1221=EDGE_CURVE('',#989,#991,#373,.T.);
#1222=EDGE_CURVE('',#992,#990,#374,.T.);
#1223=EDGE_CURVE('',#992,#991,#375,.T.);
#1224=EDGE_CURVE('',#991,#993,#376,.T.);
#1225=EDGE_CURVE('',#994,#992,#377,.T.);
#1226=EDGE_CURVE('',#994,#993,#378,.T.);
#1227=EDGE_CURVE('',#993,#985,#379,.T.);
#1228=EDGE_CURVE('',#987,#994,#380,.T.);
#1229=EDGE_CURVE('',#995,#996,#381,.T.);
#1230=EDGE_CURVE('',#997,#995,#382,.T.);
#1231=EDGE_CURVE('',#998,#997,#383,.T.);
#1232=EDGE_CURVE('',#998,#996,#384,.T.);
#1233=EDGE_CURVE('',#996,#999,#385,.T.);
#1234=EDGE_CURVE('',#1000,#998,#386,.T.);
#1235=EDGE_CURVE('',#1000,#999,#387,.T.);
#1236=EDGE_CURVE('',#999,#1001,#388,.T.);
#1237=EDGE_CURVE('',#1002,#1000,#389,.T.);
#1238=EDGE_CURVE('',#1002,#1001,#390,.T.);
#1239=EDGE_CURVE('',#1001,#995,#391,.T.);
#1240=EDGE_CURVE('',#997,#1002,#392,.T.);
#1241=EDGE_CURVE('',#1003,#1004,#393,.T.);
#1242=EDGE_CURVE('',#1005,#1003,#394,.T.);
#1243=EDGE_CURVE('',#1006,#1005,#395,.T.);
#1244=EDGE_CURVE('',#1006,#1004,#396,.T.);
#1245=EDGE_CURVE('',#1004,#1007,#397,.T.);
#1246=EDGE_CURVE('',#1008,#1006,#398,.T.);
#1247=EDGE_CURVE('',#1008,#1007,#399,.T.);
#1248=EDGE_CURVE('',#1007,#1009,#400,.T.);
#1249=EDGE_CURVE('',#1010,#1008,#401,.T.);
#1250=EDGE_CURVE('',#1010,#1009,#402,.T.);
#1251=EDGE_CURVE('',#1009,#1011,#403,.T.);
#1252=EDGE_CURVE('',#1012,#1010,#404,.T.);
#1253=EDGE_CURVE('',#1012,#1011,#405,.T.);
#1254=EDGE_CURVE('',#1011,#1013,#406,.T.);
#1255=EDGE_CURVE('',#1014,#1012,#407,.T.);
#1256=EDGE_CURVE('',#1014,#1013,#408,.T.);
#1257=EDGE_CURVE('',#1013,#1003,#409,.T.);
#1258=EDGE_CURVE('',#1005,#1014,#410,.T.);
#1259=EDGE_CURVE('',#1015,#1016,#411,.T.);
#1260=EDGE_CURVE('',#1017,#1015,#412,.T.);
#1261=EDGE_CURVE('',#1018,#1017,#413,.T.);
#1262=EDGE_CURVE('',#1018,#1016,#414,.T.);
#1263=EDGE_CURVE('',#1016,#1019,#415,.T.);
#1264=EDGE_CURVE('',#1020,#1018,#416,.T.);
#1265=EDGE_CURVE('',#1020,#1019,#417,.T.);
#1266=EDGE_CURVE('',#1019,#1021,#418,.T.);
#1267=EDGE_CURVE('',#1022,#1020,#419,.T.);
#1268=EDGE_CURVE('',#1022,#1021,#420,.T.);
#1269=EDGE_CURVE('',#1021,#1023,#421,.T.);
#1270=EDGE_CURVE('',#1024,#1022,#422,.T.);
#1271=EDGE_CURVE('',#1024,#1023,#423,.T.);
#1272=EDGE_CURVE('',#1023,#1025,#424,.T.);
#1273=EDGE_CURVE('',#1026,#1024,#425,.T.);
#1274=EDGE_CURVE('',#1026,#1025,#426,.T.);
#1275=EDGE_CURVE('',#1025,#1027,#427,.T.);
#1276=EDGE_CURVE('',#1028,#1026,#428,.T.);
#1277=EDGE_CURVE('',#1028,#1027,#429,.T.);
#1278=EDGE_CURVE('',#1027,#1015,#430,.T.);
#1279=EDGE_CURVE('',#1017,#1028,#431,.T.);
#1280=EDGE_CURVE('',#1029,#1030,#432,.T.);
#1281=EDGE_CURVE('',#1031,#1029,#433,.T.);
#1282=EDGE_CURVE('',#1032,#1031,#434,.T.);
#1283=EDGE_CURVE('',#1032,#1030,#435,.T.);
#1284=EDGE_CURVE('',#1030,#1033,#436,.T.);
#1285=EDGE_CURVE('',#1034,#1032,#437,.T.);
#1286=EDGE_CURVE('',#1034,#1033,#438,.T.);
#1287=EDGE_CURVE('',#1033,#1035,#439,.T.);
#1288=EDGE_CURVE('',#1036,#1034,#440,.T.);
#1289=EDGE_CURVE('',#1036,#1035,#441,.T.);
#1290=EDGE_CURVE('',#1035,#1037,#442,.T.);
#1291=EDGE_CURVE('',#1038,#1036,#443,.T.);
#1292=EDGE_CURVE('',#1038,#1037,#444,.T.);
#1293=EDGE_CURVE('',#1037,#1039,#445,.T.);
#1294=EDGE_CURVE('',#1040,#1038,#446,.T.);
#1295=EDGE_CURVE('',#1040,#1039,#447,.T.);
#1296=EDGE_CURVE('',#1039,#1029,#448,.T.);
#1297=EDGE_CURVE('',#1031,#1040,#449,.T.);
#1298=EDGE_CURVE('',#1041,#1042,#450,.T.);
#1299=EDGE_CURVE('',#1043,#1041,#451,.T.);
#1300=EDGE_CURVE('',#1044,#1043,#452,.T.);
#1301=EDGE_CURVE('',#1044,#1042,#453,.T.);
#1302=EDGE_CURVE('',#1042,#1045,#454,.T.);
#1303=EDGE_CURVE('',#1046,#1044,#455,.T.);
#1304=EDGE_CURVE('',#1046,#1045,#456,.T.);
#1305=EDGE_CURVE('',#1045,#1047,#457,.T.);
#1306=EDGE_CURVE('',#1048,#1046,#458,.T.);
#1307=EDGE_CURVE('',#1048,#1047,#459,.T.);
#1308=EDGE_CURVE('',#1047,#1049,#460,.T.);
#1309=EDGE_CURVE('',#1050,#1048,#461,.T.);
#1310=EDGE_CURVE('',#1050,#1049,#462,.T.);
#1311=EDGE_CURVE('',#1049,#1041,#463,.T.);
#1312=EDGE_CURVE('',#1043,#1050,#464,.T.);
#1313=EDGE_CURVE('',#1051,#1052,#465,.T.);
#1314=EDGE_CURVE('',#1053,#1051,#466,.T.);
#1315=EDGE_CURVE('',#1054,#1053,#467,.T.);
#1316=EDGE_CURVE('',#1054,#1052,#468,.T.);
#1317=EDGE_CURVE('',#1052,#1055,#469,.T.);
#1318=EDGE_CURVE('',#1056,#1054,#470,.T.);
#1319=EDGE_CURVE('',#1056,#1055,#471,.T.);
#1320=EDGE_CURVE('',#1055,#1057,#472,.T.);
#1321=EDGE_CURVE('',#1058,#1056,#473,.T.);
#1322=EDGE_CURVE('',#1058,#1057,#474,.T.);
#1323=EDGE_CURVE('',#1057,#1059,#475,.T.);
#1324=EDGE_CURVE('',#1060,#1058,#476,.T.);
#1325=EDGE_CURVE('',#1060,#1059,#477,.T.);
#1326=EDGE_CURVE('',#1059,#1061,#478,.T.);
#1327=EDGE_CURVE('',#1062,#1060,#479,.T.);
#1328=EDGE_CURVE('',#1062,#1061,#480,.T.);
#1329=EDGE_CURVE('',#1061,#1063,#481,.T.);
#1330=EDGE_CURVE('',#1064,#1062,#482,.T.);
#1331=EDGE_CURVE('',#1064,#1063,#483,.T.);
#1332=EDGE_CURVE('',#1063,#1065,#484,.T.);
#1333=EDGE_CURVE('',#1066,#1064,#485,.T.);
#1334=EDGE_CURVE('',#1066,#1065,#486,.T.);
#1335=EDGE_CURVE('',#1065,#1051,#487,.T.);
#1336=EDGE_CURVE('',#1053,#1066,#488,.T.);
#1337=EDGE_CURVE('',#1067,#1068,#489,.T.);
#1338=EDGE_CURVE('',#1069,#1067,#490,.T.);
#1339=EDGE_CURVE('',#1070,#1069,#491,.T.);
#1340=EDGE_CURVE('',#1070,#1068,#492,.T.);
#1341=EDGE_CURVE('',#1068,#1071,#493,.T.);
#1342=EDGE_CURVE('',#1072,#1070,#494,.T.);
#1343=EDGE_CURVE('',#1072,#1071,#495,.T.);
#1344=EDGE_CURVE('',#1071,#1073,#496,.T.);
#1345=EDGE_CURVE('',#1074,#1072,#497,.T.);
#1346=EDGE_CURVE('',#1074,#1073,#498,.T.);
#1347=EDGE_CURVE('',#1073,#1075,#499,.T.);
#1348=EDGE_CURVE('',#1076,#1074,#500,.T.);
#1349=EDGE_CURVE('',#1076,#1075,#501,.T.);
#1350=EDGE_CURVE('',#1075,#1067,#502,.T.);
#1351=EDGE_CURVE('',#1069,#1076,#503,.T.);
#1352=EDGE_CURVE('',#1077,#1078,#504,.T.);
#1353=EDGE_CURVE('',#1079,#1077,#505,.T.);
#1354=EDGE_CURVE('',#1080,#1079,#506,.T.);
#1355=EDGE_CURVE('',#1080,#1078,#507,.T.);
#1356=EDGE_CURVE('',#1078,#1081,#508,.T.);
#1357=EDGE_CURVE('',#1082,#1080,#509,.T.);
#1358=EDGE_CURVE('',#1082,#1081,#510,.T.);
#1359=EDGE_CURVE('',#1081,#1083,#511,.T.);
#1360=EDGE_CURVE('',#1084,#1082,#512,.T.);
#1361=EDGE_CURVE('',#1084,#1083,#513,.T.);
#1362=EDGE_CURVE('',#1083,#1085,#514,.T.);
#1363=EDGE_CURVE('',#1086,#1084,#515,.T.);
#1364=EDGE_CURVE('',#1086,#1085,#516,.T.);
#1365=EDGE_CURVE('',#1085,#1087,#517,.T.);
#1366=EDGE_CURVE('',#1088,#1086,#518,.T.);
#1367=EDGE_CURVE('',#1088,#1087,#519,.T.);
#1368=EDGE_CURVE('',#1087,#1089,#520,.T.);
#1369=EDGE_CURVE('',#1090,#1088,#521,.T.);
#1370=EDGE_CURVE('',#1090,#1089,#522,.T.);
#1371=EDGE_CURVE('',#1089,#1077,#523,.T.);
#1372=EDGE_CURVE('',#1079,#1090,#524,.T.);
#1373=EDGE_CURVE('',#1091,#1092,#525,.T.);
#1374=EDGE_CURVE('',#1093,#1091,#526,.T.);
#1375=EDGE_CURVE('',#1094,#1093,#527,.T.);
#1376=EDGE_CURVE('',#1094,#1092,#528,.T.);
#1377=EDGE_CURVE('',#1092,#1095,#529,.T.);
#1378=EDGE_CURVE('',#1096,#1094,#530,.T.);
#1379=EDGE_CURVE('',#1096,#1095,#531,.T.);
#1380=EDGE_CURVE('',#1095,#1097,#532,.T.);
#1381=EDGE_CURVE('',#1098,#1096,#533,.T.);
#1382=EDGE_CURVE('',#1098,#1097,#534,.T.);
#1383=EDGE_CURVE('',#1097,#1099,#535,.T.);
#1384=EDGE_CURVE('',#1100,#1098,#536,.T.);
#1385=EDGE_CURVE('',#1100,#1099,#537,.T.);
#1386=EDGE_CURVE('',#1099,#1101,#538,.T.);
#1387=EDGE_CURVE('',#1102,#1100,#539,.T.);
#1388=EDGE_CURVE('',#1102,#1101,#540,.T.);
#1389=EDGE_CURVE('',#1101,#1091,#541,.T.);
#1390=EDGE_CURVE('',#1093,#1102,#542,.T.);
#1391=EDGE_CURVE('',#1103,#1104,#543,.T.);
#1392=EDGE_CURVE('',#1105,#1103,#544,.T.);
#1393=EDGE_CURVE('',#1106,#1105,#545,.T.);
#1394=EDGE_CURVE('',#1106,#1104,#546,.T.);
#1395=EDGE_CURVE('',#1104,#1107,#547,.T.);
#1396=EDGE_CURVE('',#1108,#1106,#548,.T.);
#1397=EDGE_CURVE('',#1108,#1107,#549,.T.);
#1398=EDGE_CURVE('',#1107,#1109,#550,.T.);
#1399=EDGE_CURVE('',#1110,#1108,#551,.T.);
#1400=EDGE_CURVE('',#1110,#1109,#552,.T.);
#1401=EDGE_CURVE('',#1109,#1111,#553,.T.);
#1402=EDGE_CURVE('',#1112,#1110,#554,.T.);
#1403=EDGE_CURVE('',#1112,#1111,#555,.T.);
#1404=EDGE_CURVE('',#1111,#1113,#556,.T.);
#1405=EDGE_CURVE('',#1114,#1112,#557,.T.);
#1406=EDGE_CURVE('',#1114,#1113,#558,.T.);
#1407=EDGE_CURVE('',#1113,#1103,#559,.T.);
#1408=EDGE_CURVE('',#1105,#1114,#560,.T.);
#1409=EDGE_CURVE('',#1115,#1116,#561,.T.);
#1410=EDGE_CURVE('',#1115,#1117,#562,.T.);
#1411=EDGE_CURVE('',#1118,#1117,#563,.T.);
#1412=EDGE_CURVE('',#1116,#1118,#564,.T.);
#1413=EDGE_CURVE('',#1116,#1119,#565,.T.);
#1414=EDGE_CURVE('',#1120,#1118,#566,.T.);
#1415=EDGE_CURVE('',#1119,#1120,#567,.T.);
#1416=EDGE_CURVE('',#1119,#1121,#568,.T.);
#1417=EDGE_CURVE('',#1122,#1120,#569,.T.);
#1418=EDGE_CURVE('',#1121,#1122,#570,.T.);
#1419=EDGE_CURVE('',#1121,#1123,#571,.T.);
#1420=EDGE_CURVE('',#1124,#1122,#572,.T.);
#1421=EDGE_CURVE('',#1123,#1124,#573,.T.);
#1422=EDGE_CURVE('',#1123,#1125,#574,.T.);
#1423=EDGE_CURVE('',#1126,#1124,#575,.T.);
#1424=EDGE_CURVE('',#1125,#1126,#576,.T.);
#1425=EDGE_CURVE('',#1125,#1127,#577,.T.);
#1426=EDGE_CURVE('',#1128,#1126,#578,.T.);
#1427=EDGE_CURVE('',#1127,#1128,#579,.T.);
#1428=EDGE_CURVE('',#1127,#1129,#580,.T.);
#1429=EDGE_CURVE('',#1130,#1128,#581,.T.);
#1430=EDGE_CURVE('',#1129,#1130,#582,.T.);
#1431=EDGE_CURVE('',#1129,#1131,#583,.T.);
#1432=EDGE_CURVE('',#1132,#1130,#584,.T.);
#1433=EDGE_CURVE('',#1131,#1132,#585,.T.);
#1434=EDGE_CURVE('',#1131,#1133,#586,.T.);
#1435=EDGE_CURVE('',#1134,#1132,#587,.T.);
#1436=EDGE_CURVE('',#1133,#1134,#588,.T.);
#1437=EDGE_CURVE('',#1133,#1135,#589,.T.);
#1438=EDGE_CURVE('',#1136,#1134,#590,.T.);
#1439=EDGE_CURVE('',#1135,#1136,#591,.T.);
#1440=EDGE_CURVE('',#1135,#1137,#592,.T.);
#1441=EDGE_CURVE('',#1138,#1136,#593,.T.);
#1442=EDGE_CURVE('',#1137,#1138,#594,.T.);
#1443=EDGE_CURVE('',#1137,#1139,#595,.T.);
#1444=EDGE_CURVE('',#1140,#1138,#596,.T.);
#1445=EDGE_CURVE('',#1139,#1140,#597,.T.);
#1446=EDGE_CURVE('',#1139,#1141,#598,.T.);
#1447=EDGE_CURVE('',#1142,#1140,#599,.T.);
#1448=EDGE_CURVE('',#1141,#1142,#600,.T.);
#1449=EDGE_CURVE('',#1141,#1143,#601,.T.);
#1450=EDGE_CURVE('',#1144,#1142,#602,.T.);
#1451=EDGE_CURVE('',#1143,#1144,#603,.T.);
#1452=EDGE_CURVE('',#1143,#1145,#604,.T.);
#1453=EDGE_CURVE('',#1146,#1144,#605,.T.);
#1454=EDGE_CURVE('',#1145,#1146,#606,.T.);
#1455=EDGE_CURVE('',#1145,#1115,#607,.T.);
#1456=EDGE_CURVE('',#1117,#1146,#608,.T.);
#1457=EDGE_CURVE('',#1147,#1148,#609,.T.);
#1458=EDGE_CURVE('',#1147,#1149,#610,.T.);
#1459=EDGE_CURVE('',#1150,#1149,#611,.T.);
#1460=EDGE_CURVE('',#1148,#1150,#612,.T.);
#1461=EDGE_CURVE('',#1148,#1151,#613,.T.);
#1462=EDGE_CURVE('',#1152,#1150,#614,.T.);
#1463=EDGE_CURVE('',#1151,#1152,#615,.T.);
#1464=EDGE_CURVE('',#1151,#1153,#616,.T.);
#1465=EDGE_CURVE('',#1154,#1152,#617,.T.);
#1466=EDGE_CURVE('',#1153,#1154,#618,.T.);
#1467=EDGE_CURVE('',#1153,#1147,#619,.T.);
#1468=EDGE_CURVE('',#1149,#1154,#620,.T.);
#1469=EDGE_CURVE('',#1155,#1156,#621,.T.);
#1470=EDGE_CURVE('',#1155,#1157,#622,.T.);
#1471=EDGE_CURVE('',#1158,#1157,#623,.T.);
#1472=EDGE_CURVE('',#1156,#1158,#624,.T.);
#1473=EDGE_CURVE('',#1156,#1159,#625,.T.);
#1474=EDGE_CURVE('',#1160,#1158,#626,.T.);
#1475=EDGE_CURVE('',#1159,#1160,#627,.T.);
#1476=EDGE_CURVE('',#1161,#1155,#628,.T.);
#1477=EDGE_CURVE('',#1162,#1161,#629,.T.);
#1478=EDGE_CURVE('',#1157,#1162,#630,.T.);
#1479=EDGE_CURVE('',#955,#1163,#631,.T.);
#1480=EDGE_CURVE('',#1163,#951,#632,.T.);
#1481=EDGE_CURVE('',#1160,#1162,#633,.T.);
#1482=EDGE_CURVE('',#1159,#1161,#634,.T.);
#1483=EDGE_CURVE('',#1164,#954,#635,.T.);
#1484=EDGE_CURVE('',#956,#1164,#636,.T.);
#1485=EDGE_CURVE('',#1163,#1164,#637,.T.);
#1486=ORIENTED_EDGE('',*,*,#1165,.T.);
#1487=ORIENTED_EDGE('',*,*,#1166,.T.);
#1488=ORIENTED_EDGE('',*,*,#1167,.F.);
#1489=ORIENTED_EDGE('',*,*,#1168,.F.);
#1490=ORIENTED_EDGE('',*,*,#1169,.T.);
#1491=ORIENTED_EDGE('',*,*,#1170,.T.);
#1492=ORIENTED_EDGE('',*,*,#1171,.F.);
#1493=ORIENTED_EDGE('',*,*,#1166,.F.);
#1494=ORIENTED_EDGE('',*,*,#1172,.F.);
#1495=ORIENTED_EDGE('',*,*,#1173,.T.);
#1496=ORIENTED_EDGE('',*,*,#1174,.T.);
#1497=ORIENTED_EDGE('',*,*,#1173,.F.);
#1498=ORIENTED_EDGE('',*,*,#1175,.F.);
#1499=ORIENTED_EDGE('',*,*,#1176,.T.);
#1500=ORIENTED_EDGE('',*,*,#1177,.T.);
#1501=ORIENTED_EDGE('',*,*,#1176,.F.);
#1502=ORIENTED_EDGE('',*,*,#1178,.F.);
#1503=ORIENTED_EDGE('',*,*,#1179,.T.);
#1504=ORIENTED_EDGE('',*,*,#1180,.T.);
#1505=ORIENTED_EDGE('',*,*,#1179,.F.);
#1506=ORIENTED_EDGE('',*,*,#1181,.F.);
#1507=ORIENTED_EDGE('',*,*,#1182,.T.);
#1508=ORIENTED_EDGE('',*,*,#1183,.T.);
#1509=ORIENTED_EDGE('',*,*,#1182,.F.);
#1510=ORIENTED_EDGE('',*,*,#1184,.F.);
#1511=ORIENTED_EDGE('',*,*,#1185,.F.);
#1512=ORIENTED_EDGE('',*,*,#1186,.F.);
#1513=ORIENTED_EDGE('',*,*,#1187,.T.);
#1514=ORIENTED_EDGE('',*,*,#1188,.F.);
#1515=ORIENTED_EDGE('',*,*,#1187,.F.);
#1516=ORIENTED_EDGE('',*,*,#1189,.F.);
#1517=ORIENTED_EDGE('',*,*,#1190,.T.);
#1518=ORIENTED_EDGE('',*,*,#1191,.F.);
#1519=ORIENTED_EDGE('',*,*,#1190,.F.);
#1520=ORIENTED_EDGE('',*,*,#1192,.F.);
#1521=ORIENTED_EDGE('',*,*,#1193,.T.);
#1522=ORIENTED_EDGE('',*,*,#1194,.F.);
#1523=ORIENTED_EDGE('',*,*,#1193,.F.);
#1524=ORIENTED_EDGE('',*,*,#1195,.F.);
#1525=ORIENTED_EDGE('',*,*,#1196,.T.);
#1526=ORIENTED_EDGE('',*,*,#1197,.F.);
#1527=ORIENTED_EDGE('',*,*,#1196,.F.);
#1528=ORIENTED_EDGE('',*,*,#1198,.F.);
#1529=ORIENTED_EDGE('',*,*,#1185,.T.);
#1530=ORIENTED_EDGE('',*,*,#1199,.F.);
#1531=ORIENTED_EDGE('',*,*,#1200,.F.);
#1532=ORIENTED_EDGE('',*,*,#1201,.F.);
#1533=ORIENTED_EDGE('',*,*,#1202,.T.);
#1534=ORIENTED_EDGE('',*,*,#1203,.F.);
#1535=ORIENTED_EDGE('',*,*,#1202,.F.);
#1536=ORIENTED_EDGE('',*,*,#1204,.F.);
#1537=ORIENTED_EDGE('',*,*,#1205,.T.);
#1538=ORIENTED_EDGE('',*,*,#1206,.F.);
#1539=ORIENTED_EDGE('',*,*,#1205,.F.);
#1540=ORIENTED_EDGE('',*,*,#1207,.F.);
#1541=ORIENTED_EDGE('',*,*,#1208,.T.);
#1542=ORIENTED_EDGE('',*,*,#1209,.F.);
#1543=ORIENTED_EDGE('',*,*,#1208,.F.);
#1544=ORIENTED_EDGE('',*,*,#1210,.F.);
#1545=ORIENTED_EDGE('',*,*,#1211,.T.);
#1546=ORIENTED_EDGE('',*,*,#1212,.F.);
#1547=ORIENTED_EDGE('',*,*,#1211,.F.);
#1548=ORIENTED_EDGE('',*,*,#1213,.F.);
#1549=ORIENTED_EDGE('',*,*,#1200,.T.);
#1550=ORIENTED_EDGE('',*,*,#1214,.F.);
#1551=ORIENTED_EDGE('',*,*,#1215,.F.);
#1552=ORIENTED_EDGE('',*,*,#1216,.F.);
#1553=ORIENTED_EDGE('',*,*,#1217,.T.);
#1554=ORIENTED_EDGE('',*,*,#1218,.F.);
#1555=ORIENTED_EDGE('',*,*,#1217,.F.);
#1556=ORIENTED_EDGE('',*,*,#1219,.F.);
#1557=ORIENTED_EDGE('',*,*,#1220,.T.);
#1558=ORIENTED_EDGE('',*,*,#1221,.F.);
#1559=ORIENTED_EDGE('',*,*,#1220,.F.);
#1560=ORIENTED_EDGE('',*,*,#1222,.F.);
#1561=ORIENTED_EDGE('',*,*,#1223,.T.);
#1562=ORIENTED_EDGE('',*,*,#1224,.F.);
#1563=ORIENTED_EDGE('',*,*,#1223,.F.);
#1564=ORIENTED_EDGE('',*,*,#1225,.F.);
#1565=ORIENTED_EDGE('',*,*,#1226,.T.);
#1566=ORIENTED_EDGE('',*,*,#1227,.F.);
#1567=ORIENTED_EDGE('',*,*,#1226,.F.);
#1568=ORIENTED_EDGE('',*,*,#1228,.F.);
#1569=ORIENTED_EDGE('',*,*,#1215,.T.);
#1570=ORIENTED_EDGE('',*,*,#1229,.F.);
#1571=ORIENTED_EDGE('',*,*,#1230,.F.);
#1572=ORIENTED_EDGE('',*,*,#1231,.F.);
#1573=ORIENTED_EDGE('',*,*,#1232,.T.);
#1574=ORIENTED_EDGE('',*,*,#1233,.F.);
#1575=ORIENTED_EDGE('',*,*,#1232,.F.);
#1576=ORIENTED_EDGE('',*,*,#1234,.F.);
#1577=ORIENTED_EDGE('',*,*,#1235,.T.);
#1578=ORIENTED_EDGE('',*,*,#1236,.F.);
#1579=ORIENTED_EDGE('',*,*,#1235,.F.);
#1580=ORIENTED_EDGE('',*,*,#1237,.F.);
#1581=ORIENTED_EDGE('',*,*,#1238,.T.);
#1582=ORIENTED_EDGE('',*,*,#1239,.F.);
#1583=ORIENTED_EDGE('',*,*,#1238,.F.);
#1584=ORIENTED_EDGE('',*,*,#1240,.F.);
#1585=ORIENTED_EDGE('',*,*,#1230,.T.);
#1586=ORIENTED_EDGE('',*,*,#1241,.F.);
#1587=ORIENTED_EDGE('',*,*,#1242,.F.);
#1588=ORIENTED_EDGE('',*,*,#1243,.F.);
#1589=ORIENTED_EDGE('',*,*,#1244,.T.);
#1590=ORIENTED_EDGE('',*,*,#1245,.F.);
#1591=ORIENTED_EDGE('',*,*,#1244,.F.);
#1592=ORIENTED_EDGE('',*,*,#1246,.F.);
#1593=ORIENTED_EDGE('',*,*,#1247,.T.);
#1594=ORIENTED_EDGE('',*,*,#1248,.F.);
#1595=ORIENTED_EDGE('',*,*,#1247,.F.);
#1596=ORIENTED_EDGE('',*,*,#1249,.F.);
#1597=ORIENTED_EDGE('',*,*,#1250,.T.);
#1598=ORIENTED_EDGE('',*,*,#1251,.F.);
#1599=ORIENTED_EDGE('',*,*,#1250,.F.);
#1600=ORIENTED_EDGE('',*,*,#1252,.F.);
#1601=ORIENTED_EDGE('',*,*,#1253,.T.);
#1602=ORIENTED_EDGE('',*,*,#1254,.F.);
#1603=ORIENTED_EDGE('',*,*,#1253,.F.);
#1604=ORIENTED_EDGE('',*,*,#1255,.F.);
#1605=ORIENTED_EDGE('',*,*,#1256,.T.);
#1606=ORIENTED_EDGE('',*,*,#1257,.F.);
#1607=ORIENTED_EDGE('',*,*,#1256,.F.);
#1608=ORIENTED_EDGE('',*,*,#1258,.F.);
#1609=ORIENTED_EDGE('',*,*,#1242,.T.);
#1610=ORIENTED_EDGE('',*,*,#1259,.F.);
#1611=ORIENTED_EDGE('',*,*,#1260,.F.);
#1612=ORIENTED_EDGE('',*,*,#1261,.F.);
#1613=ORIENTED_EDGE('',*,*,#1262,.T.);
#1614=ORIENTED_EDGE('',*,*,#1263,.F.);
#1615=ORIENTED_EDGE('',*,*,#1262,.F.);
#1616=ORIENTED_EDGE('',*,*,#1264,.F.);
#1617=ORIENTED_EDGE('',*,*,#1265,.T.);
#1618=ORIENTED_EDGE('',*,*,#1266,.F.);
#1619=ORIENTED_EDGE('',*,*,#1265,.F.);
#1620=ORIENTED_EDGE('',*,*,#1267,.F.);
#1621=ORIENTED_EDGE('',*,*,#1268,.T.);
#1622=ORIENTED_EDGE('',*,*,#1269,.F.);
#1623=ORIENTED_EDGE('',*,*,#1268,.F.);
#1624=ORIENTED_EDGE('',*,*,#1270,.F.);
#1625=ORIENTED_EDGE('',*,*,#1271,.T.);
#1626=ORIENTED_EDGE('',*,*,#1272,.F.);
#1627=ORIENTED_EDGE('',*,*,#1271,.F.);
#1628=ORIENTED_EDGE('',*,*,#1273,.F.);
#1629=ORIENTED_EDGE('',*,*,#1274,.T.);
#1630=ORIENTED_EDGE('',*,*,#1275,.F.);
#1631=ORIENTED_EDGE('',*,*,#1274,.F.);
#1632=ORIENTED_EDGE('',*,*,#1276,.F.);
#1633=ORIENTED_EDGE('',*,*,#1277,.T.);
#1634=ORIENTED_EDGE('',*,*,#1278,.F.);
#1635=ORIENTED_EDGE('',*,*,#1277,.F.);
#1636=ORIENTED_EDGE('',*,*,#1279,.F.);
#1637=ORIENTED_EDGE('',*,*,#1260,.T.);
#1638=ORIENTED_EDGE('',*,*,#1280,.F.);
#1639=ORIENTED_EDGE('',*,*,#1281,.F.);
#1640=ORIENTED_EDGE('',*,*,#1282,.F.);
#1641=ORIENTED_EDGE('',*,*,#1283,.T.);
#1642=ORIENTED_EDGE('',*,*,#1284,.F.);
#1643=ORIENTED_EDGE('',*,*,#1283,.F.);
#1644=ORIENTED_EDGE('',*,*,#1285,.F.);
#1645=ORIENTED_EDGE('',*,*,#1286,.T.);
#1646=ORIENTED_EDGE('',*,*,#1287,.F.);
#1647=ORIENTED_EDGE('',*,*,#1286,.F.);
#1648=ORIENTED_EDGE('',*,*,#1288,.F.);
#1649=ORIENTED_EDGE('',*,*,#1289,.T.);
#1650=ORIENTED_EDGE('',*,*,#1290,.F.);
#1651=ORIENTED_EDGE('',*,*,#1289,.F.);
#1652=ORIENTED_EDGE('',*,*,#1291,.F.);
#1653=ORIENTED_EDGE('',*,*,#1292,.T.);
#1654=ORIENTED_EDGE('',*,*,#1293,.F.);
#1655=ORIENTED_EDGE('',*,*,#1292,.F.);
#1656=ORIENTED_EDGE('',*,*,#1294,.F.);
#1657=ORIENTED_EDGE('',*,*,#1295,.T.);
#1658=ORIENTED_EDGE('',*,*,#1296,.F.);
#1659=ORIENTED_EDGE('',*,*,#1295,.F.);
#1660=ORIENTED_EDGE('',*,*,#1297,.F.);
#1661=ORIENTED_EDGE('',*,*,#1281,.T.);
#1662=ORIENTED_EDGE('',*,*,#1298,.F.);
#1663=ORIENTED_EDGE('',*,*,#1299,.F.);
#1664=ORIENTED_EDGE('',*,*,#1300,.F.);
#1665=ORIENTED_EDGE('',*,*,#1301,.T.);
#1666=ORIENTED_EDGE('',*,*,#1302,.F.);
#1667=ORIENTED_EDGE('',*,*,#1301,.F.);
#1668=ORIENTED_EDGE('',*,*,#1303,.F.);
#1669=ORIENTED_EDGE('',*,*,#1304,.T.);
#1670=ORIENTED_EDGE('',*,*,#1305,.F.);
#1671=ORIENTED_EDGE('',*,*,#1304,.F.);
#1672=ORIENTED_EDGE('',*,*,#1306,.F.);
#1673=ORIENTED_EDGE('',*,*,#1307,.T.);
#1674=ORIENTED_EDGE('',*,*,#1308,.F.);
#1675=ORIENTED_EDGE('',*,*,#1307,.F.);
#1676=ORIENTED_EDGE('',*,*,#1309,.F.);
#1677=ORIENTED_EDGE('',*,*,#1310,.T.);
#1678=ORIENTED_EDGE('',*,*,#1311,.F.);
#1679=ORIENTED_EDGE('',*,*,#1310,.F.);
#1680=ORIENTED_EDGE('',*,*,#1312,.F.);
#1681=ORIENTED_EDGE('',*,*,#1299,.T.);
#1682=ORIENTED_EDGE('',*,*,#1313,.F.);
#1683=ORIENTED_EDGE('',*,*,#1314,.F.);
#1684=ORIENTED_EDGE('',*,*,#1315,.F.);
#1685=ORIENTED_EDGE('',*,*,#1316,.T.);
#1686=ORIENTED_EDGE('',*,*,#1317,.F.);
#1687=ORIENTED_EDGE('',*,*,#1316,.F.);
#1688=ORIENTED_EDGE('',*,*,#1318,.F.);
#1689=ORIENTED_EDGE('',*,*,#1319,.T.);
#1690=ORIENTED_EDGE('',*,*,#1320,.F.);
#1691=ORIENTED_EDGE('',*,*,#1319,.F.);
#1692=ORIENTED_EDGE('',*,*,#1321,.F.);
#1693=ORIENTED_EDGE('',*,*,#1322,.T.);
#1694=ORIENTED_EDGE('',*,*,#1323,.F.);
#1695=ORIENTED_EDGE('',*,*,#1322,.F.);
#1696=ORIENTED_EDGE('',*,*,#1324,.F.);
#1697=ORIENTED_EDGE('',*,*,#1325,.T.);
#1698=ORIENTED_EDGE('',*,*,#1326,.F.);
#1699=ORIENTED_EDGE('',*,*,#1325,.F.);
#1700=ORIENTED_EDGE('',*,*,#1327,.F.);
#1701=ORIENTED_EDGE('',*,*,#1328,.T.);
#1702=ORIENTED_EDGE('',*,*,#1329,.F.);
#1703=ORIENTED_EDGE('',*,*,#1328,.F.);
#1704=ORIENTED_EDGE('',*,*,#1330,.F.);
#1705=ORIENTED_EDGE('',*,*,#1331,.T.);
#1706=ORIENTED_EDGE('',*,*,#1332,.F.);
#1707=ORIENTED_EDGE('',*,*,#1331,.F.);
#1708=ORIENTED_EDGE('',*,*,#1333,.F.);
#1709=ORIENTED_EDGE('',*,*,#1334,.T.);
#1710=ORIENTED_EDGE('',*,*,#1335,.F.);
#1711=ORIENTED_EDGE('',*,*,#1334,.F.);
#1712=ORIENTED_EDGE('',*,*,#1336,.F.);
#1713=ORIENTED_EDGE('',*,*,#1314,.T.);
#1714=ORIENTED_EDGE('',*,*,#1337,.F.);
#1715=ORIENTED_EDGE('',*,*,#1338,.F.);
#1716=ORIENTED_EDGE('',*,*,#1339,.F.);
#1717=ORIENTED_EDGE('',*,*,#1340,.T.);
#1718=ORIENTED_EDGE('',*,*,#1341,.F.);
#1719=ORIENTED_EDGE('',*,*,#1340,.F.);
#1720=ORIENTED_EDGE('',*,*,#1342,.F.);
#1721=ORIENTED_EDGE('',*,*,#1343,.T.);
#1722=ORIENTED_EDGE('',*,*,#1344,.F.);
#1723=ORIENTED_EDGE('',*,*,#1343,.F.);
#1724=ORIENTED_EDGE('',*,*,#1345,.F.);
#1725=ORIENTED_EDGE('',*,*,#1346,.T.);
#1726=ORIENTED_EDGE('',*,*,#1347,.F.);
#1727=ORIENTED_EDGE('',*,*,#1346,.F.);
#1728=ORIENTED_EDGE('',*,*,#1348,.F.);
#1729=ORIENTED_EDGE('',*,*,#1349,.T.);
#1730=ORIENTED_EDGE('',*,*,#1350,.F.);
#1731=ORIENTED_EDGE('',*,*,#1349,.F.);
#1732=ORIENTED_EDGE('',*,*,#1351,.F.);
#1733=ORIENTED_EDGE('',*,*,#1338,.T.);
#1734=ORIENTED_EDGE('',*,*,#1352,.F.);
#1735=ORIENTED_EDGE('',*,*,#1353,.F.);
#1736=ORIENTED_EDGE('',*,*,#1354,.F.);
#1737=ORIENTED_EDGE('',*,*,#1355,.T.);
#1738=ORIENTED_EDGE('',*,*,#1356,.F.);
#1739=ORIENTED_EDGE('',*,*,#1355,.F.);
#1740=ORIENTED_EDGE('',*,*,#1357,.F.);
#1741=ORIENTED_EDGE('',*,*,#1358,.T.);
#1742=ORIENTED_EDGE('',*,*,#1359,.F.);
#1743=ORIENTED_EDGE('',*,*,#1358,.F.);
#1744=ORIENTED_EDGE('',*,*,#1360,.F.);
#1745=ORIENTED_EDGE('',*,*,#1361,.T.);
#1746=ORIENTED_EDGE('',*,*,#1362,.F.);
#1747=ORIENTED_EDGE('',*,*,#1361,.F.);
#1748=ORIENTED_EDGE('',*,*,#1363,.F.);
#1749=ORIENTED_EDGE('',*,*,#1364,.T.);
#1750=ORIENTED_EDGE('',*,*,#1365,.F.);
#1751=ORIENTED_EDGE('',*,*,#1364,.F.);
#1752=ORIENTED_EDGE('',*,*,#1366,.F.);
#1753=ORIENTED_EDGE('',*,*,#1367,.T.);
#1754=ORIENTED_EDGE('',*,*,#1368,.F.);
#1755=ORIENTED_EDGE('',*,*,#1367,.F.);
#1756=ORIENTED_EDGE('',*,*,#1369,.F.);
#1757=ORIENTED_EDGE('',*,*,#1370,.T.);
#1758=ORIENTED_EDGE('',*,*,#1371,.F.);
#1759=ORIENTED_EDGE('',*,*,#1370,.F.);
#1760=ORIENTED_EDGE('',*,*,#1372,.F.);
#1761=ORIENTED_EDGE('',*,*,#1353,.T.);
#1762=ORIENTED_EDGE('',*,*,#1373,.F.);
#1763=ORIENTED_EDGE('',*,*,#1374,.F.);
#1764=ORIENTED_EDGE('',*,*,#1375,.F.);
#1765=ORIENTED_EDGE('',*,*,#1376,.T.);
#1766=ORIENTED_EDGE('',*,*,#1377,.F.);
#1767=ORIENTED_EDGE('',*,*,#1376,.F.);
#1768=ORIENTED_EDGE('',*,*,#1378,.F.);
#1769=ORIENTED_EDGE('',*,*,#1379,.T.);
#1770=ORIENTED_EDGE('',*,*,#1380,.F.);
#1771=ORIENTED_EDGE('',*,*,#1379,.F.);
#1772=ORIENTED_EDGE('',*,*,#1381,.F.);
#1773=ORIENTED_EDGE('',*,*,#1382,.T.);
#1774=ORIENTED_EDGE('',*,*,#1383,.F.);
#1775=ORIENTED_EDGE('',*,*,#1382,.F.);
#1776=ORIENTED_EDGE('',*,*,#1384,.F.);
#1777=ORIENTED_EDGE('',*,*,#1385,.T.);
#1778=ORIENTED_EDGE('',*,*,#1386,.F.);
#1779=ORIENTED_EDGE('',*,*,#1385,.F.);
#1780=ORIENTED_EDGE('',*,*,#1387,.F.);
#1781=ORIENTED_EDGE('',*,*,#1388,.T.);
#1782=ORIENTED_EDGE('',*,*,#1389,.F.);
#1783=ORIENTED_EDGE('',*,*,#1388,.F.);
#1784=ORIENTED_EDGE('',*,*,#1390,.F.);
#1785=ORIENTED_EDGE('',*,*,#1374,.T.);
#1786=ORIENTED_EDGE('',*,*,#1391,.F.);
#1787=ORIENTED_EDGE('',*,*,#1392,.F.);
#1788=ORIENTED_EDGE('',*,*,#1393,.F.);
#1789=ORIENTED_EDGE('',*,*,#1394,.T.);
#1790=ORIENTED_EDGE('',*,*,#1395,.F.);
#1791=ORIENTED_EDGE('',*,*,#1394,.F.);
#1792=ORIENTED_EDGE('',*,*,#1396,.F.);
#1793=ORIENTED_EDGE('',*,*,#1397,.T.);
#1794=ORIENTED_EDGE('',*,*,#1398,.F.);
#1795=ORIENTED_EDGE('',*,*,#1397,.F.);
#1796=ORIENTED_EDGE('',*,*,#1399,.F.);
#1797=ORIENTED_EDGE('',*,*,#1400,.T.);
#1798=ORIENTED_EDGE('',*,*,#1401,.F.);
#1799=ORIENTED_EDGE('',*,*,#1400,.F.);
#1800=ORIENTED_EDGE('',*,*,#1402,.F.);
#1801=ORIENTED_EDGE('',*,*,#1403,.T.);
#1802=ORIENTED_EDGE('',*,*,#1404,.F.);
#1803=ORIENTED_EDGE('',*,*,#1403,.F.);
#1804=ORIENTED_EDGE('',*,*,#1405,.F.);
#1805=ORIENTED_EDGE('',*,*,#1406,.T.);
#1806=ORIENTED_EDGE('',*,*,#1407,.F.);
#1807=ORIENTED_EDGE('',*,*,#1406,.F.);
#1808=ORIENTED_EDGE('',*,*,#1408,.F.);
#1809=ORIENTED_EDGE('',*,*,#1392,.T.);
#1810=ORIENTED_EDGE('',*,*,#1409,.F.);
#1811=ORIENTED_EDGE('',*,*,#1410,.T.);
#1812=ORIENTED_EDGE('',*,*,#1411,.F.);
#1813=ORIENTED_EDGE('',*,*,#1412,.F.);
#1814=ORIENTED_EDGE('',*,*,#1413,.F.);
#1815=ORIENTED_EDGE('',*,*,#1412,.T.);
#1816=ORIENTED_EDGE('',*,*,#1414,.F.);
#1817=ORIENTED_EDGE('',*,*,#1415,.F.);
#1818=ORIENTED_EDGE('',*,*,#1416,.F.);
#1819=ORIENTED_EDGE('',*,*,#1415,.T.);
#1820=ORIENTED_EDGE('',*,*,#1417,.F.);
#1821=ORIENTED_EDGE('',*,*,#1418,.F.);
#1822=ORIENTED_EDGE('',*,*,#1419,.F.);
#1823=ORIENTED_EDGE('',*,*,#1418,.T.);
#1824=ORIENTED_EDGE('',*,*,#1420,.F.);
#1825=ORIENTED_EDGE('',*,*,#1421,.F.);
#1826=ORIENTED_EDGE('',*,*,#1422,.F.);
#1827=ORIENTED_EDGE('',*,*,#1421,.T.);
#1828=ORIENTED_EDGE('',*,*,#1423,.F.);
#1829=ORIENTED_EDGE('',*,*,#1424,.F.);
#1830=ORIENTED_EDGE('',*,*,#1425,.F.);
#1831=ORIENTED_EDGE('',*,*,#1424,.T.);
#1832=ORIENTED_EDGE('',*,*,#1426,.F.);
#1833=ORIENTED_EDGE('',*,*,#1427,.F.);
#1834=ORIENTED_EDGE('',*,*,#1428,.F.);
#1835=ORIENTED_EDGE('',*,*,#1427,.T.);
#1836=ORIENTED_EDGE('',*,*,#1429,.F.);
#1837=ORIENTED_EDGE('',*,*,#1430,.F.);
#1838=ORIENTED_EDGE('',*,*,#1431,.F.);
#1839=ORIENTED_EDGE('',*,*,#1430,.T.);
#1840=ORIENTED_EDGE('',*,*,#1432,.F.);
#1841=ORIENTED_EDGE('',*,*,#1433,.F.);
#1842=ORIENTED_EDGE('',*,*,#1434,.F.);
#1843=ORIENTED_EDGE('',*,*,#1433,.T.);
#1844=ORIENTED_EDGE('',*,*,#1435,.F.);
#1845=ORIENTED_EDGE('',*,*,#1436,.F.);
#1846=ORIENTED_EDGE('',*,*,#1437,.F.);
#1847=ORIENTED_EDGE('',*,*,#1436,.T.);
#1848=ORIENTED_EDGE('',*,*,#1438,.F.);
#1849=ORIENTED_EDGE('',*,*,#1439,.F.);
#1850=ORIENTED_EDGE('',*,*,#1440,.F.);
#1851=ORIENTED_EDGE('',*,*,#1439,.T.);
#1852=ORIENTED_EDGE('',*,*,#1441,.F.);
#1853=ORIENTED_EDGE('',*,*,#1442,.F.);
#1854=ORIENTED_EDGE('',*,*,#1443,.F.);
#1855=ORIENTED_EDGE('',*,*,#1442,.T.);
#1856=ORIENTED_EDGE('',*,*,#1444,.F.);
#1857=ORIENTED_EDGE('',*,*,#1445,.F.);
#1858=ORIENTED_EDGE('',*,*,#1446,.F.);
#1859=ORIENTED_EDGE('',*,*,#1445,.T.);
#1860=ORIENTED_EDGE('',*,*,#1447,.F.);
#1861=ORIENTED_EDGE('',*,*,#1448,.F.);
#1862=ORIENTED_EDGE('',*,*,#1449,.F.);
#1863=ORIENTED_EDGE('',*,*,#1448,.T.);
#1864=ORIENTED_EDGE('',*,*,#1450,.F.);
#1865=ORIENTED_EDGE('',*,*,#1451,.F.);
#1866=ORIENTED_EDGE('',*,*,#1452,.F.);
#1867=ORIENTED_EDGE('',*,*,#1451,.T.);
#1868=ORIENTED_EDGE('',*,*,#1453,.F.);
#1869=ORIENTED_EDGE('',*,*,#1454,.F.);
#1870=ORIENTED_EDGE('',*,*,#1455,.F.);
#1871=ORIENTED_EDGE('',*,*,#1454,.T.);
#1872=ORIENTED_EDGE('',*,*,#1456,.F.);
#1873=ORIENTED_EDGE('',*,*,#1410,.F.);
#1874=ORIENTED_EDGE('',*,*,#1457,.F.);
#1875=ORIENTED_EDGE('',*,*,#1458,.T.);
#1876=ORIENTED_EDGE('',*,*,#1459,.F.);
#1877=ORIENTED_EDGE('',*,*,#1460,.F.);
#1878=ORIENTED_EDGE('',*,*,#1461,.F.);
#1879=ORIENTED_EDGE('',*,*,#1460,.T.);
#1880=ORIENTED_EDGE('',*,*,#1462,.F.);
#1881=ORIENTED_EDGE('',*,*,#1463,.F.);
#1882=ORIENTED_EDGE('',*,*,#1464,.F.);
#1883=ORIENTED_EDGE('',*,*,#1463,.T.);
#1884=ORIENTED_EDGE('',*,*,#1465,.F.);
#1885=ORIENTED_EDGE('',*,*,#1466,.F.);
#1886=ORIENTED_EDGE('',*,*,#1467,.F.);
#1887=ORIENTED_EDGE('',*,*,#1466,.T.);
#1888=ORIENTED_EDGE('',*,*,#1468,.F.);
#1889=ORIENTED_EDGE('',*,*,#1458,.F.);
#1890=ORIENTED_EDGE('',*,*,#1469,.F.);
#1891=ORIENTED_EDGE('',*,*,#1470,.T.);
#1892=ORIENTED_EDGE('',*,*,#1471,.F.);
#1893=ORIENTED_EDGE('',*,*,#1472,.F.);
#1894=ORIENTED_EDGE('',*,*,#1473,.F.);
#1895=ORIENTED_EDGE('',*,*,#1472,.T.);
#1896=ORIENTED_EDGE('',*,*,#1474,.F.);
#1897=ORIENTED_EDGE('',*,*,#1475,.F.);
#1898=ORIENTED_EDGE('',*,*,#1476,.F.);
#1899=ORIENTED_EDGE('',*,*,#1477,.F.);
#1900=ORIENTED_EDGE('',*,*,#1478,.F.);
#1901=ORIENTED_EDGE('',*,*,#1470,.F.);
#1902=ORIENTED_EDGE('',*,*,#1479,.F.);
#1903=ORIENTED_EDGE('',*,*,#1169,.F.);
#1904=ORIENTED_EDGE('',*,*,#1165,.F.);
#1905=ORIENTED_EDGE('',*,*,#1480,.F.);
#1906=ORIENTED_EDGE('',*,*,#1174,.F.);
#1907=ORIENTED_EDGE('',*,*,#1177,.F.);
#1908=ORIENTED_EDGE('',*,*,#1180,.F.);
#1909=ORIENTED_EDGE('',*,*,#1183,.F.);
#1910=ORIENTED_EDGE('',*,*,#1478,.T.);
#1911=ORIENTED_EDGE('',*,*,#1481,.F.);
#1912=ORIENTED_EDGE('',*,*,#1474,.T.);
#1913=ORIENTED_EDGE('',*,*,#1471,.T.);
#1914=ORIENTED_EDGE('',*,*,#1456,.T.);
#1915=ORIENTED_EDGE('',*,*,#1453,.T.);
#1916=ORIENTED_EDGE('',*,*,#1450,.T.);
#1917=ORIENTED_EDGE('',*,*,#1447,.T.);
#1918=ORIENTED_EDGE('',*,*,#1444,.T.);
#1919=ORIENTED_EDGE('',*,*,#1441,.T.);
#1920=ORIENTED_EDGE('',*,*,#1438,.T.);
#1921=ORIENTED_EDGE('',*,*,#1435,.T.);
#1922=ORIENTED_EDGE('',*,*,#1432,.T.);
#1923=ORIENTED_EDGE('',*,*,#1429,.T.);
#1924=ORIENTED_EDGE('',*,*,#1426,.T.);
#1925=ORIENTED_EDGE('',*,*,#1423,.T.);
#1926=ORIENTED_EDGE('',*,*,#1420,.T.);
#1927=ORIENTED_EDGE('',*,*,#1417,.T.);
#1928=ORIENTED_EDGE('',*,*,#1414,.T.);
#1929=ORIENTED_EDGE('',*,*,#1411,.T.);
#1930=ORIENTED_EDGE('',*,*,#1468,.T.);
#1931=ORIENTED_EDGE('',*,*,#1465,.T.);
#1932=ORIENTED_EDGE('',*,*,#1462,.T.);
#1933=ORIENTED_EDGE('',*,*,#1459,.T.);
#1934=ORIENTED_EDGE('',*,*,#1401,.T.);
#1935=ORIENTED_EDGE('',*,*,#1404,.T.);
#1936=ORIENTED_EDGE('',*,*,#1407,.T.);
#1937=ORIENTED_EDGE('',*,*,#1391,.T.);
#1938=ORIENTED_EDGE('',*,*,#1395,.T.);
#1939=ORIENTED_EDGE('',*,*,#1398,.T.);
#1940=ORIENTED_EDGE('',*,*,#1383,.T.);
#1941=ORIENTED_EDGE('',*,*,#1386,.T.);
#1942=ORIENTED_EDGE('',*,*,#1389,.T.);
#1943=ORIENTED_EDGE('',*,*,#1373,.T.);
#1944=ORIENTED_EDGE('',*,*,#1377,.T.);
#1945=ORIENTED_EDGE('',*,*,#1380,.T.);
#1946=ORIENTED_EDGE('',*,*,#1362,.T.);
#1947=ORIENTED_EDGE('',*,*,#1365,.T.);
#1948=ORIENTED_EDGE('',*,*,#1368,.T.);
#1949=ORIENTED_EDGE('',*,*,#1371,.T.);
#1950=ORIENTED_EDGE('',*,*,#1352,.T.);
#1951=ORIENTED_EDGE('',*,*,#1356,.T.);
#1952=ORIENTED_EDGE('',*,*,#1359,.T.);
#1953=ORIENTED_EDGE('',*,*,#1344,.T.);
#1954=ORIENTED_EDGE('',*,*,#1347,.T.);
#1955=ORIENTED_EDGE('',*,*,#1350,.T.);
#1956=ORIENTED_EDGE('',*,*,#1337,.T.);
#1957=ORIENTED_EDGE('',*,*,#1341,.T.);
#1958=ORIENTED_EDGE('',*,*,#1326,.T.);
#1959=ORIENTED_EDGE('',*,*,#1329,.T.);
#1960=ORIENTED_EDGE('',*,*,#1332,.T.);
#1961=ORIENTED_EDGE('',*,*,#1335,.T.);
#1962=ORIENTED_EDGE('',*,*,#1313,.T.);
#1963=ORIENTED_EDGE('',*,*,#1317,.T.);
#1964=ORIENTED_EDGE('',*,*,#1320,.T.);
#1965=ORIENTED_EDGE('',*,*,#1323,.T.);
#1966=ORIENTED_EDGE('',*,*,#1305,.T.);
#1967=ORIENTED_EDGE('',*,*,#1308,.T.);
#1968=ORIENTED_EDGE('',*,*,#1311,.T.);
#1969=ORIENTED_EDGE('',*,*,#1298,.T.);
#1970=ORIENTED_EDGE('',*,*,#1302,.T.);
#1971=ORIENTED_EDGE('',*,*,#1290,.T.);
#1972=ORIENTED_EDGE('',*,*,#1293,.T.);
#1973=ORIENTED_EDGE('',*,*,#1296,.T.);
#1974=ORIENTED_EDGE('',*,*,#1280,.T.);
#1975=ORIENTED_EDGE('',*,*,#1284,.T.);
#1976=ORIENTED_EDGE('',*,*,#1287,.T.);
#1977=ORIENTED_EDGE('',*,*,#1269,.T.);
#1978=ORIENTED_EDGE('',*,*,#1272,.T.);
#1979=ORIENTED_EDGE('',*,*,#1275,.T.);
#1980=ORIENTED_EDGE('',*,*,#1278,.T.);
#1981=ORIENTED_EDGE('',*,*,#1259,.T.);
#1982=ORIENTED_EDGE('',*,*,#1263,.T.);
#1983=ORIENTED_EDGE('',*,*,#1266,.T.);
#1984=ORIENTED_EDGE('',*,*,#1251,.T.);
#1985=ORIENTED_EDGE('',*,*,#1254,.T.);
#1986=ORIENTED_EDGE('',*,*,#1257,.T.);
#1987=ORIENTED_EDGE('',*,*,#1241,.T.);
#1988=ORIENTED_EDGE('',*,*,#1245,.T.);
#1989=ORIENTED_EDGE('',*,*,#1248,.T.);
#1990=ORIENTED_EDGE('',*,*,#1236,.T.);
#1991=ORIENTED_EDGE('',*,*,#1239,.T.);
#1992=ORIENTED_EDGE('',*,*,#1229,.T.);
#1993=ORIENTED_EDGE('',*,*,#1233,.T.);
#1994=ORIENTED_EDGE('',*,*,#1221,.T.);
#1995=ORIENTED_EDGE('',*,*,#1224,.T.);
#1996=ORIENTED_EDGE('',*,*,#1227,.T.);
#1997=ORIENTED_EDGE('',*,*,#1214,.T.);
#1998=ORIENTED_EDGE('',*,*,#1218,.T.);
#1999=ORIENTED_EDGE('',*,*,#1206,.T.);
#2000=ORIENTED_EDGE('',*,*,#1209,.T.);
#2001=ORIENTED_EDGE('',*,*,#1212,.T.);
#2002=ORIENTED_EDGE('',*,*,#1199,.T.);
#2003=ORIENTED_EDGE('',*,*,#1203,.T.);
#2004=ORIENTED_EDGE('',*,*,#1191,.T.);
#2005=ORIENTED_EDGE('',*,*,#1194,.T.);
#2006=ORIENTED_EDGE('',*,*,#1197,.T.);
#2007=ORIENTED_EDGE('',*,*,#1184,.T.);
#2008=ORIENTED_EDGE('',*,*,#1188,.T.);
#2009=ORIENTED_EDGE('',*,*,#1481,.T.);
#2010=ORIENTED_EDGE('',*,*,#1477,.T.);
#2011=ORIENTED_EDGE('',*,*,#1482,.F.);
#2012=ORIENTED_EDGE('',*,*,#1475,.T.);
#2013=ORIENTED_EDGE('',*,*,#1483,.T.);
#2014=ORIENTED_EDGE('',*,*,#1167,.T.);
#2015=ORIENTED_EDGE('',*,*,#1171,.T.);
#2016=ORIENTED_EDGE('',*,*,#1484,.T.);
#2017=ORIENTED_EDGE('',*,*,#1482,.T.);
#2018=ORIENTED_EDGE('',*,*,#1476,.T.);
#2019=ORIENTED_EDGE('',*,*,#1469,.T.);
#2020=ORIENTED_EDGE('',*,*,#1473,.T.);
#2021=ORIENTED_EDGE('',*,*,#1467,.T.);
#2022=ORIENTED_EDGE('',*,*,#1457,.T.);
#2023=ORIENTED_EDGE('',*,*,#1461,.T.);
#2024=ORIENTED_EDGE('',*,*,#1464,.T.);
#2025=ORIENTED_EDGE('',*,*,#1455,.T.);
#2026=ORIENTED_EDGE('',*,*,#1409,.T.);
#2027=ORIENTED_EDGE('',*,*,#1413,.T.);
#2028=ORIENTED_EDGE('',*,*,#1416,.T.);
#2029=ORIENTED_EDGE('',*,*,#1419,.T.);
#2030=ORIENTED_EDGE('',*,*,#1422,.T.);
#2031=ORIENTED_EDGE('',*,*,#1425,.T.);
#2032=ORIENTED_EDGE('',*,*,#1428,.T.);
#2033=ORIENTED_EDGE('',*,*,#1431,.T.);
#2034=ORIENTED_EDGE('',*,*,#1434,.T.);
#2035=ORIENTED_EDGE('',*,*,#1437,.T.);
#2036=ORIENTED_EDGE('',*,*,#1440,.T.);
#2037=ORIENTED_EDGE('',*,*,#1443,.T.);
#2038=ORIENTED_EDGE('',*,*,#1446,.T.);
#2039=ORIENTED_EDGE('',*,*,#1449,.T.);
#2040=ORIENTED_EDGE('',*,*,#1452,.T.);
#2041=ORIENTED_EDGE('',*,*,#1402,.T.);
#2042=ORIENTED_EDGE('',*,*,#1399,.T.);
#2043=ORIENTED_EDGE('',*,*,#1396,.T.);
#2044=ORIENTED_EDGE('',*,*,#1393,.T.);
#2045=ORIENTED_EDGE('',*,*,#1408,.T.);
#2046=ORIENTED_EDGE('',*,*,#1405,.T.);
#2047=ORIENTED_EDGE('',*,*,#1384,.T.);
#2048=ORIENTED_EDGE('',*,*,#1381,.T.);
#2049=ORIENTED_EDGE('',*,*,#1378,.T.);
#2050=ORIENTED_EDGE('',*,*,#1375,.T.);
#2051=ORIENTED_EDGE('',*,*,#1390,.T.);
#2052=ORIENTED_EDGE('',*,*,#1387,.T.);
#2053=ORIENTED_EDGE('',*,*,#1363,.T.);
#2054=ORIENTED_EDGE('',*,*,#1360,.T.);
#2055=ORIENTED_EDGE('',*,*,#1357,.T.);
#2056=ORIENTED_EDGE('',*,*,#1354,.T.);
#2057=ORIENTED_EDGE('',*,*,#1372,.T.);
#2058=ORIENTED_EDGE('',*,*,#1369,.T.);
#2059=ORIENTED_EDGE('',*,*,#1366,.T.);
#2060=ORIENTED_EDGE('',*,*,#1345,.T.);
#2061=ORIENTED_EDGE('',*,*,#1342,.T.);
#2062=ORIENTED_EDGE('',*,*,#1339,.T.);
#2063=ORIENTED_EDGE('',*,*,#1351,.T.);
#2064=ORIENTED_EDGE('',*,*,#1348,.T.);
#2065=ORIENTED_EDGE('',*,*,#1327,.T.);
#2066=ORIENTED_EDGE('',*,*,#1324,.T.);
#2067=ORIENTED_EDGE('',*,*,#1321,.T.);
#2068=ORIENTED_EDGE('',*,*,#1318,.T.);
#2069=ORIENTED_EDGE('',*,*,#1315,.T.);
#2070=ORIENTED_EDGE('',*,*,#1336,.T.);
#2071=ORIENTED_EDGE('',*,*,#1333,.T.);
#2072=ORIENTED_EDGE('',*,*,#1330,.T.);
#2073=ORIENTED_EDGE('',*,*,#1306,.T.);
#2074=ORIENTED_EDGE('',*,*,#1303,.T.);
#2075=ORIENTED_EDGE('',*,*,#1300,.T.);
#2076=ORIENTED_EDGE('',*,*,#1312,.T.);
#2077=ORIENTED_EDGE('',*,*,#1309,.T.);
#2078=ORIENTED_EDGE('',*,*,#1291,.T.);
#2079=ORIENTED_EDGE('',*,*,#1288,.T.);
#2080=ORIENTED_EDGE('',*,*,#1285,.T.);
#2081=ORIENTED_EDGE('',*,*,#1282,.T.);
#2082=ORIENTED_EDGE('',*,*,#1297,.T.);
#2083=ORIENTED_EDGE('',*,*,#1294,.T.);
#2084=ORIENTED_EDGE('',*,*,#1270,.T.);
#2085=ORIENTED_EDGE('',*,*,#1267,.T.);
#2086=ORIENTED_EDGE('',*,*,#1264,.T.);
#2087=ORIENTED_EDGE('',*,*,#1261,.T.);
#2088=ORIENTED_EDGE('',*,*,#1279,.T.);
#2089=ORIENTED_EDGE('',*,*,#1276,.T.);
#2090=ORIENTED_EDGE('',*,*,#1273,.T.);
#2091=ORIENTED_EDGE('',*,*,#1252,.T.);
#2092=ORIENTED_EDGE('',*,*,#1249,.T.);
#2093=ORIENTED_EDGE('',*,*,#1246,.T.);
#2094=ORIENTED_EDGE('',*,*,#1243,.T.);
#2095=ORIENTED_EDGE('',*,*,#1258,.T.);
#2096=ORIENTED_EDGE('',*,*,#1255,.T.);
#2097=ORIENTED_EDGE('',*,*,#1237,.T.);
#2098=ORIENTED_EDGE('',*,*,#1234,.T.);
#2099=ORIENTED_EDGE('',*,*,#1231,.T.);
#2100=ORIENTED_EDGE('',*,*,#1240,.T.);
#2101=ORIENTED_EDGE('',*,*,#1222,.T.);
#2102=ORIENTED_EDGE('',*,*,#1219,.T.);
#2103=ORIENTED_EDGE('',*,*,#1216,.T.);
#2104=ORIENTED_EDGE('',*,*,#1228,.T.);
#2105=ORIENTED_EDGE('',*,*,#1225,.T.);
#2106=ORIENTED_EDGE('',*,*,#1207,.T.);
#2107=ORIENTED_EDGE('',*,*,#1204,.T.);
#2108=ORIENTED_EDGE('',*,*,#1201,.T.);
#2109=ORIENTED_EDGE('',*,*,#1213,.T.);
#2110=ORIENTED_EDGE('',*,*,#1210,.T.);
#2111=ORIENTED_EDGE('',*,*,#1192,.T.);
#2112=ORIENTED_EDGE('',*,*,#1189,.T.);
#2113=ORIENTED_EDGE('',*,*,#1186,.T.);
#2114=ORIENTED_EDGE('',*,*,#1198,.T.);
#2115=ORIENTED_EDGE('',*,*,#1195,.T.);
#2116=ORIENTED_EDGE('',*,*,#1181,.T.);
#2117=ORIENTED_EDGE('',*,*,#1178,.T.);
#2118=ORIENTED_EDGE('',*,*,#1175,.T.);
#2119=ORIENTED_EDGE('',*,*,#1172,.T.);
#2120=ORIENTED_EDGE('',*,*,#1479,.T.);
#2121=ORIENTED_EDGE('',*,*,#1485,.T.);
#2122=ORIENTED_EDGE('',*,*,#1484,.F.);
#2123=ORIENTED_EDGE('',*,*,#1170,.F.);
#2124=ORIENTED_EDGE('',*,*,#1480,.T.);
#2125=ORIENTED_EDGE('',*,*,#1168,.T.);
#2126=ORIENTED_EDGE('',*,*,#1483,.F.);
#2127=ORIENTED_EDGE('',*,*,#1485,.F.);
#2128=PLANE('',#2344);
#2129=PLANE('',#2345);
#2130=PLANE('',#2358);
#2131=PLANE('',#2359);
#2132=PLANE('',#2360);
#2133=PLANE('',#2361);
#2134=PLANE('',#2362);
#2135=PLANE('',#2363);
#2136=PLANE('',#2364);
#2137=PLANE('',#2365);
#2138=PLANE('',#2366);
#2139=PLANE('',#2367);
#2140=PLANE('',#2368);
#2141=PLANE('',#2369);
#2142=PLANE('',#2370);
#2143=PLANE('',#2371);
#2144=PLANE('',#2372);
#2145=PLANE('',#2373);
#2146=PLANE('',#2374);
#2147=PLANE('',#2375);
#2148=PLANE('',#2376);
#2149=PLANE('',#2377);
#2150=PLANE('',#2378);
#2151=PLANE('',#2379);
#2152=PLANE('',#2380);
#2153=PLANE('',#2381);
#2154=PLANE('',#2382);
#2155=PLANE('',#2383);
#2156=PLANE('',#2384);
#2157=PLANE('',#2385);
#2158=PLANE('',#2386);
#2159=PLANE('',#2387);
#2160=PLANE('',#2388);
#2161=PLANE('',#2389);
#2162=PLANE('',#2390);
#2163=PLANE('',#2391);
#2164=PLANE('',#2392);
#2165=PLANE('',#2393);
#2166=PLANE('',#2394);
#2167=PLANE('',#2395);
#2168=PLANE('',#2396);
#2169=PLANE('',#2397);
#2170=PLANE('',#2398);
#2171=PLANE('',#2399);
#2172=PLANE('',#2400);
#2173=PLANE('',#2401);
#2174=PLANE('',#2402);
#2175=PLANE('',#2403);
#2176=PLANE('',#2404);
#2177=PLANE('',#2405);
#2178=PLANE('',#2406);
#2179=PLANE('',#2407);
#2180=PLANE('',#2408);
#2181=PLANE('',#2409);
#2182=PLANE('',#2410);
#2183=PLANE('',#2411);
#2184=PLANE('',#2412);
#2185=PLANE('',#2413);
#2186=PLANE('',#2414);
#2187=PLANE('',#2415);
#2188=PLANE('',#2416);
#2189=PLANE('',#2417);
#2190=PLANE('',#2418);
#2191=PLANE('',#2419);
#2192=PLANE('',#2420);
#2193=PLANE('',#2421);
#2194=PLANE('',#2422);
#2195=PLANE('',#2423);
#2196=PLANE('',#2424);
#2197=PLANE('',#2425);
#2198=PLANE('',#2426);
#2199=PLANE('',#2427);
#2200=PLANE('',#2428);
#2201=PLANE('',#2429);
#2202=PLANE('',#2430);
#2203=PLANE('',#2431);
#2204=PLANE('',#2432);
#2205=PLANE('',#2433);
#2206=PLANE('',#2434);
#2207=PLANE('',#2435);
#2208=PLANE('',#2436);
#2209=PLANE('',#2437);
#2210=PLANE('',#2438);
#2211=PLANE('',#2439);
#2212=PLANE('',#2440);
#2213=PLANE('',#2441);
#2214=PLANE('',#2442);
#2215=PLANE('',#2443);
#2216=PLANE('',#2444);
#2217=PLANE('',#2445);
#2218=PLANE('',#2446);
#2219=PLANE('',#2447);
#2220=PLANE('',#2448);
#2221=PLANE('',#2449);
#2222=PLANE('',#2450);
#2223=PLANE('',#2451);
#2224=PLANE('',#2452);
#2225=PLANE('',#2453);
#2226=PLANE('',#2454);
#2227=PLANE('',#2455);
#2228=PLANE('',#2456);
#2229=PLANE('',#2457);
#2230=PLANE('',#2458);
#2231=PLANE('',#2459);
#2232=PLANE('',#2460);
#2233=ADVANCED_FACE('',(#67),#2128,.T.);
#2234=ADVANCED_FACE('',(#68),#2129,.T.);
#2235=ADVANCED_FACE('',(#69),#63,.F.);
#2236=ADVANCED_FACE('',(#70),#64,.F.);
#2237=ADVANCED_FACE('',(#71),#65,.F.);
#2238=ADVANCED_FACE('',(#72),#66,.F.);
#2239=ADVANCED_FACE('',(#73),#2130,.F.);
#2240=ADVANCED_FACE('',(#74),#2131,.F.);
#2241=ADVANCED_FACE('',(#75),#2132,.F.);
#2242=ADVANCED_FACE('',(#76),#2133,.F.);
#2243=ADVANCED_FACE('',(#77),#2134,.F.);
#2244=ADVANCED_FACE('',(#78),#2135,.F.);
#2245=ADVANCED_FACE('',(#79),#2136,.F.);
#2246=ADVANCED_FACE('',(#80),#2137,.F.);
#2247=ADVANCED_FACE('',(#81),#2138,.F.);
#2248=ADVANCED_FACE('',(#82),#2139,.F.);
#2249=ADVANCED_FACE('',(#83),#2140,.F.);
#2250=ADVANCED_FACE('',(#84),#2141,.F.);
#2251=ADVANCED_FACE('',(#85),#2142,.F.);
#2252=ADVANCED_FACE('',(#86),#2143,.F.);
#2253=ADVANCED_FACE('',(#87),#2144,.F.);
#2254=ADVANCED_FACE('',(#88),#2145,.F.);
#2255=ADVANCED_FACE('',(#89),#2146,.F.);
#2256=ADVANCED_FACE('',(#90),#2147,.F.);
#2257=ADVANCED_FACE('',(#91),#2148,.F.);
#2258=ADVANCED_FACE('',(#92),#2149,.F.);
#2259=ADVANCED_FACE('',(#93),#2150,.F.);
#2260=ADVANCED_FACE('',(#94),#2151,.F.);
#2261=ADVANCED_FACE('',(#95),#2152,.F.);
#2262=ADVANCED_FACE('',(#96),#2153,.F.);
#2263=ADVANCED_FACE('',(#97),#2154,.F.);
#2264=ADVANCED_FACE('',(#98),#2155,.F.);
#2265=ADVANCED_FACE('',(#99),#2156,.F.);
#2266=ADVANCED_FACE('',(#100),#2157,.F.);
#2267=ADVANCED_FACE('',(#101),#2158,.F.);
#2268=ADVANCED_FACE('',(#102),#2159,.F.);
#2269=ADVANCED_FACE('',(#103),#2160,.F.);
#2270=ADVANCED_FACE('',(#104),#2161,.F.);
#2271=ADVANCED_FACE('',(#105),#2162,.F.);
#2272=ADVANCED_FACE('',(#106),#2163,.F.);
#2273=ADVANCED_FACE('',(#107),#2164,.F.);
#2274=ADVANCED_FACE('',(#108),#2165,.F.);
#2275=ADVANCED_FACE('',(#109),#2166,.F.);
#2276=ADVANCED_FACE('',(#110),#2167,.F.);
#2277=ADVANCED_FACE('',(#111),#2168,.F.);
#2278=ADVANCED_FACE('',(#112),#2169,.F.);
#2279=ADVANCED_FACE('',(#113),#2170,.F.);
#2280=ADVANCED_FACE('',(#114),#2171,.F.);
#2281=ADVANCED_FACE('',(#115),#2172,.F.);
#2282=ADVANCED_FACE('',(#116),#2173,.F.);
#2283=ADVANCED_FACE('',(#117),#2174,.F.);
#2284=ADVANCED_FACE('',(#118),#2175,.F.);
#2285=ADVANCED_FACE('',(#119),#2176,.F.);
#2286=ADVANCED_FACE('',(#120),#2177,.F.);
#2287=ADVANCED_FACE('',(#121),#2178,.F.);
#2288=ADVANCED_FACE('',(#122),#2179,.F.);
#2289=ADVANCED_FACE('',(#123),#2180,.F.);
#2290=ADVANCED_FACE('',(#124),#2181,.F.);
#2291=ADVANCED_FACE('',(#125),#2182,.F.);
#2292=ADVANCED_FACE('',(#126),#2183,.F.);
#2293=ADVANCED_FACE('',(#127),#2184,.F.);
#2294=ADVANCED_FACE('',(#128),#2185,.F.);
#2295=ADVANCED_FACE('',(#129),#2186,.F.);
#2296=ADVANCED_FACE('',(#130),#2187,.F.);
#2297=ADVANCED_FACE('',(#131),#2188,.F.);
#2298=ADVANCED_FACE('',(#132),#2189,.F.);
#2299=ADVANCED_FACE('',(#133),#2190,.F.);
#2300=ADVANCED_FACE('',(#134),#2191,.F.);
#2301=ADVANCED_FACE('',(#135),#2192,.F.);
#2302=ADVANCED_FACE('',(#136),#2193,.F.);
#2303=ADVANCED_FACE('',(#137),#2194,.F.);
#2304=ADVANCED_FACE('',(#138),#2195,.F.);
#2305=ADVANCED_FACE('',(#139),#2196,.F.);
#2306=ADVANCED_FACE('',(#140),#2197,.F.);
#2307=ADVANCED_FACE('',(#141),#2198,.F.);
#2308=ADVANCED_FACE('',(#142),#2199,.F.);
#2309=ADVANCED_FACE('',(#143),#2200,.F.);
#2310=ADVANCED_FACE('',(#144),#2201,.F.);
#2311=ADVANCED_FACE('',(#145),#2202,.F.);
#2312=ADVANCED_FACE('',(#146),#2203,.F.);
#2313=ADVANCED_FACE('',(#147),#2204,.F.);
#2314=ADVANCED_FACE('',(#148),#2205,.T.);
#2315=ADVANCED_FACE('',(#149),#2206,.T.);
#2316=ADVANCED_FACE('',(#150),#2207,.T.);
#2317=ADVANCED_FACE('',(#151),#2208,.T.);
#2318=ADVANCED_FACE('',(#152),#2209,.T.);
#2319=ADVANCED_FACE('',(#153),#2210,.T.);
#2320=ADVANCED_FACE('',(#154),#2211,.T.);
#2321=ADVANCED_FACE('',(#155),#2212,.T.);
#2322=ADVANCED_FACE('',(#156),#2213,.T.);
#2323=ADVANCED_FACE('',(#157),#2214,.T.);
#2324=ADVANCED_FACE('',(#158),#2215,.T.);
#2325=ADVANCED_FACE('',(#159),#2216,.T.);
#2326=ADVANCED_FACE('',(#160),#2217,.T.);
#2327=ADVANCED_FACE('',(#161),#2218,.T.);
#2328=ADVANCED_FACE('',(#162),#2219,.T.);
#2329=ADVANCED_FACE('',(#163),#2220,.T.);
#2330=ADVANCED_FACE('',(#164),#2221,.T.);
#2331=ADVANCED_FACE('',(#165),#2222,.T.);
#2332=ADVANCED_FACE('',(#166),#2223,.T.);
#2333=ADVANCED_FACE('',(#167),#2224,.T.);
#2334=ADVANCED_FACE('',(#168),#2225,.T.);
#2335=ADVANCED_FACE('',(#169),#2226,.T.);
#2336=ADVANCED_FACE('',(#170),#2227,.T.);
#2337=ADVANCED_FACE('',(#171,#15,#16,#17,#18,#19,#20,#21,#22,#23,#24,#25,
#26,#27,#28,#29,#30,#31,#32,#33,#34),#2228,.T.);
#2338=ADVANCED_FACE('',(#172),#2229,.T.);
#2339=ADVANCED_FACE('',(#173,#35,#36,#37,#38,#39,#40,#41,#42,#43,#44,#45,
#46,#47,#48,#49,#50,#51,#52,#53,#54),#2230,.T.);
#2340=ADVANCED_FACE('',(#174),#2231,.T.);
#2341=ADVANCED_FACE('',(#175),#2232,.T.);
#2342=CLOSED_SHELL('',(#2233,#2234,#2235,#2236,#2237,#2238,#2239,#2240,
#2241,#2242,#2243,#2244,#2245,#2246,#2247,#2248,#2249,#2250,#2251,#2252,
#2253,#2254,#2255,#2256,#2257,#2258,#2259,#2260,#2261,#2262,#2263,#2264,
#2265,#2266,#2267,#2268,#2269,#2270,#2271,#2272,#2273,#2274,#2275,#2276,
#2277,#2278,#2279,#2280,#2281,#2282,#2283,#2284,#2285,#2286,#2287,#2288,
#2289,#2290,#2291,#2292,#2293,#2294,#2295,#2296,#2297,#2298,#2299,#2300,
#2301,#2302,#2303,#2304,#2305,#2306,#2307,#2308,#2309,#2310,#2311,#2312,
#2313,#2314,#2315,#2316,#2317,#2318,#2319,#2320,#2321,#2322,#2323,#2324,
#2325,#2326,#2327,#2328,#2329,#2330,#2331,#2332,#2333,#2334,#2335,#2336,
#2337,#2338,#2339,#2340,#2341));
#2343=AXIS2_PLACEMENT_3D('',#3010,#2461,#2462);
#2344=AXIS2_PLACEMENT_3D('',#3011,#2463,#2464);
#2345=AXIS2_PLACEMENT_3D('',#3020,#2469,#2470);
#2346=AXIS2_PLACEMENT_3D('',#3026,#2474,#2475);
#2347=AXIS2_PLACEMENT_3D('',#3028,#2476,#2477);
#2348=AXIS2_PLACEMENT_3D('',#3031,#2479,#2480);
#2349=AXIS2_PLACEMENT_3D('',#3032,#2481,#2482);
#2350=AXIS2_PLACEMENT_3D('',#3034,#2483,#2484);
#2351=AXIS2_PLACEMENT_3D('',#3037,#2486,#2487);
#2352=AXIS2_PLACEMENT_3D('',#3038,#2488,#2489);
#2353=AXIS2_PLACEMENT_3D('',#3040,#2490,#2491);
#2354=AXIS2_PLACEMENT_3D('',#3043,#2493,#2494);
#2355=AXIS2_PLACEMENT_3D('',#3044,#2495,#2496);
#2356=AXIS2_PLACEMENT_3D('',#3046,#2497,#2498);
#2357=AXIS2_PLACEMENT_3D('',#3049,#2500,#2501);
#2358=AXIS2_PLACEMENT_3D('',#3050,#2502,#2503);
#2359=AXIS2_PLACEMENT_3D('',#3059,#2508,#2509);
#2360=AXIS2_PLACEMENT_3D('',#3065,#2513,#2514);
#2361=AXIS2_PLACEMENT_3D('',#3071,#2518,#2519);
#2362=AXIS2_PLACEMENT_3D('',#3077,#2523,#2524);
#2363=AXIS2_PLACEMENT_3D('',#3080,#2527,#2528);
#2364=AXIS2_PLACEMENT_3D('',#3089,#2533,#2534);
#2365=AXIS2_PLACEMENT_3D('',#3095,#2538,#2539);
#2366=AXIS2_PLACEMENT_3D('',#3101,#2543,#2544);
#2367=AXIS2_PLACEMENT_3D('',#3107,#2548,#2549);
#2368=AXIS2_PLACEMENT_3D('',#3110,#2552,#2553);
#2369=AXIS2_PLACEMENT_3D('',#3119,#2558,#2559);
#2370=AXIS2_PLACEMENT_3D('',#3125,#2563,#2564);
#2371=AXIS2_PLACEMENT_3D('',#3131,#2568,#2569);
#2372=AXIS2_PLACEMENT_3D('',#3137,#2573,#2574);
#2373=AXIS2_PLACEMENT_3D('',#3140,#2577,#2578);
#2374=AXIS2_PLACEMENT_3D('',#3149,#2583,#2584);
#2375=AXIS2_PLACEMENT_3D('',#3155,#2588,#2589);
#2376=AXIS2_PLACEMENT_3D('',#3161,#2593,#2594);
#2377=AXIS2_PLACEMENT_3D('',#3164,#2597,#2598);
#2378=AXIS2_PLACEMENT_3D('',#3173,#2603,#2604);
#2379=AXIS2_PLACEMENT_3D('',#3179,#2608,#2609);
#2380=AXIS2_PLACEMENT_3D('',#3185,#2613,#2614);
#2381=AXIS2_PLACEMENT_3D('',#3191,#2618,#2619);
#2382=AXIS2_PLACEMENT_3D('',#3197,#2623,#2624);
#2383=AXIS2_PLACEMENT_3D('',#3200,#2627,#2628);
#2384=AXIS2_PLACEMENT_3D('',#3209,#2633,#2634);
#2385=AXIS2_PLACEMENT_3D('',#3215,#2638,#2639);
#2386=AXIS2_PLACEMENT_3D('',#3221,#2643,#2644);
#2387=AXIS2_PLACEMENT_3D('',#3227,#2648,#2649);
#2388=AXIS2_PLACEMENT_3D('',#3233,#2653,#2654);
#2389=AXIS2_PLACEMENT_3D('',#3239,#2658,#2659);
#2390=AXIS2_PLACEMENT_3D('',#3242,#2662,#2663);
#2391=AXIS2_PLACEMENT_3D('',#3251,#2668,#2669);
#2392=AXIS2_PLACEMENT_3D('',#3257,#2673,#2674);
#2393=AXIS2_PLACEMENT_3D('',#3263,#2678,#2679);
#2394=AXIS2_PLACEMENT_3D('',#3269,#2683,#2684);
#2395=AXIS2_PLACEMENT_3D('',#3275,#2688,#2689);
#2396=AXIS2_PLACEMENT_3D('',#3278,#2692,#2693);
#2397=AXIS2_PLACEMENT_3D('',#3287,#2698,#2699);
#2398=AXIS2_PLACEMENT_3D('',#3293,#2703,#2704);
#2399=AXIS2_PLACEMENT_3D('',#3299,#2708,#2709);
#2400=AXIS2_PLACEMENT_3D('',#3305,#2713,#2714);
#2401=AXIS2_PLACEMENT_3D('',#3308,#2717,#2718);
#2402=AXIS2_PLACEMENT_3D('',#3317,#2723,#2724);
#2403=AXIS2_PLACEMENT_3D('',#3323,#2728,#2729);
#2404=AXIS2_PLACEMENT_3D('',#3329,#2733,#2734);
#2405=AXIS2_PLACEMENT_3D('',#3335,#2738,#2739);
#2406=AXIS2_PLACEMENT_3D('',#3341,#2743,#2744);
#2407=AXIS2_PLACEMENT_3D('',#3347,#2748,#2749);
#2408=AXIS2_PLACEMENT_3D('',#3353,#2753,#2754);
#2409=AXIS2_PLACEMENT_3D('',#3356,#2757,#2758);
#2410=AXIS2_PLACEMENT_3D('',#3365,#2763,#2764);
#2411=AXIS2_PLACEMENT_3D('',#3371,#2768,#2769);
#2412=AXIS2_PLACEMENT_3D('',#3377,#2773,#2774);
#2413=AXIS2_PLACEMENT_3D('',#3383,#2778,#2779);
#2414=AXIS2_PLACEMENT_3D('',#3386,#2782,#2783);
#2415=AXIS2_PLACEMENT_3D('',#3395,#2788,#2789);
#2416=AXIS2_PLACEMENT_3D('',#3401,#2793,#2794);
#2417=AXIS2_PLACEMENT_3D('',#3407,#2798,#2799);
#2418=AXIS2_PLACEMENT_3D('',#3413,#2803,#2804);
#2419=AXIS2_PLACEMENT_3D('',#3419,#2808,#2809);
#2420=AXIS2_PLACEMENT_3D('',#3425,#2813,#2814);
#2421=AXIS2_PLACEMENT_3D('',#3428,#2817,#2818);
#2422=AXIS2_PLACEMENT_3D('',#3437,#2823,#2824);
#2423=AXIS2_PLACEMENT_3D('',#3443,#2828,#2829);
#2424=AXIS2_PLACEMENT_3D('',#3449,#2833,#2834);
#2425=AXIS2_PLACEMENT_3D('',#3455,#2838,#2839);
#2426=AXIS2_PLACEMENT_3D('',#3461,#2843,#2844);
#2427=AXIS2_PLACEMENT_3D('',#3464,#2847,#2848);
#2428=AXIS2_PLACEMENT_3D('',#3473,#2853,#2854);
#2429=AXIS2_PLACEMENT_3D('',#3479,#2858,#2859);
#2430=AXIS2_PLACEMENT_3D('',#3485,#2863,#2864);
#2431=AXIS2_PLACEMENT_3D('',#3491,#2868,#2869);
#2432=AXIS2_PLACEMENT_3D('',#3497,#2873,#2874);
#2433=AXIS2_PLACEMENT_3D('',#3500,#2877,#2878);
#2434=AXIS2_PLACEMENT_3D('',#3509,#2883,#2884);
#2435=AXIS2_PLACEMENT_3D('',#3515,#2888,#2889);
#2436=AXIS2_PLACEMENT_3D('',#3521,#2893,#2894);
#2437=AXIS2_PLACEMENT_3D('',#3527,#2898,#2899);
#2438=AXIS2_PLACEMENT_3D('',#3533,#2903,#2904);
#2439=AXIS2_PLACEMENT_3D('',#3539,#2908,#2909);
#2440=AXIS2_PLACEMENT_3D('',#3545,#2913,#2914);
#2441=AXIS2_PLACEMENT_3D('',#3551,#2918,#2919);
#2442=AXIS2_PLACEMENT_3D('',#3557,#2923,#2924);
#2443=AXIS2_PLACEMENT_3D('',#3563,#2928,#2929);
#2444=AXIS2_PLACEMENT_3D('',#3569,#2933,#2934);
#2445=AXIS2_PLACEMENT_3D('',#3575,#2938,#2939);
#2446=AXIS2_PLACEMENT_3D('',#3581,#2943,#2944);
#2447=AXIS2_PLACEMENT_3D('',#3587,#2948,#2949);
#2448=AXIS2_PLACEMENT_3D('',#3593,#2953,#2954);
#2449=AXIS2_PLACEMENT_3D('',#3596,#2957,#2958);
#2450=AXIS2_PLACEMENT_3D('',#3605,#2963,#2964);
#2451=AXIS2_PLACEMENT_3D('',#3611,#2968,#2969);
#2452=AXIS2_PLACEMENT_3D('',#3617,#2973,#2974);
#2453=AXIS2_PLACEMENT_3D('',#3620,#2977,#2978);
#2454=AXIS2_PLACEMENT_3D('',#3629,#2983,#2984);
#2455=AXIS2_PLACEMENT_3D('',#3635,#2988,#2989);
#2456=AXIS2_PLACEMENT_3D('',#3641,#2993,#2994);
#2457=AXIS2_PLACEMENT_3D('',#3646,#2998,#2999);
#2458=AXIS2_PLACEMENT_3D('',#3648,#3001,#3002);
#2459=AXIS2_PLACEMENT_3D('',#3652,#3005,#3006);
#2460=AXIS2_PLACEMENT_3D('',#3654,#3008,#3009);
#2461=DIRECTION('axis',(0.,0.,1.));
#2462=DIRECTION('refdir',(1.,0.,0.));
#2463=DIRECTION('center_axis',(-1.,0.,0.));
#2464=DIRECTION('ref_axis',(0.,-1.,0.));
#2465=DIRECTION('',(0.,-1.,0.));
#2466=DIRECTION('',(0.,0.,1.));
#2467=DIRECTION('',(0.,-1.,0.));
#2468=DIRECTION('',(0.,0.,1.));
#2469=DIRECTION('center_axis',(0.,-1.,0.));
#2470=DIRECTION('ref_axis',(1.,0.,0.));
#2471=DIRECTION('',(1.,0.,0.));
#2472=DIRECTION('',(0.,0.,1.));
#2473=DIRECTION('',(1.,0.,0.));
#2474=DIRECTION('center_axis',(0.,0.,-1.));
#2475=DIRECTION('ref_axis',(-1.,0.,0.));
#2476=DIRECTION('center_axis',(0.,0.,-1.));
#2477=DIRECTION('ref_axis',(-1.,0.,0.));
#2478=DIRECTION('',(0.,0.,-1.));
#2479=DIRECTION('center_axis',(0.,0.,-1.));
#2480=DIRECTION('ref_axis',(-1.,0.,0.));
#2481=DIRECTION('center_axis',(0.,0.,-1.));
#2482=DIRECTION('ref_axis',(-1.,0.,0.));
#2483=DIRECTION('center_axis',(0.,0.,-1.));
#2484=DIRECTION('ref_axis',(-1.,0.,0.));
#2485=DIRECTION('',(0.,0.,-1.));
#2486=DIRECTION('center_axis',(0.,0.,-1.));
#2487=DIRECTION('ref_axis',(-1.,0.,0.));
#2488=DIRECTION('center_axis',(0.,0.,-1.));
#2489=DIRECTION('ref_axis',(-1.,0.,0.));
#2490=DIRECTION('center_axis',(0.,0.,-1.));
#2491=DIRECTION('ref_axis',(-1.,0.,0.));
#2492=DIRECTION('',(0.,0.,-1.));
#2493=DIRECTION('center_axis',(0.,0.,-1.));
#2494=DIRECTION('ref_axis',(-1.,0.,0.));
#2495=DIRECTION('center_axis',(0.,0.,-1.));
#2496=DIRECTION('ref_axis',(-1.,0.,0.));
#2497=DIRECTION('center_axis',(0.,0.,-1.));
#2498=DIRECTION('ref_axis',(-1.,0.,0.));
#2499=DIRECTION('',(0.,0.,-1.));
#2500=DIRECTION('center_axis',(0.,0.,-1.));
#2501=DIRECTION('ref_axis',(-1.,0.,0.));
#2502=DIRECTION('center_axis',(0.999999999999999,-3.35255478643765E-8,0.));
#2503=DIRECTION('ref_axis',(-3.35255478643765E-8,-0.999999999999999,0.));
#2504=DIRECTION('',(3.35255478643765E-8,0.999999999999999,0.));
#2505=DIRECTION('',(0.,0.,-1.));
#2506=DIRECTION('',(-3.35255478643765E-8,-0.999999999999999,0.));
#2507=DIRECTION('',(0.,0.,-1.));
#2508=DIRECTION('center_axis',(1.8278620426357E-8,1.,0.));
#2509=DIRECTION('ref_axis',(1.,-1.8278620426357E-8,0.));
#2510=DIRECTION('',(-1.,1.8278620426357E-8,0.));
#2511=DIRECTION('',(1.,-1.8278620426357E-8,0.));
#2512=DIRECTION('',(0.,0.,-1.));
#2513=DIRECTION('center_axis',(-0.998499602195158,0.0547589665361874,0.));
#2514=DIRECTION('ref_axis',(0.0547589665361874,0.998499602195158,0.));
#2515=DIRECTION('',(-0.0547589665361874,-0.998499602195158,0.));
#2516=DIRECTION('',(0.0547589665361874,0.998499602195158,0.));
#2517=DIRECTION('',(0.,0.,-1.));
#2518=DIRECTION('center_axis',(-1.,0.,0.));
#2519=DIRECTION('ref_axis',(0.,1.,0.));
#2520=DIRECTION('',(0.,-1.,0.));
#2521=DIRECTION('',(0.,1.,0.));
#2522=DIRECTION('',(0.,0.,-1.));
#2523=DIRECTION('center_axis',(0.,-1.,0.));
#2524=DIRECTION('ref_axis',(-1.,0.,0.));
#2525=DIRECTION('',(1.,0.,0.));
#2526=DIRECTION('',(-1.,0.,0.));
#2527=DIRECTION('center_axis',(-0.969825874057035,0.243798634142006,0.));
#2528=DIRECTION('ref_axis',(0.243798634142006,0.969825874057035,0.));
#2529=DIRECTION('',(-0.243798634142006,-0.969825874057035,0.));
#2530=DIRECTION('',(0.,0.,-1.));
#2531=DIRECTION('',(0.243798634142006,0.969825874057035,0.));
#2532=DIRECTION('',(0.,0.,-1.));
#2533=DIRECTION('center_axis',(-0.808462448218846,-0.588547763414313,0.));
#2534=DIRECTION('ref_axis',(-0.588547763414313,0.808462448218846,0.));
#2535=DIRECTION('',(0.588547763414313,-0.808462448218846,0.));
#2536=DIRECTION('',(-0.588547763414313,0.808462448218846,0.));
#2537=DIRECTION('',(0.,0.,-1.));
#2538=DIRECTION('center_axis',(-0.0202718535722846,-0.999794504862246,0.));
#2539=DIRECTION('ref_axis',(-0.999794504862246,0.0202718535722846,0.));
#2540=DIRECTION('',(0.999794504862246,-0.0202718535722846,0.));
#2541=DIRECTION('',(-0.999794504862246,0.0202718535722846,0.));
#2542=DIRECTION('',(0.,0.,-1.));
#2543=DIRECTION('center_axis',(0.999999999999983,1.83778089277182E-7,0.));
#2544=DIRECTION('ref_axis',(1.83778089277182E-7,-0.999999999999983,0.));
#2545=DIRECTION('',(-1.83778089277182E-7,0.999999999999983,0.));
#2546=DIRECTION('',(1.83778089277182E-7,-0.999999999999983,0.));
#2547=DIRECTION('',(0.,0.,-1.));
#2548=DIRECTION('center_axis',(-0.0872430084727268,0.996187059478604,0.));
#2549=DIRECTION('ref_axis',(0.996187059478604,0.0872430084727268,0.));
#2550=DIRECTION('',(-0.996187059478604,-0.0872430084727268,0.));
#2551=DIRECTION('',(0.996187059478604,0.0872430084727268,0.));
#2552=DIRECTION('center_axis',(0.246770599876278,-0.969073924443694,0.));
#2553=DIRECTION('ref_axis',(-0.969073924443694,-0.246770599876278,0.));
#2554=DIRECTION('',(0.969073924443694,0.246770599876278,0.));
#2555=DIRECTION('',(0.,0.,-1.));
#2556=DIRECTION('',(-0.969073924443694,-0.246770599876278,0.));
#2557=DIRECTION('',(0.,0.,-1.));
#2558=DIRECTION('center_axis',(1.,0.,0.));
#2559=DIRECTION('ref_axis',(0.,-1.,0.));
#2560=DIRECTION('',(0.,1.,0.));
#2561=DIRECTION('',(0.,-1.,0.));
#2562=DIRECTION('',(0.,0.,-1.));
#2563=DIRECTION('center_axis',(0.0630642322639578,0.998009470200036,0.));
#2564=DIRECTION('ref_axis',(0.998009470200036,-0.0630642322639578,0.));
#2565=DIRECTION('',(-0.998009470200036,0.0630642322639578,0.));
#2566=DIRECTION('',(0.998009470200036,-0.0630642322639578,0.));
#2567=DIRECTION('',(0.,0.,-1.));
#2568=DIRECTION('center_axis',(-0.796604846818124,0.60450038711805,0.));
#2569=DIRECTION('ref_axis',(0.60450038711805,0.796604846818124,0.));
#2570=DIRECTION('',(-0.60450038711805,-0.796604846818124,0.));
#2571=DIRECTION('',(0.60450038711805,0.796604846818124,0.));
#2572=DIRECTION('',(0.,0.,-1.));
#2573=DIRECTION('center_axis',(-0.74330245807275,-0.668955496145303,0.));
#2574=DIRECTION('ref_axis',(-0.668955496145303,0.74330245807275,0.));
#2575=DIRECTION('',(0.668955496145303,-0.74330245807275,0.));
#2576=DIRECTION('',(-0.668955496145303,0.74330245807275,0.));
#2577=DIRECTION('center_axis',(-0.999887231849482,-0.0150174426711066,0.));
#2578=DIRECTION('ref_axis',(-0.0150174426711066,0.999887231849482,0.));
#2579=DIRECTION('',(0.0150174426711066,-0.999887231849482,0.));
#2580=DIRECTION('',(0.,0.,-1.));
#2581=DIRECTION('',(-0.0150174426711066,0.999887231849482,0.));
#2582=DIRECTION('',(0.,0.,-1.));
#2583=DIRECTION('center_axis',(0.,-1.,0.));
#2584=DIRECTION('ref_axis',(-1.,0.,0.));
#2585=DIRECTION('',(1.,0.,0.));
#2586=DIRECTION('',(-1.,0.,0.));
#2587=DIRECTION('',(0.,0.,-1.));
#2588=DIRECTION('center_axis',(0.996090971411325,-0.0883333270789882,0.));
#2589=DIRECTION('ref_axis',(-0.0883333270789882,-0.996090971411325,0.));
#2590=DIRECTION('',(0.0883333270789882,0.996090971411325,0.));
#2591=DIRECTION('',(-0.0883333270789882,-0.996090971411325,0.));
#2592=DIRECTION('',(0.,0.,-1.));
#2593=DIRECTION('center_axis',(4.14301244615461E-16,1.,0.));
#2594=DIRECTION('ref_axis',(1.,-4.14301244615461E-16,0.));
#2595=DIRECTION('',(-1.,4.14301244615461E-16,0.));
#2596=DIRECTION('',(1.,-4.14301244615461E-16,0.));
#2597=DIRECTION('center_axis',(0.,1.,0.));
#2598=DIRECTION('ref_axis',(1.,0.,0.));
#2599=DIRECTION('',(-1.,0.,0.));
#2600=DIRECTION('',(0.,0.,-1.));
#2601=DIRECTION('',(1.,0.,0.));
#2602=DIRECTION('',(0.,0.,-1.));
#2603=DIRECTION('center_axis',(-0.996090956085768,0.0883334998974977,0.));
#2604=DIRECTION('ref_axis',(0.0883334998974977,0.996090956085768,0.));
#2605=DIRECTION('',(-0.0883334998974977,-0.996090956085768,0.));
#2606=DIRECTION('',(0.0883334998974977,0.996090956085768,0.));
#2607=DIRECTION('',(0.,0.,-1.));
#2608=DIRECTION('center_axis',(-1.,0.,0.));
#2609=DIRECTION('ref_axis',(0.,1.,0.));
#2610=DIRECTION('',(0.,-1.,0.));
#2611=DIRECTION('',(0.,1.,0.));
#2612=DIRECTION('',(0.,0.,-1.));
#2613=DIRECTION('center_axis',(-0.724102690071719,-0.689692173531714,0.));
#2614=DIRECTION('ref_axis',(-0.689692173531714,0.724102690071719,0.));
#2615=DIRECTION('',(0.689692173531714,-0.724102690071719,0.));
#2616=DIRECTION('',(-0.689692173531714,0.724102690071719,0.));
#2617=DIRECTION('',(0.,0.,-1.));
#2618=DIRECTION('center_axis',(0.0872427317943264,-0.996187083709211,0.));
#2619=DIRECTION('ref_axis',(-0.996187083709211,-0.0872427317943264,0.));
#2620=DIRECTION('',(0.996187083709211,0.0872427317943264,0.));
#2621=DIRECTION('',(-0.996187083709211,-0.0872427317943264,0.));
#2622=DIRECTION('',(0.,0.,-1.));
#2623=DIRECTION('center_axis',(1.,0.,0.));
#2624=DIRECTION('ref_axis',(0.,-1.,0.));
#2625=DIRECTION('',(0.,1.,0.));
#2626=DIRECTION('',(0.,-1.,0.));
#2627=DIRECTION('center_axis',(0.997814325828984,0.0660800360960054,0.));
#2628=DIRECTION('ref_axis',(0.0660800360960054,-0.997814325828984,0.));
#2629=DIRECTION('',(-0.0660800360960054,0.997814325828984,0.));
#2630=DIRECTION('',(0.,0.,-1.));
#2631=DIRECTION('',(0.0660800360960054,-0.997814325828984,0.));
#2632=DIRECTION('',(0.,0.,-1.));
#2633=DIRECTION('center_axis',(0.302407945989408,0.95317859512395,0.));
#2634=DIRECTION('ref_axis',(0.95317859512395,-0.302407945989408,0.));
#2635=DIRECTION('',(-0.95317859512395,0.302407945989408,0.));
#2636=DIRECTION('',(0.95317859512395,-0.302407945989408,0.));
#2637=DIRECTION('',(0.,0.,-1.));
#2638=DIRECTION('center_axis',(-1.,0.,0.));
#2639=DIRECTION('ref_axis',(0.,1.,0.));
#2640=DIRECTION('',(0.,-1.,0.));
#2641=DIRECTION('',(0.,1.,0.));
#2642=DIRECTION('',(0.,0.,-1.));
#2643=DIRECTION('center_axis',(4.25785344291243E-16,1.,0.));
#2644=DIRECTION('ref_axis',(1.,-4.25785344291243E-16,0.));
#2645=DIRECTION('',(-1.,4.25785344291243E-16,0.));
#2646=DIRECTION('',(1.,-4.25785344291243E-16,0.));
#2647=DIRECTION('',(0.,0.,-1.));
#2648=DIRECTION('center_axis',(-0.900908721946383,-0.434008611344217,0.));
#2649=DIRECTION('ref_axis',(-0.434008611344217,0.900908721946383,0.));
#2650=DIRECTION('',(0.434008611344217,-0.900908721946383,0.));
#2651=DIRECTION('',(-0.434008611344217,0.900908721946383,0.));
#2652=DIRECTION('',(0.,0.,-1.));
#2653=DIRECTION('center_axis',(-0.0630644347418084,-0.998009457405438,0.));
#2654=DIRECTION('ref_axis',(-0.998009457405438,0.0630644347418084,0.));
#2655=DIRECTION('',(0.998009457405438,-0.0630644347418084,0.));
#2656=DIRECTION('',(-0.998009457405438,0.0630644347418084,0.));
#2657=DIRECTION('',(0.,0.,-1.));
#2658=DIRECTION('center_axis',(0.677384224537098,-0.735629398779218,0.));
#2659=DIRECTION('ref_axis',(-0.735629398779218,-0.677384224537098,0.));
#2660=DIRECTION('',(0.735629398779218,0.677384224537098,0.));
#2661=DIRECTION('',(-0.735629398779218,-0.677384224537098,0.));
#2662=DIRECTION('center_axis',(3.51261485799358E-7,0.999999999999938,0.));
#2663=DIRECTION('ref_axis',(0.999999999999938,-3.51261485799358E-7,0.));
#2664=DIRECTION('',(-0.999999999999938,3.51261485799358E-7,0.));
#2665=DIRECTION('',(0.,0.,-1.));
#2666=DIRECTION('',(0.999999999999938,-3.51261485799358E-7,0.));
#2667=DIRECTION('',(0.,0.,-1.));
#2668=DIRECTION('center_axis',(-0.998980247160292,-0.0451493719066186,0.));
#2669=DIRECTION('ref_axis',(-0.0451493719066186,0.998980247160292,0.));
#2670=DIRECTION('',(0.0451493719066186,-0.998980247160292,0.));
#2671=DIRECTION('',(-0.0451493719066186,0.998980247160292,0.));
#2672=DIRECTION('',(0.,0.,-1.));
#2673=DIRECTION('center_axis',(-0.417553823068785,-0.908652191347516,0.));
#2674=DIRECTION('ref_axis',(-0.908652191347516,0.417553823068785,0.));
#2675=DIRECTION('',(0.908652191347516,-0.417553823068785,0.));
#2676=DIRECTION('',(-0.908652191347516,0.417553823068785,0.));
#2677=DIRECTION('',(0.,0.,-1.));
#2678=DIRECTION('center_axis',(1.,-1.6346477167249E-16,0.));
#2679=DIRECTION('ref_axis',(-1.6346477167249E-16,-1.,0.));
#2680=DIRECTION('',(1.6346477167249E-16,1.,0.));
#2681=DIRECTION('',(-1.6346477167249E-16,-1.,0.));
#2682=DIRECTION('',(0.,0.,-1.));
#2683=DIRECTION('center_axis',(0.,-1.,0.));
#2684=DIRECTION('ref_axis',(-1.,0.,0.));
#2685=DIRECTION('',(1.,0.,0.));
#2686=DIRECTION('',(-1.,0.,0.));
#2687=DIRECTION('',(0.,0.,-1.));
#2688=DIRECTION('center_axis',(0.999887229942299,0.0150175696540975,0.));
#2689=DIRECTION('ref_axis',(0.0150175696540975,-0.999887229942299,0.));
#2690=DIRECTION('',(-0.0150175696540975,0.999887229942299,0.));
#2691=DIRECTION('',(0.0150175696540975,-0.999887229942299,0.));
#2692=DIRECTION('center_axis',(0.796605027684825,-0.604500148773562,0.));
#2693=DIRECTION('ref_axis',(-0.604500148773562,-0.796605027684825,0.));
#2694=DIRECTION('',(0.604500148773562,0.796605027684825,0.));
#2695=DIRECTION('',(0.,0.,-1.));
#2696=DIRECTION('',(-0.604500148773562,-0.796605027684825,0.));
#2697=DIRECTION('',(0.,0.,-1.));
#2698=DIRECTION('center_axis',(0.900908646769492,0.434008767395272,0.));
#2699=DIRECTION('ref_axis',(0.434008767395272,-0.900908646769492,0.));
#2700=DIRECTION('',(-0.434008767395272,0.900908646769492,0.));
#2701=DIRECTION('',(0.434008767395272,-0.900908646769492,0.));
#2702=DIRECTION('',(0.,0.,-1.));
#2703=DIRECTION('center_axis',(0.078192318123156,0.996938293670439,0.));
#2704=DIRECTION('ref_axis',(0.996938293670439,-0.078192318123156,0.));
#2705=DIRECTION('',(-0.996938293670439,0.078192318123156,0.));
#2706=DIRECTION('',(0.996938293670439,-0.078192318123156,0.));
#2707=DIRECTION('',(0.,0.,-1.));
#2708=DIRECTION('center_axis',(-1.,3.85049063677717E-16,0.));
#2709=DIRECTION('ref_axis',(3.85049063677717E-16,1.,0.));
#2710=DIRECTION('',(-3.85049063677717E-16,-1.,0.));
#2711=DIRECTION('',(3.85049063677717E-16,1.,0.));
#2712=DIRECTION('',(0.,0.,-1.));
#2713=DIRECTION('center_axis',(0.0389092247182143,-0.999242749401679,0.));
#2714=DIRECTION('ref_axis',(-0.999242749401679,-0.0389092247182143,0.));
#2715=DIRECTION('',(0.999242749401679,0.0389092247182143,0.));
#2716=DIRECTION('',(-0.999242749401679,-0.0389092247182143,0.));
#2717=DIRECTION('center_axis',(-1.,0.,0.));
#2718=DIRECTION('ref_axis',(0.,1.,0.));
#2719=DIRECTION('',(0.,-1.,0.));
#2720=DIRECTION('',(0.,0.,-1.));
#2721=DIRECTION('',(0.,1.,0.));
#2722=DIRECTION('',(0.,0.,-1.));
#2723=DIRECTION('center_axis',(-0.0555780148917656,-0.99845434760969,0.));
#2724=DIRECTION('ref_axis',(-0.99845434760969,0.0555780148917655,0.));
#2725=DIRECTION('',(0.99845434760969,-0.0555780148917655,0.));
#2726=DIRECTION('',(-0.99845434760969,0.0555780148917655,0.));
#2727=DIRECTION('',(0.,0.,-1.));
#2728=DIRECTION('center_axis',(0.969825833818068,-0.243798794211723,0.));
#2729=DIRECTION('ref_axis',(-0.243798794211723,-0.969825833818068,0.));
#2730=DIRECTION('',(0.243798794211723,0.969825833818068,0.));
#2731=DIRECTION('',(-0.243798794211723,-0.969825833818068,0.));
#2732=DIRECTION('',(0.,0.,-1.));
#2733=DIRECTION('center_axis',(0.724102508313947,0.689692364357799,0.));
#2734=DIRECTION('ref_axis',(0.689692364357799,-0.724102508313947,0.));
#2735=DIRECTION('',(-0.689692364357799,0.724102508313947,0.));
#2736=DIRECTION('',(0.689692364357799,-0.724102508313947,0.));
#2737=DIRECTION('',(0.,0.,-1.));
#2738=DIRECTION('center_axis',(-1.,0.,0.));
#2739=DIRECTION('ref_axis',(0.,1.,0.));
#2740=DIRECTION('',(0.,-1.,0.));
#2741=DIRECTION('',(0.,1.,0.));
#2742=DIRECTION('',(0.,0.,-1.));
#2743=DIRECTION('center_axis',(2.74050889529053E-16,1.,0.));
#2744=DIRECTION('ref_axis',(1.,-2.74050889529053E-16,0.));
#2745=DIRECTION('',(-1.,2.74050889529053E-16,0.));
#2746=DIRECTION('',(1.,-2.74050889529053E-16,0.));
#2747=DIRECTION('',(0.,0.,-1.));
#2748=DIRECTION('center_axis',(-0.977859513683637,0.209262446459943,0.));
#2749=DIRECTION('ref_axis',(0.209262446459943,0.977859513683637,0.));
#2750=DIRECTION('',(-0.209262446459943,-0.977859513683637,0.));
#2751=DIRECTION('',(0.209262446459943,0.977859513683637,0.));
#2752=DIRECTION('',(0.,0.,-1.));
#2753=DIRECTION('center_axis',(0.,-1.,0.));
#2754=DIRECTION('ref_axis',(-1.,0.,0.));
#2755=DIRECTION('',(1.,0.,0.));
#2756=DIRECTION('',(-1.,0.,0.));
#2757=DIRECTION('center_axis',(5.86147201497728E-16,1.,0.));
#2758=DIRECTION('ref_axis',(1.,-5.86147201497728E-16,0.));
#2759=DIRECTION('',(-1.,5.86147201497728E-16,0.));
#2760=DIRECTION('',(0.,0.,-1.));
#2761=DIRECTION('',(1.,-5.86147201497728E-16,0.));
#2762=DIRECTION('',(0.,0.,-1.));
#2763=DIRECTION('center_axis',(-1.,0.,0.));
#2764=DIRECTION('ref_axis',(0.,1.,0.));
#2765=DIRECTION('',(0.,-1.,0.));
#2766=DIRECTION('',(0.,1.,0.));
#2767=DIRECTION('',(0.,0.,-1.));
#2768=DIRECTION('center_axis',(-0.302407730710853,-0.953178663423764,0.));
#2769=DIRECTION('ref_axis',(-0.953178663423764,0.302407730710853,0.));
#2770=DIRECTION('',(0.953178663423764,-0.302407730710853,0.));
#2771=DIRECTION('',(-0.953178663423764,0.302407730710853,0.));
#2772=DIRECTION('',(0.,0.,-1.));
#2773=DIRECTION('center_axis',(0.593281078133409,-0.804995380315229,0.));
#2774=DIRECTION('ref_axis',(-0.804995380315229,-0.593281078133409,0.));
#2775=DIRECTION('',(0.804995380315229,0.593281078133409,0.));
#2776=DIRECTION('',(-0.804995380315229,-0.593281078133409,0.));
#2777=DIRECTION('',(0.,0.,-1.));
#2778=DIRECTION('center_axis',(0.998980264654188,0.0451489848329698,0.));
#2779=DIRECTION('ref_axis',(0.0451489848329698,-0.998980264654188,0.));
#2780=DIRECTION('',(-0.0451489848329698,0.998980264654188,0.));
#2781=DIRECTION('',(0.0451489848329698,-0.998980264654188,0.));
#2782=DIRECTION('center_axis',(-0.0389089513936234,0.999242760044549,0.));
#2783=DIRECTION('ref_axis',(0.999242760044549,0.0389089513936234,0.));
#2784=DIRECTION('',(-0.999242760044549,-0.0389089513936234,0.));
#2785=DIRECTION('',(0.,0.,-1.));
#2786=DIRECTION('',(0.999242760044549,0.0389089513936234,0.));
#2787=DIRECTION('',(0.,0.,-1.));
#2788=DIRECTION('center_axis',(-1.,-4.53747537653439E-16,0.));
#2789=DIRECTION('ref_axis',(-4.53747537653439E-16,1.,0.));
#2790=DIRECTION('',(4.53747537653439E-16,-1.,0.));
#2791=DIRECTION('',(-4.53747537653439E-16,1.,0.));
#2792=DIRECTION('',(0.,0.,-1.));
#2793=DIRECTION('center_axis',(-0.012272610734773,-0.999924688676979,0.));
#2794=DIRECTION('ref_axis',(-0.999924688676979,0.012272610734773,0.));
#2795=DIRECTION('',(0.999924688676979,-0.012272610734773,0.));
#2796=DIRECTION('',(-0.999924688676979,0.012272610734773,0.));
#2797=DIRECTION('',(0.,0.,-1.));
#2798=DIRECTION('center_axis',(1.,0.,0.));
#2799=DIRECTION('ref_axis',(0.,-1.,0.));
#2800=DIRECTION('',(0.,1.,0.));
#2801=DIRECTION('',(0.,-1.,0.));
#2802=DIRECTION('',(0.,0.,-1.));
#2803=DIRECTION('center_axis',(0.,-1.,0.));
#2804=DIRECTION('ref_axis',(-1.,0.,0.));
#2805=DIRECTION('',(1.,0.,0.));
#2806=DIRECTION('',(-1.,0.,0.));
#2807=DIRECTION('',(0.,0.,-1.));
#2808=DIRECTION('center_axis',(0.9528241417302,-0.303522906773291,0.));
#2809=DIRECTION('ref_axis',(-0.303522906773291,-0.9528241417302,0.));
#2810=DIRECTION('',(0.303522906773291,0.9528241417302,0.));
#2811=DIRECTION('',(-0.303522906773291,-0.9528241417302,0.));
#2812=DIRECTION('',(0.,0.,-1.));
#2813=DIRECTION('center_axis',(0.743302140617188,0.668955848882351,0.));
#2814=DIRECTION('ref_axis',(0.668955848882351,-0.743302140617188,0.));
#2815=DIRECTION('',(-0.668955848882351,0.743302140617188,0.));
#2816=DIRECTION('',(0.668955848882351,-0.743302140617188,0.));
#2817=DIRECTION('center_axis',(0.0202717847461064,0.999794506257765,0.));
#2818=DIRECTION('ref_axis',(0.999794506257765,-0.0202717847461064,0.));
#2819=DIRECTION('',(-0.999794506257765,0.0202717847461064,0.));
#2820=DIRECTION('',(0.,0.,-1.));
#2821=DIRECTION('',(0.999794506257765,-0.0202717847461064,0.));
#2822=DIRECTION('',(0.,0.,-1.));
#2823=DIRECTION('center_axis',(-0.957739191079739,0.287638039678215,0.));
#2824=DIRECTION('ref_axis',(0.287638039678215,0.957739191079739,0.));
#2825=DIRECTION('',(-0.287638039678215,-0.957739191079739,0.));
#2826=DIRECTION('',(0.287638039678215,0.957739191079739,0.));
#2827=DIRECTION('',(0.,0.,-1.));
#2828=DIRECTION('center_axis',(-1.,0.,0.));
#2829=DIRECTION('ref_axis',(0.,1.,0.));
#2830=DIRECTION('',(0.,-1.,0.));
#2831=DIRECTION('',(0.,1.,0.));
#2832=DIRECTION('',(0.,0.,-1.));
#2833=DIRECTION('center_axis',(-0.753047208248806,-0.657966490141162,0.));
#2834=DIRECTION('ref_axis',(-0.657966490141162,0.753047208248806,0.));
#2835=DIRECTION('',(0.657966490141162,-0.753047208248806,0.));
#2836=DIRECTION('',(-0.657966490141162,0.753047208248806,0.));
#2837=DIRECTION('',(0.,0.,-1.));
#2838=DIRECTION('center_axis',(0.0248352791422798,-0.999691556886385,0.));
#2839=DIRECTION('ref_axis',(-0.999691556886385,-0.0248352791422798,0.));
#2840=DIRECTION('',(0.999691556886385,0.0248352791422798,0.));
#2841=DIRECTION('',(-0.999691556886385,-0.0248352791422798,0.));
#2842=DIRECTION('',(0.,0.,-1.));
#2843=DIRECTION('center_axis',(1.,0.,0.));
#2844=DIRECTION('ref_axis',(0.,-1.,0.));
#2845=DIRECTION('',(0.,1.,0.));
#2846=DIRECTION('',(0.,-1.,0.));
#2847=DIRECTION('center_axis',(-1.,0.,0.));
#2848=DIRECTION('ref_axis',(0.,1.,0.));
#2849=DIRECTION('',(0.,-1.,0.));
#2850=DIRECTION('',(0.,0.,-1.));
#2851=DIRECTION('',(0.,1.,0.));
#2852=DIRECTION('',(0.,0.,-1.));
#2853=DIRECTION('center_axis',(3.20571113551677E-7,-0.999999999999949,0.));
#2854=DIRECTION('ref_axis',(-0.999999999999949,-3.20571113551677E-7,0.));
#2855=DIRECTION('',(0.999999999999949,3.20571113551677E-7,0.));
#2856=DIRECTION('',(-0.999999999999949,-3.20571113551677E-7,0.));
#2857=DIRECTION('',(0.,0.,-1.));
#2858=DIRECTION('center_axis',(0.98508070452967,-0.172093014278119,0.));
#2859=DIRECTION('ref_axis',(-0.172093014278119,-0.98508070452967,0.));
#2860=DIRECTION('',(0.172093014278119,0.98508070452967,0.));
#2861=DIRECTION('',(-0.172093014278119,-0.98508070452967,0.));
#2862=DIRECTION('',(0.,0.,-1.));
#2863=DIRECTION('center_axis',(0.,1.,0.));
#2864=DIRECTION('ref_axis',(1.,0.,0.));
#2865=DIRECTION('',(-1.,0.,0.));
#2866=DIRECTION('',(1.,0.,0.));
#2867=DIRECTION('',(0.,0.,-1.));
#2868=DIRECTION('center_axis',(1.,0.,0.));
#2869=DIRECTION('ref_axis',(0.,-1.,0.));
#2870=DIRECTION('',(0.,1.,0.));
#2871=DIRECTION('',(0.,-1.,0.));
#2872=DIRECTION('',(0.,0.,-1.));
#2873=DIRECTION('center_axis',(0.0122725582978268,0.999924689320564,0.));
#2874=DIRECTION('ref_axis',(0.999924689320564,-0.0122725582978268,0.));
#2875=DIRECTION('',(-0.999924689320564,0.0122725582978268,0.));
#2876=DIRECTION('',(0.999924689320564,-0.0122725582978268,0.));
#2877=DIRECTION('center_axis',(1.,0.,0.));
#2878=DIRECTION('ref_axis',(0.,-1.,0.));
#2879=DIRECTION('',(0.,1.,0.));
#2880=DIRECTION('',(0.,0.,-1.));
#2881=DIRECTION('',(0.,-1.,0.));
#2882=DIRECTION('',(0.,0.,-1.));
#2883=DIRECTION('center_axis',(0.,-1.,0.));
#2884=DIRECTION('ref_axis',(-1.,0.,0.));
#2885=DIRECTION('',(1.,0.,0.));
#2886=DIRECTION('',(-1.,0.,0.));
#2887=DIRECTION('',(0.,0.,-1.));
#2888=DIRECTION('center_axis',(-1.,0.,0.));
#2889=DIRECTION('ref_axis',(0.,1.,0.));
#2890=DIRECTION('',(0.,-1.,0.));
#2891=DIRECTION('',(0.,1.,0.));
#2892=DIRECTION('',(0.,0.,-1.));
#2893=DIRECTION('center_axis',(0.,-1.,0.));
#2894=DIRECTION('ref_axis',(-1.,0.,0.));
#2895=DIRECTION('',(1.,0.,0.));
#2896=DIRECTION('',(-1.,0.,0.));
#2897=DIRECTION('',(0.,0.,-1.));
#2898=DIRECTION('center_axis',(-1.,0.,0.));
#2899=DIRECTION('ref_axis',(0.,1.,0.));
#2900=DIRECTION('',(0.,-1.,0.));
#2901=DIRECTION('',(0.,1.,0.));
#2902=DIRECTION('',(0.,0.,-1.));
#2903=DIRECTION('center_axis',(3.49676542350233E-16,-1.,0.));
#2904=DIRECTION('ref_axis',(-1.,-3.49676542350233E-16,0.));
#2905=DIRECTION('',(1.,3.49676542350233E-16,0.));
#2906=DIRECTION('',(-1.,-3.49676542350233E-16,0.));
#2907=DIRECTION('',(0.,0.,-1.));
#2908=DIRECTION('center_axis',(-1.,0.,0.));
#2909=DIRECTION('ref_axis',(0.,1.,0.));
#2910=DIRECTION('',(0.,-1.,0.));
#2911=DIRECTION('',(0.,1.,0.));
#2912=DIRECTION('',(0.,0.,-1.));
#2913=DIRECTION('center_axis',(1.82786204067227E-8,1.,0.));
#2914=DIRECTION('ref_axis',(1.,-1.82786204067227E-8,0.));
#2915=DIRECTION('',(-1.,1.82786204067227E-8,0.));
#2916=DIRECTION('',(1.,-1.82786204067227E-8,0.));
#2917=DIRECTION('',(0.,0.,-1.));
#2918=DIRECTION('center_axis',(-1.,0.,0.));
#2919=DIRECTION('ref_axis',(0.,1.,0.));
#2920=DIRECTION('',(0.,-1.,0.));
#2921=DIRECTION('',(0.,1.,0.));
#2922=DIRECTION('',(0.,0.,-1.));
#2923=DIRECTION('center_axis',(0.,1.,0.));
#2924=DIRECTION('ref_axis',(1.,0.,0.));
#2925=DIRECTION('',(-1.,0.,0.));
#2926=DIRECTION('',(1.,0.,0.));
#2927=DIRECTION('',(0.,0.,-1.));
#2928=DIRECTION('center_axis',(1.,0.,0.));
#2929=DIRECTION('ref_axis',(0.,-1.,0.));
#2930=DIRECTION('',(0.,1.,0.));
#2931=DIRECTION('',(0.,-1.,0.));
#2932=DIRECTION('',(0.,0.,-1.));
#2933=DIRECTION('center_axis',(0.,1.,0.));
#2934=DIRECTION('ref_axis',(1.,0.,0.));
#2935=DIRECTION('',(-1.,0.,0.));
#2936=DIRECTION('',(1.,0.,0.));
#2937=DIRECTION('',(0.,0.,-1.));
#2938=DIRECTION('center_axis',(1.,0.,0.));
#2939=DIRECTION('ref_axis',(0.,-1.,0.));
#2940=DIRECTION('',(0.,1.,0.));
#2941=DIRECTION('',(0.,-1.,0.));
#2942=DIRECTION('',(0.,0.,-1.));
#2943=DIRECTION('center_axis',(1.16558847729675E-16,-1.,0.));
#2944=DIRECTION('ref_axis',(-1.,-1.16558847729675E-16,0.));
#2945=DIRECTION('',(1.,1.16558847729675E-16,0.));
#2946=DIRECTION('',(-1.,-1.16558847729675E-16,0.));
#2947=DIRECTION('',(0.,0.,-1.));
#2948=DIRECTION('center_axis',(1.,0.,0.));
#2949=DIRECTION('ref_axis',(0.,-1.,0.));
#2950=DIRECTION('',(0.,1.,0.));
#2951=DIRECTION('',(0.,-1.,0.));
#2952=DIRECTION('',(0.,0.,-1.));
#2953=DIRECTION('center_axis',(0.,-1.,0.));
#2954=DIRECTION('ref_axis',(-1.,0.,0.));
#2955=DIRECTION('',(1.,0.,0.));
#2956=DIRECTION('',(-1.,0.,0.));
#2957=DIRECTION('center_axis',(1.,0.,0.));
#2958=DIRECTION('ref_axis',(0.,-1.,0.));
#2959=DIRECTION('',(0.,1.,0.));
#2960=DIRECTION('',(0.,0.,-1.));
#2961=DIRECTION('',(0.,-1.,0.));
#2962=DIRECTION('',(0.,0.,-1.));
#2963=DIRECTION('center_axis',(0.,-1.,0.));
#2964=DIRECTION('ref_axis',(-1.,0.,0.));
#2965=DIRECTION('',(1.,0.,0.));
#2966=DIRECTION('',(-1.,0.,0.));
#2967=DIRECTION('',(0.,0.,-1.));
#2968=DIRECTION('center_axis',(-1.,0.,0.));
#2969=DIRECTION('ref_axis',(0.,1.,0.));
#2970=DIRECTION('',(0.,-1.,0.));
#2971=DIRECTION('',(0.,1.,0.));
#2972=DIRECTION('',(0.,0.,-1.));
#2973=DIRECTION('center_axis',(0.,1.,0.));
#2974=DIRECTION('ref_axis',(1.,0.,0.));
#2975=DIRECTION('',(-1.,0.,0.));
#2976=DIRECTION('',(1.,0.,0.));
#2977=DIRECTION('center_axis',(0.,1.,0.));
#2978=DIRECTION('ref_axis',(1.,0.,0.));
#2979=DIRECTION('',(-1.,0.,0.));
#2980=DIRECTION('',(0.,0.,-1.));
#2981=DIRECTION('',(1.,0.,0.));
#2982=DIRECTION('',(0.,0.,-1.));
#2983=DIRECTION('center_axis',(1.,0.,0.));
#2984=DIRECTION('ref_axis',(0.,-1.,0.));
#2985=DIRECTION('',(0.,1.,0.));
#2986=DIRECTION('',(0.,-1.,0.));
#2987=DIRECTION('',(0.,0.,-1.));
#2988=DIRECTION('center_axis',(-1.,0.,0.));
#2989=DIRECTION('ref_axis',(0.,1.,0.));
#2990=DIRECTION('',(0.,-1.,0.));
#2991=DIRECTION('',(0.,0.,1.));
#2992=DIRECTION('',(0.,1.,0.));
#2993=DIRECTION('center_axis',(0.,0.,-1.));
#2994=DIRECTION('ref_axis',(-1.,0.,0.));
#2995=DIRECTION('',(-6.83214169000103E-17,1.,0.));
#2996=DIRECTION('',(-1.,6.06679248429053E-17,0.));
#2997=DIRECTION('',(1.,-7.02672800395669E-17,0.));
#2998=DIRECTION('center_axis',(-7.02672800395669E-17,-1.,0.));
#2999=DIRECTION('ref_axis',(1.,-7.02672800395669E-17,0.));
#3000=DIRECTION('',(1.,-7.02672800395669E-17,0.));
#3001=DIRECTION('center_axis',(0.,0.,1.));
#3002=DIRECTION('ref_axis',(1.,0.,0.));
#3003=DIRECTION('',(-1.,6.06679248429053E-17,0.));
#3004=DIRECTION('',(-6.83214169000103E-17,1.,0.));
#3005=DIRECTION('center_axis',(1.,6.83214169000103E-17,0.));
#3006=DIRECTION('ref_axis',(-6.83214169000103E-17,1.,0.));
#3007=DIRECTION('',(0.,0.,1.));
#3008=DIRECTION('center_axis',(6.06679248429053E-17,1.,0.));
#3009=DIRECTION('ref_axis',(-1.,6.06679248429053E-17,0.));
#3010=CARTESIAN_POINT('',(0.,0.,0.));
#3011=CARTESIAN_POINT('Origin',(-73.1999999999986,64.9999999999987,-10.));
#3012=CARTESIAN_POINT('',(-73.1999999999986,64.9999999999987,8.));
#3013=CARTESIAN_POINT('',(-73.1999999999986,-65.,8.));
#3014=CARTESIAN_POINT('',(-73.1999999999986,32.499999999999,8.));
#3015=CARTESIAN_POINT('',(-73.1999999999986,-65.,14.));
#3016=CARTESIAN_POINT('',(-73.1999999999986,-65.,-10.));
#3017=CARTESIAN_POINT('',(-73.1999999999986,64.9999999999987,14.));
#3018=CARTESIAN_POINT('',(-73.1999999999986,-65.,14.));
#3019=CARTESIAN_POINT('',(-73.1999999999986,64.9999999999987,-10.));
#3020=CARTESIAN_POINT('Origin',(-73.1999999999986,-65.,-10.));
#3021=CARTESIAN_POINT('',(73.2,-65.,8.));
#3022=CARTESIAN_POINT('',(-36.5999999999989,-65.,8.));
#3023=CARTESIAN_POINT('',(73.2,-65.,14.));
#3024=CARTESIAN_POINT('',(73.2,-65.,-10.));
#3025=CARTESIAN_POINT('',(73.2,-65.,14.));
#3026=CARTESIAN_POINT('Origin',(67.2,-59.,14.));
#3027=CARTESIAN_POINT('',(70.3,-59.,14.));
#3028=CARTESIAN_POINT('Origin',(67.2,-59.,14.));
#3029=CARTESIAN_POINT('',(70.3,-59.,8.));
#3030=CARTESIAN_POINT('',(70.3,-59.,14.));
#3031=CARTESIAN_POINT('Origin',(67.2,-59.,8.));
#3032=CARTESIAN_POINT('Origin',(67.2,58.9999999999987,14.));
#3033=CARTESIAN_POINT('',(70.3,58.9999999999987,14.));
#3034=CARTESIAN_POINT('Origin',(67.2,58.9999999999987,14.));
#3035=CARTESIAN_POINT('',(70.3,58.9999999999987,8.));
#3036=CARTESIAN_POINT('',(70.3,58.9999999999987,14.));
#3037=CARTESIAN_POINT('Origin',(67.2,58.9999999999987,8.));
#3038=CARTESIAN_POINT('Origin',(-67.1999999999986,-59.,14.));
#3039=CARTESIAN_POINT('',(-64.0999999999986,-59.,14.));
#3040=CARTESIAN_POINT('Origin',(-67.1999999999986,-59.,14.));
#3041=CARTESIAN_POINT('',(-64.0999999999986,-59.,8.));
#3042=CARTESIAN_POINT('',(-64.0999999999986,-59.,14.));
#3043=CARTESIAN_POINT('Origin',(-67.1999999999986,-59.,8.));
#3044=CARTESIAN_POINT('Origin',(-67.1999999999986,58.9999999999987,14.));
#3045=CARTESIAN_POINT('',(-64.0999999999986,58.9999999999987,14.));
#3046=CARTESIAN_POINT('Origin',(-67.1999999999986,58.9999999999987,14.));
#3047=CARTESIAN_POINT('',(-64.0999999999986,58.9999999999987,8.));
#3048=CARTESIAN_POINT('',(-64.0999999999986,58.9999999999987,14.));
#3049=CARTESIAN_POINT('Origin',(-67.1999999999986,58.9999999999987,8.));
#3050=CARTESIAN_POINT('Origin',(60.1025505095257,-39.7300007864073,14.));
#3051=CARTESIAN_POINT('',(60.1025500989234,-51.9774464399298,8.));
#3052=CARTESIAN_POINT('',(60.1025505095257,-39.7300007864073,8.));
#3053=CARTESIAN_POINT('',(60.1025511755107,-19.8650014006891,8.));
#3054=CARTESIAN_POINT('',(60.1025500989234,-51.9774464399298,14.));
#3055=CARTESIAN_POINT('',(60.1025500989234,-51.9774464399298,14.));
#3056=CARTESIAN_POINT('',(60.1025505095257,-39.7300007864073,14.));
#3057=CARTESIAN_POINT('',(60.1025511755107,-19.8650014006895,14.));
#3058=CARTESIAN_POINT('',(60.1025505095257,-39.7300007864073,14.));
#3059=CARTESIAN_POINT('Origin',(44.6808387557482,-39.7300005045197,14.));
#3060=CARTESIAN_POINT('',(44.6808387557482,-39.7300005045197,8.));
#3061=CARTESIAN_POINT('',(22.3404190147693,-39.7300000961676,8.));
#3062=CARTESIAN_POINT('',(44.6808387557482,-39.7300005045197,14.));
#3063=CARTESIAN_POINT('',(22.3404190147697,-39.7300000961676,14.));
#3064=CARTESIAN_POINT('',(44.6808387557482,-39.7300005045197,14.));
#3065=CARTESIAN_POINT('Origin',(44.2100000813399,-48.3154844687602,14.));
#3066=CARTESIAN_POINT('',(44.2100000813399,-48.3154844687602,8.));
#3067=CARTESIAN_POINT('',(45.4645854497668,-25.4388111030144,8.));
#3068=CARTESIAN_POINT('',(44.2100000813399,-48.3154844687602,14.));
#3069=CARTESIAN_POINT('',(45.4645854497668,-25.4388111030147,14.));
#3070=CARTESIAN_POINT('',(44.2100000813399,-48.3154844687602,14.));
#3071=CARTESIAN_POINT('Origin',(44.2100000813399,-51.9774464399298,14.));
#3072=CARTESIAN_POINT('',(44.2100000813399,-51.9774464399298,8.));
#3073=CARTESIAN_POINT('',(44.2100000813399,-25.9887232199649,8.));
#3074=CARTESIAN_POINT('',(44.2100000813399,-51.9774464399298,14.));
#3075=CARTESIAN_POINT('',(44.2100000813399,-25.9887232199652,14.));
#3076=CARTESIAN_POINT('',(44.2100000813399,-51.9774464399298,14.));
#3077=CARTESIAN_POINT('Origin',(60.1025500989234,-51.9774464399298,14.));
#3078=CARTESIAN_POINT('',(30.0512750494617,-51.9774464399298,8.));
#3079=CARTESIAN_POINT('',(30.0512750494621,-51.9774464399298,14.));
#3080=CARTESIAN_POINT('Origin',(43.4912022647621,15.7926656933142,14.));
#3081=CARTESIAN_POINT('',(46.7830999967292,28.8877661086501,8.));
#3082=CARTESIAN_POINT('',(43.4912022647621,15.7926656933142,8.));
#3083=CARTESIAN_POINT('',(40.3316656435845,3.22409501188868,8.));
#3084=CARTESIAN_POINT('',(46.7830999967292,28.8877661086501,14.));
#3085=CARTESIAN_POINT('',(46.7830999967292,28.8877661086501,14.));
#3086=CARTESIAN_POINT('',(43.4912022647621,15.7926656933142,14.));
#3087=CARTESIAN_POINT('',(40.3316656435844,3.22409501188846,14.));
#3088=CARTESIAN_POINT('',(43.4912022647621,15.7926656933142,14.));
#3089=CARTESIAN_POINT('Origin',(45.8104415852758,12.6068275751121,14.));
#3090=CARTESIAN_POINT('',(45.8104415852758,12.6068275751121,8.));
#3091=CARTESIAN_POINT('',(40.8756197721393,19.3855775297926,8.));
#3092=CARTESIAN_POINT('',(45.8104415852758,12.6068275751121,14.));
#3093=CARTESIAN_POINT('',(40.8756197721396,19.3855775297922,14.));
#3094=CARTESIAN_POINT('',(45.8104415852758,12.6068275751121,14.));
#3095=CARTESIAN_POINT('Origin',(60.1675343864988,12.3157228715208,14.));
#3096=CARTESIAN_POINT('',(60.1675343864988,12.3157228715208,8.));
#3097=CARTESIAN_POINT('',(30.2209356717577,12.9229207118579,8.));
#3098=CARTESIAN_POINT('',(60.1675343864988,12.3157228715208,14.));
#3099=CARTESIAN_POINT('',(30.220935671758,12.9229207118579,14.));
#3100=CARTESIAN_POINT('',(60.1675343864988,12.3157228715208,14.));
#3101=CARTESIAN_POINT('Origin',(60.1675311255017,30.0599335517619,14.));
#3102=CARTESIAN_POINT('',(60.1675311255017,30.0599335517619,8.));
#3103=CARTESIAN_POINT('',(60.1675338876793,15.0299723046184,8.));
#3104=CARTESIAN_POINT('',(60.1675311255017,30.0599335517619,14.));
#3105=CARTESIAN_POINT('',(60.1675338876793,15.0299723046181,14.));
#3106=CARTESIAN_POINT('',(60.1675311255017,30.0599335517619,14.));
#3107=CARTESIAN_POINT('Origin',(46.7830999967292,28.8877661086501,14.));
#3108=CARTESIAN_POINT('',(22.3142680783561,26.7448608278992,8.));
#3109=CARTESIAN_POINT('',(22.3142680783564,26.7448608278993,14.));
#3110=CARTESIAN_POINT('Origin',(-39.14,-9.57089602901086,14.));
#3111=CARTESIAN_POINT('',(-39.2636396647714,-9.6023803497366,8.));
#3112=CARTESIAN_POINT('',(-39.14,-9.57089602901086,8.));
#3113=CARTESIAN_POINT('',(-19.6173423848313,-4.59953336063655,8.));
#3114=CARTESIAN_POINT('',(-39.2636396647714,-9.6023803497366,14.));
#3115=CARTESIAN_POINT('',(-39.2636396647714,-9.6023803497366,14.));
#3116=CARTESIAN_POINT('',(-39.14,-9.57089602901086,14.));
#3117=CARTESIAN_POINT('',(-19.6173423848311,-4.59953336063649,14.));
#3118=CARTESIAN_POINT('',(-39.14,-9.57089602901086,14.));
#3119=CARTESIAN_POINT('Origin',(-39.14,8.54886754124836,14.));
#3120=CARTESIAN_POINT('',(-39.14,8.54886754124836,8.));
#3121=CARTESIAN_POINT('',(-39.14,4.27443377062418,8.));
#3122=CARTESIAN_POINT('',(-39.14,8.54886754124836,14.));
#3123=CARTESIAN_POINT('',(-39.14,4.27443377062386,14.));
#3124=CARTESIAN_POINT('',(-39.14,8.54886754124836,14.));
#3125=CARTESIAN_POINT('Origin',(-40.3263475187088,8.62383285740976,14.));
#3126=CARTESIAN_POINT('',(-40.3263475187088,8.62383285740976,8.));
#3127=CARTESIAN_POINT('',(-19.9719782461339,7.33763998076828,8.));
#3128=CARTESIAN_POINT('',(-40.3263475187088,8.62383285740976,14.));
#3129=CARTESIAN_POINT('',(-19.9719782461335,7.33763998076825,14.));
#3130=CARTESIAN_POINT('',(-40.3263475187088,8.62383285740976,14.));
#3131=CARTESIAN_POINT('Origin',(-47.3440062469343,-0.623970908062816,14.));
#3132=CARTESIAN_POINT('',(-47.3440062469343,-0.623970908062816,8.));
#3133=CARTESIAN_POINT('',(-38.5435299162835,10.9732128964457,8.));
#3134=CARTESIAN_POINT('',(-47.3440062469343,-0.623970908062816,14.));
#3135=CARTESIAN_POINT('',(-38.5435299162836,10.9732128964457,14.));
#3136=CARTESIAN_POINT('',(-47.3440062469343,-0.623970908062816,14.));
#3137=CARTESIAN_POINT('Origin',(-39.2636396647714,-9.6023803497366,14.));
#3138=CARTESIAN_POINT('',(-32.8656975776347,-16.7113825290727,8.));
#3139=CARTESIAN_POINT('',(-32.8656975776344,-16.711382529073,14.));
#3140=CARTESIAN_POINT('Origin',(14.0095287291279,50.582015,14.));
#3141=CARTESIAN_POINT('',(13.9867026842718,52.1018124318988,8.));
#3142=CARTESIAN_POINT('',(14.0095287291279,50.582015,8.));
#3143=CARTESIAN_POINT('',(14.3877124147375,25.4018930034404,8.));
#3144=CARTESIAN_POINT('',(13.9867026842718,52.1018124318988,14.));
#3145=CARTESIAN_POINT('',(13.9867026842718,52.1018124318988,14.));
#3146=CARTESIAN_POINT('',(14.0095287291279,50.582015,14.));
#3147=CARTESIAN_POINT('',(14.3877124147375,25.4018930034401,14.));
#3148=CARTESIAN_POINT('',(14.0095287291279,50.582015,14.));
#3149=CARTESIAN_POINT('Origin',(35.2899128741349,50.582015,14.));
#3150=CARTESIAN_POINT('',(35.2899128741349,50.582015,8.));
#3151=CARTESIAN_POINT('',(17.6449564370675,50.582015,8.));
#3152=CARTESIAN_POINT('',(35.2899128741349,50.582015,14.));
#3153=CARTESIAN_POINT('',(17.6449564370678,50.582015,14.));
#3154=CARTESIAN_POINT('',(35.2899128741349,50.582015,14.));
#3155=CARTESIAN_POINT('Origin',(35.424688479475,52.1018124318988,14.));
#3156=CARTESIAN_POINT('',(35.424688479475,52.1018124318988,8.));
#3157=CARTESIAN_POINT('',(32.9943151063544,24.6957013504141,8.));
#3158=CARTESIAN_POINT('',(35.424688479475,52.1018124318988,14.));
#3159=CARTESIAN_POINT('',(32.9943151063544,24.6957013504138,14.));
#3160=CARTESIAN_POINT('',(35.424688479475,52.1018124318988,14.));
#3161=CARTESIAN_POINT('Origin',(13.9867026842718,52.1018124318988,14.));
#3162=CARTESIAN_POINT('',(6.99335134213592,52.1018124318988,8.));
#3163=CARTESIAN_POINT('',(6.99335134213627,52.1018124318988,14.));
#3164=CARTESIAN_POINT('Origin',(41.6334347705492,51.9947213040543,14.));
#3165=CARTESIAN_POINT('',(60.0870136792713,51.9947213040543,8.));
#3166=CARTESIAN_POINT('',(41.6334347705492,51.9947213040543,8.));
#3167=CARTESIAN_POINT('',(20.8167173852746,51.9947213040543,8.));
#3168=CARTESIAN_POINT('',(60.0870136792713,51.9947213040543,14.));
#3169=CARTESIAN_POINT('',(60.0870136792713,51.9947213040543,14.));
#3170=CARTESIAN_POINT('',(41.6334347705492,51.9947213040543,14.));
#3171=CARTESIAN_POINT('',(20.8167173852749,51.9947213040543,14.));
#3172=CARTESIAN_POINT('',(41.6334347705492,51.9947213040543,14.));
#3173=CARTESIAN_POINT('Origin',(40.9645,44.4514916581268,14.));
#3174=CARTESIAN_POINT('',(40.9645,44.4514916581268,8.));
#3175=CARTESIAN_POINT('',(38.8490775748227,20.5969727217627,8.));
#3176=CARTESIAN_POINT('',(40.9645,44.4514916581268,14.));
#3177=CARTESIAN_POINT('',(38.8490775748226,20.5969727217624,14.));
#3178=CARTESIAN_POINT('',(40.9645,44.4514916581268,14.));
#3179=CARTESIAN_POINT('Origin',(40.9645,39.879557422306,14.));
#3180=CARTESIAN_POINT('',(40.9645,39.879557422306,8.));
#3181=CARTESIAN_POINT('',(40.9645,19.939778711153,8.));
#3182=CARTESIAN_POINT('',(40.9645,39.879557422306,14.));
#3183=CARTESIAN_POINT('',(40.9645,19.9397787111527,14.));
#3184=CARTESIAN_POINT('',(40.9645,39.879557422306,14.));
#3185=CARTESIAN_POINT('Origin',(45.8228981190959,34.7787613244437,14.));
#3186=CARTESIAN_POINT('',(45.8228981190959,34.7787613244437,8.));
#3187=CARTESIAN_POINT('',(43.6088829368998,37.1032394188933,8.));
#3188=CARTESIAN_POINT('',(45.8228981190959,34.7787613244437,14.));
#3189=CARTESIAN_POINT('',(43.6088829369002,37.103239418893,14.));
#3190=CARTESIAN_POINT('',(45.8228981190959,34.7787613244437,14.));
#3191=CARTESIAN_POINT('Origin',(60.0870136792713,36.0279648409821,14.));
#3192=CARTESIAN_POINT('',(60.0870136792713,36.0279648409821,8.));
#3193=CARTESIAN_POINT('',(28.7065801111046,33.2797714602933,8.));
#3194=CARTESIAN_POINT('',(60.0870136792713,36.0279648409821,14.));
#3195=CARTESIAN_POINT('',(28.7065801111049,33.2797714602934,14.));
#3196=CARTESIAN_POINT('',(60.0870136792713,36.0279648409821,14.));
#3197=CARTESIAN_POINT('Origin',(60.0870136792713,51.9947213040543,14.));
#3198=CARTESIAN_POINT('',(60.0870136792713,25.9973606520271,8.));
#3199=CARTESIAN_POINT('',(60.0870136792713,25.9973606520268,14.));
#3200=CARTESIAN_POINT('Origin',(-27.6865774456695,29.2767304920387,14.));
#3201=CARTESIAN_POINT('',(-26.7471723363665,15.091631161015,8.));
#3202=CARTESIAN_POINT('',(-27.6865774456695,29.2767304920387,8.));
#3203=CARTESIAN_POINT('',(-26.6609402471057,13.7895190694662,8.));
#3204=CARTESIAN_POINT('',(-26.7471723363665,15.091631161015,14.));
#3205=CARTESIAN_POINT('',(-26.7471723363665,15.091631161015,14.));
#3206=CARTESIAN_POINT('',(-27.6865774456695,29.2767304920387,14.));
#3207=CARTESIAN_POINT('',(-26.6609402471057,13.7895190694659,14.));
#3208=CARTESIAN_POINT('',(-27.6865774456695,29.2767304920387,14.));
#3209=CARTESIAN_POINT('Origin',(-34.23,31.3527139273764,14.));
#3210=CARTESIAN_POINT('',(-34.23,31.3527139273764,8.));
#3211=CARTESIAN_POINT('',(-14.1614856465571,24.9857243246626,8.));
#3212=CARTESIAN_POINT('',(-34.23,31.3527139273764,14.));
#3213=CARTESIAN_POINT('',(-14.1614856465567,24.9857243246624,14.));
#3214=CARTESIAN_POINT('',(-34.23,31.3527139273764,14.));
#3215=CARTESIAN_POINT('Origin',(-34.23,25.216,14.));
#3216=CARTESIAN_POINT('',(-34.23,25.216,8.));
#3217=CARTESIAN_POINT('',(-34.23,12.608,8.));
#3218=CARTESIAN_POINT('',(-34.23,25.216,14.));
#3219=CARTESIAN_POINT('',(-34.23,12.6079999999997,14.));
#3220=CARTESIAN_POINT('',(-34.23,25.216,14.));
#3221=CARTESIAN_POINT('Origin',(-44.6598848188231,25.216,14.));
#3222=CARTESIAN_POINT('',(-44.6598848188231,25.216,8.));
#3223=CARTESIAN_POINT('',(-22.3299424094116,25.216,8.));
#3224=CARTESIAN_POINT('',(-44.6598848188231,25.216,14.));
#3225=CARTESIAN_POINT('',(-22.3299424094112,25.216,14.));
#3226=CARTESIAN_POINT('',(-44.6598848188231,25.216,14.));
#3227=CARTESIAN_POINT('Origin',(-39.7214617019177,14.9648935878437,14.));
#3228=CARTESIAN_POINT('',(-39.7214617019177,14.9648935878437,8.));
#3229=CARTESIAN_POINT('',(-33.0547726943344,1.12627814002163,8.));
#3230=CARTESIAN_POINT('',(-39.7214617019177,14.9648935878437,14.));
#3231=CARTESIAN_POINT('',(-33.0547726943342,1.12627814002123,14.));
#3232=CARTESIAN_POINT('',(-39.7214617019177,14.9648935878437,14.));
#3233=CARTESIAN_POINT('Origin',(-27.7091371197764,14.2058321840797,14.));
#3234=CARTESIAN_POINT('',(-27.7091371197764,14.2058321840797,8.));
#3235=CARTESIAN_POINT('',(-13.4626201402337,13.3055916766499,8.));
#3236=CARTESIAN_POINT('',(-27.7091371197764,14.2058321840797,14.));
#3237=CARTESIAN_POINT('',(-13.4626201402334,13.3055916766499,14.));
#3238=CARTESIAN_POINT('',(-27.7091371197764,14.2058321840797,14.));
#3239=CARTESIAN_POINT('Origin',(-26.7471723363665,15.091631161015,14.));
#3240=CARTESIAN_POINT('',(-23.2701561915203,18.2933464389636,8.));
#3241=CARTESIAN_POINT('',(-23.2701561915203,18.2933464389637,14.));
#3242=CARTESIAN_POINT('Origin',(-12.8214845920913,52.0369403461819,14.));
#3243=CARTESIAN_POINT('',(7.63542326020481,52.036933160458,8.));
#3244=CARTESIAN_POINT('',(-12.8214845920913,52.0369403461819,8.));
#3245=CARTESIAN_POINT('',(-6.41073315675992,52.0369380943318,8.));
#3246=CARTESIAN_POINT('',(7.63542326020481,52.036933160458,14.));
#3247=CARTESIAN_POINT('',(7.63542326020481,52.036933160458,14.));
#3248=CARTESIAN_POINT('',(-12.8214845920913,52.0369403461819,14.));
#3249=CARTESIAN_POINT('',(-6.41073315675957,52.0369380943318,14.));
#3250=CARTESIAN_POINT('',(-12.8214845920913,52.0369403461819,14.));
#3251=CARTESIAN_POINT('Origin',(-12.2861662644751,40.1924248491008,14.));
#3252=CARTESIAN_POINT('',(-12.2861662644751,40.1924248491008,8.));
#3253=CARTESIAN_POINT('',(-11.3672376847738,19.8601043558868,8.));
#3254=CARTESIAN_POINT('',(-12.2861662644751,40.1924248491008,14.));
#3255=CARTESIAN_POINT('',(-11.3672376847738,19.8601043558865,14.));
#3256=CARTESIAN_POINT('',(-12.2861662644751,40.1924248491008,14.));
#3257=CARTESIAN_POINT('Origin',(-5.33549999999999,36.9983784370157,14.));
#3258=CARTESIAN_POINT('',(-5.33549999999999,36.9983784370157,8.));
#3259=CARTESIAN_POINT('',(3.88592411177193,32.7608484682618,8.));
#3260=CARTESIAN_POINT('',(-5.33549999999999,36.9983784370157,14.));
#3261=CARTESIAN_POINT('',(3.88592411177235,32.7608484682616,14.));
#3262=CARTESIAN_POINT('',(-5.33549999999999,36.9983784370157,14.));
#3263=CARTESIAN_POINT('Origin',(-5.33549999999999,50.582015,14.));
#3264=CARTESIAN_POINT('',(-5.33549999999999,50.582015,8.));
#3265=CARTESIAN_POINT('',(-5.33549999999999,25.2910075,8.));
#3266=CARTESIAN_POINT('',(-5.33549999999999,50.582015,14.));
#3267=CARTESIAN_POINT('',(-5.33549999999999,25.2910074999997,14.));
#3268=CARTESIAN_POINT('',(-5.33549999999999,50.582015,14.));
#3269=CARTESIAN_POINT('Origin',(7.65727505924914,50.582015,14.));
#3270=CARTESIAN_POINT('',(7.65727505924914,50.582015,8.));
#3271=CARTESIAN_POINT('',(3.82863752962457,50.582015,8.));
#3272=CARTESIAN_POINT('',(7.65727505924914,50.582015,14.));
#3273=CARTESIAN_POINT('',(3.82863752962492,50.582015,14.));
#3274=CARTESIAN_POINT('',(7.65727505924914,50.582015,14.));
#3275=CARTESIAN_POINT('Origin',(7.63542326020481,52.036933160458,14.));
#3276=CARTESIAN_POINT('',(8.0252523326839,26.0816607422118,8.));
#3277=CARTESIAN_POINT('',(8.0252523326839,26.0816607422115,14.));
#3278=CARTESIAN_POINT('Origin',(-44.7980448605789,12.1843872697261,14.));
#3279=CARTESIAN_POINT('',(-52.2315534502938,2.3885744350739,8.));
#3280=CARTESIAN_POINT('',(-44.7980448605789,12.1843872697261,8.));
#3281=CARTESIAN_POINT('',(-39.5466672493581,19.1046069187325,8.));
#3282=CARTESIAN_POINT('',(-52.2315534502938,2.3885744350739,14.));
#3283=CARTESIAN_POINT('',(-52.2315534502938,2.3885744350739,14.));
#3284=CARTESIAN_POINT('',(-44.7980448605789,12.1843872697261,14.));
#3285=CARTESIAN_POINT('',(-39.5466672493581,19.1046069187324,14.));
#3286=CARTESIAN_POINT('',(-44.7980448605789,12.1843872697261,14.));
#3287=CARTESIAN_POINT('Origin',(-50.6751412984193,24.3839726157209,14.));
#3288=CARTESIAN_POINT('',(-50.6751412984193,24.3839726157209,8.));
#3289=CARTESIAN_POINT('',(-41.1353709234076,4.58146569720012,8.));
#3290=CARTESIAN_POINT('',(-50.6751412984193,24.3839726157209,14.));
#3291=CARTESIAN_POINT('',(-41.1353709234074,4.58146569719973,14.));
#3292=CARTESIAN_POINT('',(-50.6751412984193,24.3839726157209,14.));
#3293=CARTESIAN_POINT('Origin',(-60.3183638419685,25.1403142365061,14.));
#3294=CARTESIAN_POINT('',(-60.3183638419685,25.1403142365061,8.));
#3295=CARTESIAN_POINT('',(-29.3636959192414,22.7124636293244,8.));
#3296=CARTESIAN_POINT('',(-60.3183638419685,25.1403142365061,14.));
#3297=CARTESIAN_POINT('',(-29.363695919241,22.7124636293244,14.));
#3298=CARTESIAN_POINT('',(-60.3183638419685,25.1403142365061,14.));
#3299=CARTESIAN_POINT('Origin',(-60.3183638419685,2.07368446166988,14.));
#3300=CARTESIAN_POINT('',(-60.3183638419685,2.07368446166988,8.));
#3301=CARTESIAN_POINT('',(-60.3183638419685,1.03684223083495,8.));
#3302=CARTESIAN_POINT('',(-60.3183638419685,2.07368446166988,14.));
#3303=CARTESIAN_POINT('',(-60.3183638419685,1.03684223083463,14.));
#3304=CARTESIAN_POINT('',(-60.3183638419685,2.07368446166988,14.));
#3305=CARTESIAN_POINT('Origin',(-52.2315534502938,2.3885744350739,14.));
#3306=CARTESIAN_POINT('',(-26.2017477259249,3.40214151965607,8.));
#3307=CARTESIAN_POINT('',(-26.2017477259246,3.40214151965608,14.));
#3308=CARTESIAN_POINT('Origin',(27.1600002097472,18.7119302199558,14.));
#3309=CARTESIAN_POINT('',(27.1600002097472,30.3199999999999,8.));
#3310=CARTESIAN_POINT('',(27.1600002097472,18.7119302199558,8.));
#3311=CARTESIAN_POINT('',(27.1600002097472,9.35596510997791,8.));
#3312=CARTESIAN_POINT('',(27.1600002097472,30.3199999999999,14.));
#3313=CARTESIAN_POINT('',(27.1600002097472,30.3199999999999,14.));
#3314=CARTESIAN_POINT('',(27.1600002097472,18.7119302199558,14.));
#3315=CARTESIAN_POINT('',(27.1600002097472,9.35596510997759,14.));
#3316=CARTESIAN_POINT('',(27.1600002097472,18.7119302199558,14.));
#3317=CARTESIAN_POINT('Origin',(37.9008989115926,18.1140482742953,14.));
#3318=CARTESIAN_POINT('',(37.9008989115926,18.1140482742953,8.));
#3319=CARTESIAN_POINT('',(19.5115791825146,19.1376723270113,8.));
#3320=CARTESIAN_POINT('',(37.9008989115926,18.1140482742953,14.));
#3321=CARTESIAN_POINT('',(19.511579182515,19.1376723270113,14.));
#3322=CARTESIAN_POINT('',(37.9008989115926,18.1140482742953,14.));
#3323=CARTESIAN_POINT('Origin',(41.0492791462607,30.6382303406413,14.));
#3324=CARTESIAN_POINT('',(41.0492791462607,30.6382303406413,8.));
#3325=CARTESIAN_POINT('',(36.2072507757272,11.3767560704066,8.));
#3326=CARTESIAN_POINT('',(41.0492791462607,30.6382303406413,14.));
#3327=CARTESIAN_POINT('',(36.2072507757272,11.3767560704064,14.));
#3328=CARTESIAN_POINT('',(41.0492791462607,30.6382303406413,14.));
#3329=CARTESIAN_POINT('Origin',(40.9645,30.7272392896054,14.));
#3330=CARTESIAN_POINT('',(40.9645,30.7272392896054,8.));
#3331=CARTESIAN_POINT('',(38.8943084273213,32.9007168977892,8.));
#3332=CARTESIAN_POINT('',(40.9645,30.7272392896054,14.));
#3333=CARTESIAN_POINT('',(38.8943084273216,32.9007168977889,14.));
#3334=CARTESIAN_POINT('',(40.9645,30.7272392896054,14.));
#3335=CARTESIAN_POINT('Origin',(40.9645,30.482015,14.));
#3336=CARTESIAN_POINT('',(40.9645,30.482015,8.));
#3337=CARTESIAN_POINT('',(40.9645,15.2410075,8.));
#3338=CARTESIAN_POINT('',(40.9645,30.482015,14.));
#3339=CARTESIAN_POINT('',(40.9645,15.2410074999997,14.));
#3340=CARTESIAN_POINT('',(40.9645,30.482015,14.));
#3341=CARTESIAN_POINT('Origin',(24.7598742601159,30.482015,14.));
#3342=CARTESIAN_POINT('',(24.7598742601159,30.482015,8.));
#3343=CARTESIAN_POINT('',(12.379937130058,30.482015,8.));
#3344=CARTESIAN_POINT('',(24.7598742601159,30.482015,14.));
#3345=CARTESIAN_POINT('',(12.3799371300583,30.482015,14.));
#3346=CARTESIAN_POINT('',(24.7598742601159,30.482015,14.));
#3347=CARTESIAN_POINT('Origin',(24.7252029655293,30.3199999999999,14.));
#3348=CARTESIAN_POINT('',(24.7252029655293,30.3199999999999,8.));
#3349=CARTESIAN_POINT('',(21.0816553130979,13.2941179281692,8.));
#3350=CARTESIAN_POINT('',(24.7252029655293,30.3199999999999,14.));
#3351=CARTESIAN_POINT('',(21.0816553130978,13.2941179281689,14.));
#3352=CARTESIAN_POINT('',(24.7252029655293,30.3199999999999,14.));
#3353=CARTESIAN_POINT('Origin',(27.1600002097472,30.3199999999999,14.));
#3354=CARTESIAN_POINT('',(13.5800001048736,30.3199999999999,8.));
#3355=CARTESIAN_POINT('',(13.5800001048739,30.3199999999999,14.));
#3356=CARTESIAN_POINT('Origin',(-34.23,51.96841791782,14.));
#3357=CARTESIAN_POINT('',(-19.0771780223356,51.96841791782,8.));
#3358=CARTESIAN_POINT('',(-34.23,51.96841791782,8.));
#3359=CARTESIAN_POINT('',(-17.115,51.96841791782,8.));
#3360=CARTESIAN_POINT('',(-19.0771780223356,51.96841791782,14.));
#3361=CARTESIAN_POINT('',(-19.0771780223356,51.96841791782,14.));
#3362=CARTESIAN_POINT('',(-34.23,51.96841791782,14.));
#3363=CARTESIAN_POINT('',(-17.1149999999996,51.96841791782,14.));
#3364=CARTESIAN_POINT('',(-34.23,51.96841791782,14.));
#3365=CARTESIAN_POINT('Origin',(-34.23,37.7174202969441,14.));
#3366=CARTESIAN_POINT('',(-34.23,37.7174202969441,8.));
#3367=CARTESIAN_POINT('',(-34.23,18.8587101484721,8.));
#3368=CARTESIAN_POINT('',(-34.23,37.7174202969441,14.));
#3369=CARTESIAN_POINT('',(-34.23,18.8587101484717,14.));
#3370=CARTESIAN_POINT('',(-34.23,37.7174202969441,14.));
#3371=CARTESIAN_POINT('Origin',(-25.2544410169434,34.8698130979138,14.));
#3372=CARTESIAN_POINT('',(-25.2544410169434,34.8698130979138,8.));
#3373=CARTESIAN_POINT('',(-8.75639798027817,29.6356047093551,8.));
#3374=CARTESIAN_POINT('',(-25.2544410169434,34.8698130979138,14.));
#3375=CARTESIAN_POINT('',(-8.75639798027775,29.6356047093549,14.));
#3376=CARTESIAN_POINT('',(-25.2544410169434,34.8698130979138,14.));
#3377=CARTESIAN_POINT('Origin',(-18.5284399621239,39.8268715542831,14.));
#3378=CARTESIAN_POINT('',(-18.5284399621239,39.8268715542831,8.));
#3379=CARTESIAN_POINT('',(-22.0354911759377,37.2421770627622,8.));
#3380=CARTESIAN_POINT('',(-18.5284399621239,39.8268715542831,14.));
#3381=CARTESIAN_POINT('',(-22.0354911759376,37.2421770627622,14.));
#3382=CARTESIAN_POINT('',(-18.5284399621239,39.8268715542831,14.));
#3383=CARTESIAN_POINT('Origin',(-19.0771780223356,51.96841791782,14.));
#3384=CARTESIAN_POINT('',(-17.8857699256116,25.6069575177769,8.));
#3385=CARTESIAN_POINT('',(-17.8857699256116,25.6069575177766,14.));
#3386=CARTESIAN_POINT('Origin',(-59.7148845797997,-4.86090885132539,14.));
#3387=CARTESIAN_POINT('',(-52.0354731036713,-4.56188457033586,8.));
#3388=CARTESIAN_POINT('',(-59.7148845797997,-4.86090885132539,8.));
#3389=CARTESIAN_POINT('',(-29.8081488421817,-3.69638730192228,8.));
#3390=CARTESIAN_POINT('',(-52.0354731036713,-4.56188457033586,14.));
#3391=CARTESIAN_POINT('',(-52.0354731036713,-4.56188457033586,14.));
#3392=CARTESIAN_POINT('',(-59.7148845797997,-4.86090885132539,14.));
#3393=CARTESIAN_POINT('',(-29.8081488421814,-3.69638730192227,14.));
#3394=CARTESIAN_POINT('',(-59.7148845797997,-4.86090885132539,14.));
#3395=CARTESIAN_POINT('Origin',(-59.7148845797996,-24.4351951227915,14.));
#3396=CARTESIAN_POINT('',(-59.7148845797996,-24.4351951227915,8.));
#3397=CARTESIAN_POINT('',(-59.7148845797996,-12.2175975613958,8.));
#3398=CARTESIAN_POINT('',(-59.7148845797996,-24.4351951227915,14.));
#3399=CARTESIAN_POINT('',(-59.7148845797996,-12.2175975613961,14.));
#3400=CARTESIAN_POINT('',(-59.7148845797996,-24.4351951227915,14.));
#3401=CARTESIAN_POINT('Origin',(-58.19,-24.4539108471608,14.));
#3402=CARTESIAN_POINT('',(-58.19,-24.4539108471608,8.));
#3403=CARTESIAN_POINT('',(-29.2494275642848,-24.8091139779235,8.));
#3404=CARTESIAN_POINT('',(-58.19,-24.4539108471608,14.));
#3405=CARTESIAN_POINT('',(-29.2494275642845,-24.8091139779235,14.));
#3406=CARTESIAN_POINT('',(-58.19,-24.4539108471608,14.));
#3407=CARTESIAN_POINT('Origin',(-58.19,-14.7300000000001,14.));
#3408=CARTESIAN_POINT('',(-58.19,-14.7300000000001,8.));
#3409=CARTESIAN_POINT('',(-58.19,-7.36500000000006,8.));
#3410=CARTESIAN_POINT('',(-58.19,-14.7300000000001,14.));
#3411=CARTESIAN_POINT('',(-58.19,-7.36500000000038,14.));
#3412=CARTESIAN_POINT('',(-58.19,-14.7300000000001,14.));
#3413=CARTESIAN_POINT('Origin',(-44.2076982669348,-14.7300000000001,14.));
#3414=CARTESIAN_POINT('',(-44.2076982669348,-14.7300000000001,8.));
#3415=CARTESIAN_POINT('',(-22.1038491334674,-14.7300000000001,8.));
#3416=CARTESIAN_POINT('',(-44.2076982669348,-14.7300000000001,14.));
#3417=CARTESIAN_POINT('',(-22.103849133467,-14.7300000000001,14.));
#3418=CARTESIAN_POINT('',(-44.2076982669348,-14.7300000000001,14.));
#3419=CARTESIAN_POINT('Origin',(-43.8617556325562,-13.6440111459994,14.));
#3420=CARTESIAN_POINT('',(-43.8617556325562,-13.6440111459994,8.));
#3421=CARTESIAN_POINT('',(-39.8683972049025,-1.10799415505728,8.));
#3422=CARTESIAN_POINT('',(-43.8617556325562,-13.6440111459994,14.));
#3423=CARTESIAN_POINT('',(-39.8683972049026,-1.10799415505747,14.));
#3424=CARTESIAN_POINT('',(-43.8617556325562,-13.6440111459994,14.));
#3425=CARTESIAN_POINT('Origin',(-52.0354731036713,-4.56188457033586,14.));
#3426=CARTESIAN_POINT('',(-41.5266531762877,-16.2386317883105,8.));
#3427=CARTESIAN_POINT('',(-41.5266531762874,-16.2386317883108,14.));
#3428=CARTESIAN_POINT('Origin',(46.3652288916186,6.27452855647863,14.));
#3429=CARTESIAN_POINT('',(59.8744619950629,6.00061600360509,8.));
#3430=CARTESIAN_POINT('',(46.3652288916186,6.27452855647863,8.));
#3431=CARTESIAN_POINT('',(23.255726108416,6.74309571010714,8.));
#3432=CARTESIAN_POINT('',(59.8744619950629,6.00061600360509,14.));
#3433=CARTESIAN_POINT('',(59.8744619950629,6.00061600360509,14.));
#3434=CARTESIAN_POINT('',(46.3652288916186,6.27452855647863,14.));
#3435=CARTESIAN_POINT('',(23.2557261084164,6.74309571010714,14.));
#3436=CARTESIAN_POINT('',(46.3652288916186,6.27452855647863,14.));
#3437=CARTESIAN_POINT('Origin',(44.210000146229,-0.901667740473169,14.));
#3438=CARTESIAN_POINT('',(44.210000146229,-0.901667740473169,8.));
#3439=CARTESIAN_POINT('',(42.5053254936223,-6.57766846926467,8.));
#3440=CARTESIAN_POINT('',(44.210000146229,-0.901667740473169,14.));
#3441=CARTESIAN_POINT('',(42.5053254936222,-6.57766846926487,14.));
#3442=CARTESIAN_POINT('',(44.210000146229,-0.901667740473169,14.));
#3443=CARTESIAN_POINT('Origin',(44.210000146229,-6.70005633865892,14.));
#3444=CARTESIAN_POINT('',(44.210000146229,-6.70005633865892,8.));
#3445=CARTESIAN_POINT('',(44.210000146229,-3.35002816932946,8.));
#3446=CARTESIAN_POINT('',(44.210000146229,-6.70005633865892,14.));
#3447=CARTESIAN_POINT('',(44.210000146229,-3.35002816932978,14.));
#3448=CARTESIAN_POINT('',(44.210000146229,-6.70005633865892,14.));
#3449=CARTESIAN_POINT('Origin',(47.0637589587287,-9.96620307860505,14.));
#3450=CARTESIAN_POINT('',(47.0637589587287,-9.96620307860505,8.));
#3451=CARTESIAN_POINT('',(34.4073137009461,4.5191862391431,8.));
#3452=CARTESIAN_POINT('',(47.0637589587287,-9.96620307860505,14.));
#3453=CARTESIAN_POINT('',(34.4073137009464,4.51918623914275,14.));
#3454=CARTESIAN_POINT('',(47.0637589587287,-9.96620307860505,14.));
#3455=CARTESIAN_POINT('Origin',(59.8744619950629,-9.64794752895618,14.));
#3456=CARTESIAN_POINT('',(59.8744619950629,-9.64794752895618,8.));
#3457=CARTESIAN_POINT('',(30.0754637969426,-10.3882423061929,8.));
#3458=CARTESIAN_POINT('',(59.8744619950629,-9.64794752895618,14.));
#3459=CARTESIAN_POINT('',(30.075463796943,-10.3882423061929,14.));
#3460=CARTESIAN_POINT('',(59.8744619950629,-9.64794752895618,14.));
#3461=CARTESIAN_POINT('Origin',(59.8744619950629,6.00061600360509,14.));
#3462=CARTESIAN_POINT('',(59.8744619950629,3.00030800180255,8.));
#3463=CARTESIAN_POINT('',(59.8744619950629,3.00030800180223,14.));
#3464=CARTESIAN_POINT('Origin',(-60.2743439968332,-51.8199822382831,14.));
#3465=CARTESIAN_POINT('',(-60.2743439968332,-31.3657314072555,8.));
#3466=CARTESIAN_POINT('',(-60.2743439968332,-51.8199822382831,8.));
#3467=CARTESIAN_POINT('',(-60.2743439968332,-25.9099911191416,8.));
#3468=CARTESIAN_POINT('',(-60.2743439968332,-31.3657314072555,14.));
#3469=CARTESIAN_POINT('',(-60.2743439968332,-31.3657314072555,14.));
#3470=CARTESIAN_POINT('',(-60.2743439968332,-51.8199822382831,14.));
#3471=CARTESIAN_POINT('',(-60.2743439968332,-25.9099911191419,14.));
#3472=CARTESIAN_POINT('',(-60.2743439968332,-51.8199822382831,14.));
#3473=CARTESIAN_POINT('Origin',(-48.4227847640667,-51.8199784390156,14.));
#3474=CARTESIAN_POINT('',(-48.4227847640667,-51.8199784390156,8.));
#3475=CARTESIAN_POINT('',(-24.2113840760417,-51.8199706775399,8.));
#3476=CARTESIAN_POINT('',(-48.4227847640667,-51.8199784390156,14.));
#3477=CARTESIAN_POINT('',(-24.2113840760414,-51.8199706775399,14.));
#3478=CARTESIAN_POINT('',(-48.4227847640667,-51.8199784390156,14.));
#3479=CARTESIAN_POINT('Origin',(-46.5203119957175,-40.9300000000001,14.));
#3480=CARTESIAN_POINT('',(-46.5203119957175,-40.9300000000001,8.));
#3481=CARTESIAN_POINT('',(-42.3620995701829,-17.1279017979788,8.));
#3482=CARTESIAN_POINT('',(-46.5203119957175,-40.9300000000001,14.));
#3483=CARTESIAN_POINT('',(-42.362099570183,-17.127901797979,14.));
#3484=CARTESIAN_POINT('',(-46.5203119957175,-40.9300000000001,14.));
#3485=CARTESIAN_POINT('Origin',(-58.19,-40.9300000000001,14.));
#3486=CARTESIAN_POINT('',(-58.19,-40.9300000000001,8.));
#3487=CARTESIAN_POINT('',(-29.095,-40.9300000000001,8.));
#3488=CARTESIAN_POINT('',(-58.19,-40.9300000000001,14.));
#3489=CARTESIAN_POINT('',(-29.0949999999996,-40.9300000000001,14.));
#3490=CARTESIAN_POINT('',(-58.19,-40.9300000000001,14.));
#3491=CARTESIAN_POINT('Origin',(-58.19,-31.3913135670792,14.));
#3492=CARTESIAN_POINT('',(-58.19,-31.3913135670792,8.));
#3493=CARTESIAN_POINT('',(-58.19,-15.6956567835396,8.));
#3494=CARTESIAN_POINT('',(-58.19,-31.3913135670792,14.));
#3495=CARTESIAN_POINT('',(-58.19,-15.6956567835399,14.));
#3496=CARTESIAN_POINT('',(-58.19,-31.3913135670792,14.));
#3497=CARTESIAN_POINT('Origin',(-60.2743439968332,-31.3657314072555,14.));
#3498=CARTESIAN_POINT('',(-30.3341655179489,-31.7332016675199,8.));
#3499=CARTESIAN_POINT('',(-30.3341655179486,-31.7332016675199,14.));
#3500=CARTESIAN_POINT('Origin',(-18.09,28.3199999999999,14.));
#3501=CARTESIAN_POINT('',(-18.09,9.26999999999989,14.));
#3502=CARTESIAN_POINT('',(-18.09,28.3199999999999,14.));
#3503=CARTESIAN_POINT('',(-18.09,9.26999999999989,14.));
#3504=CARTESIAN_POINT('',(-18.09,9.26999999999989,8.));
#3505=CARTESIAN_POINT('',(-18.09,9.26999999999989,14.));
#3506=CARTESIAN_POINT('',(-18.09,28.3199999999999,8.));
#3507=CARTESIAN_POINT('',(-18.09,9.26999999999989,8.));
#3508=CARTESIAN_POINT('',(-18.09,28.3199999999999,14.));
#3509=CARTESIAN_POINT('Origin',(25.1600001914686,28.3199999999999,14.));
#3510=CARTESIAN_POINT('',(25.1600001914686,28.3199999999999,14.));
#3511=CARTESIAN_POINT('',(-18.09,28.3199999999999,14.));
#3512=CARTESIAN_POINT('',(25.1600001914686,28.3199999999999,8.));
#3513=CARTESIAN_POINT('',(-18.09,28.3199999999999,8.));
#3514=CARTESIAN_POINT('',(25.1600001914686,28.3199999999999,14.));
#3515=CARTESIAN_POINT('Origin',(25.1600001914686,9.26999999999989,14.));
#3516=CARTESIAN_POINT('',(25.1600001914686,9.26999999999989,14.));
#3517=CARTESIAN_POINT('',(25.1600001914686,28.3199999999999,14.));
#3518=CARTESIAN_POINT('',(25.1600001914686,9.26999999999989,8.));
#3519=CARTESIAN_POINT('',(25.1600001914686,28.3199999999999,8.));
#3520=CARTESIAN_POINT('',(25.1600001914686,9.26999999999989,14.));
#3521=CARTESIAN_POINT('Origin',(42.2100001279504,9.26999999999989,14.));
#3522=CARTESIAN_POINT('',(42.2100001279504,9.26999999999989,14.));
#3523=CARTESIAN_POINT('',(25.1600001914686,9.26999999999989,14.));
#3524=CARTESIAN_POINT('',(42.2100001279504,9.26999999999989,8.));
#3525=CARTESIAN_POINT('',(25.1600001914686,9.26999999999989,8.));
#3526=CARTESIAN_POINT('',(42.2100001279504,9.26999999999989,14.));
#3527=CARTESIAN_POINT('Origin',(42.2100001279504,-16.7300000000001,14.));
#3528=CARTESIAN_POINT('',(42.2100001279504,-16.7300000000001,14.));
#3529=CARTESIAN_POINT('',(42.2100001279504,9.26999999999989,14.));
#3530=CARTESIAN_POINT('',(42.2100001279504,-16.7300000000001,8.));
#3531=CARTESIAN_POINT('',(42.2100001279504,9.26999999999989,8.));
#3532=CARTESIAN_POINT('',(42.2100001279504,-16.7300000000001,14.));
#3533=CARTESIAN_POINT('Origin',(61.2600001736469,-16.7300000000001,14.));
#3534=CARTESIAN_POINT('',(61.2600001736469,-16.7300000000001,14.));
#3535=CARTESIAN_POINT('',(42.2100001279504,-16.7300000000001,14.));
#3536=CARTESIAN_POINT('',(61.2600001736469,-16.7300000000001,8.));
#3537=CARTESIAN_POINT('',(42.2100001279504,-16.7300000000001,8.));
#3538=CARTESIAN_POINT('',(61.2600001736469,-16.7300000000001,14.));
#3539=CARTESIAN_POINT('Origin',(61.2600001736469,-37.7300008075639,14.));
#3540=CARTESIAN_POINT('',(61.2600001736469,-37.7300008075639,14.));
#3541=CARTESIAN_POINT('',(61.2600001736469,-16.7300000000001,14.));
#3542=CARTESIAN_POINT('',(61.2600001736469,-37.7300008075639,8.));
#3543=CARTESIAN_POINT('',(61.2600001736469,-16.7300000000001,8.));
#3544=CARTESIAN_POINT('',(61.2600001736469,-37.7300008075639,14.));
#3545=CARTESIAN_POINT('Origin',(42.2100000813399,-37.7300004593562,14.));
#3546=CARTESIAN_POINT('',(42.2100000813399,-37.7300004593562,14.));
#3547=CARTESIAN_POINT('',(61.2600001736469,-37.7300008075639,14.));
#3548=CARTESIAN_POINT('',(42.2100000813399,-37.7300004593562,8.));
#3549=CARTESIAN_POINT('',(61.2600001736469,-37.7300008075639,8.));
#3550=CARTESIAN_POINT('',(42.2100000813399,-37.7300004593562,14.));
#3551=CARTESIAN_POINT('Origin',(42.2100000813399,-51.0300000000001,14.));
#3552=CARTESIAN_POINT('',(42.2100000813399,-51.0300000000001,14.));
#3553=CARTESIAN_POINT('',(42.2100000813399,-37.7300004593562,14.));
#3554=CARTESIAN_POINT('',(42.2100000813399,-51.0300000000001,8.));
#3555=CARTESIAN_POINT('',(42.2100000813399,-37.7300004593562,8.));
#3556=CARTESIAN_POINT('',(42.2100000813399,-51.0300000000001,14.));
#3557=CARTESIAN_POINT('Origin',(-37.14,-51.0300000000001,14.));
#3558=CARTESIAN_POINT('',(-37.14,-51.0300000000001,14.));
#3559=CARTESIAN_POINT('',(42.2100000813399,-51.0300000000001,14.));
#3560=CARTESIAN_POINT('',(-37.14,-51.0300000000001,8.));
#3561=CARTESIAN_POINT('',(42.2100000813399,-51.0300000000001,8.));
#3562=CARTESIAN_POINT('',(-37.14,-51.0300000000001,14.));
#3563=CARTESIAN_POINT('Origin',(-37.14,-38.9300000000001,14.));
#3564=CARTESIAN_POINT('',(-37.14,-38.9300000000001,14.));
#3565=CARTESIAN_POINT('',(-37.14,-51.0300000000001,14.));
#3566=CARTESIAN_POINT('',(-37.14,-38.9300000000001,8.));
#3567=CARTESIAN_POINT('',(-37.14,-51.0300000000001,8.));
#3568=CARTESIAN_POINT('',(-37.14,-38.9300000000001,14.));
#3569=CARTESIAN_POINT('Origin',(-56.19,-38.9300000000001,14.));
#3570=CARTESIAN_POINT('',(-56.19,-38.9300000000001,14.));
#3571=CARTESIAN_POINT('',(-37.14,-38.9300000000001,14.));
#3572=CARTESIAN_POINT('',(-56.19,-38.9300000000001,8.));
#3573=CARTESIAN_POINT('',(-37.14,-38.9300000000001,8.));
#3574=CARTESIAN_POINT('',(-56.19,-38.9300000000001,14.));
#3575=CARTESIAN_POINT('Origin',(-56.19,-16.7300000000001,14.));
#3576=CARTESIAN_POINT('',(-56.19,-16.7300000000001,14.));
#3577=CARTESIAN_POINT('',(-56.19,-38.9300000000001,14.));
#3578=CARTESIAN_POINT('',(-56.19,-16.7300000000001,8.));
#3579=CARTESIAN_POINT('',(-56.19,-38.9300000000001,8.));
#3580=CARTESIAN_POINT('',(-56.19,-16.7300000000001,14.));
#3581=CARTESIAN_POINT('Origin',(-37.14,-16.7300000000001,14.));
#3582=CARTESIAN_POINT('',(-37.14,-16.7300000000001,14.));
#3583=CARTESIAN_POINT('',(-56.19,-16.7300000000001,14.));
#3584=CARTESIAN_POINT('',(-37.14,-16.7300000000001,8.));
#3585=CARTESIAN_POINT('',(-56.19,-16.7300000000001,8.));
#3586=CARTESIAN_POINT('',(-37.14,-16.7300000000001,14.));
#3587=CARTESIAN_POINT('Origin',(-37.14,9.26999999999989,14.));
#3588=CARTESIAN_POINT('',(-37.14,9.26999999999989,14.));
#3589=CARTESIAN_POINT('',(-37.14,-16.7300000000001,14.));
#3590=CARTESIAN_POINT('',(-37.14,9.26999999999989,8.));
#3591=CARTESIAN_POINT('',(-37.14,-16.7300000000001,8.));
#3592=CARTESIAN_POINT('',(-37.14,9.26999999999989,14.));
#3593=CARTESIAN_POINT('Origin',(-18.09,9.26999999999989,14.));
#3594=CARTESIAN_POINT('',(-37.14,9.26999999999989,14.));
#3595=CARTESIAN_POINT('',(-37.14,9.26999999999989,8.));
#3596=CARTESIAN_POINT('Origin',(-3.33549999999999,48.582015,14.));
#3597=CARTESIAN_POINT('',(-3.33549999999999,32.482015,14.));
#3598=CARTESIAN_POINT('',(-3.33549999999999,48.582015,14.));
#3599=CARTESIAN_POINT('',(-3.33549999999999,32.482015,14.));
#3600=CARTESIAN_POINT('',(-3.33549999999999,32.482015,8.));
#3601=CARTESIAN_POINT('',(-3.33549999999999,32.482015,14.));
#3602=CARTESIAN_POINT('',(-3.33549999999999,48.582015,8.));
#3603=CARTESIAN_POINT('',(-3.33549999999999,32.482015,8.));
#3604=CARTESIAN_POINT('',(-3.33549999999999,48.582015,14.));
#3605=CARTESIAN_POINT('Origin',(38.9645,48.582015,14.));
#3606=CARTESIAN_POINT('',(38.9645,48.582015,14.));
#3607=CARTESIAN_POINT('',(-3.33549999999999,48.582015,14.));
#3608=CARTESIAN_POINT('',(38.9645,48.582015,8.));
#3609=CARTESIAN_POINT('',(-3.33549999999999,48.582015,8.));
#3610=CARTESIAN_POINT('',(38.9645,48.582015,14.));
#3611=CARTESIAN_POINT('Origin',(38.9645,32.482015,14.));
#3612=CARTESIAN_POINT('',(38.9645,32.482015,14.));
#3613=CARTESIAN_POINT('',(38.9645,48.582015,14.));
#3614=CARTESIAN_POINT('',(38.9645,32.482015,8.));
#3615=CARTESIAN_POINT('',(38.9645,48.582015,8.));
#3616=CARTESIAN_POINT('',(38.9645,32.482015,14.));
#3617=CARTESIAN_POINT('Origin',(-3.33549999999999,32.482015,14.));
#3618=CARTESIAN_POINT('',(38.9645,32.482015,14.));
#3619=CARTESIAN_POINT('',(38.9645,32.482015,8.));
#3620=CARTESIAN_POINT('Origin',(-58.01,27.216,14.));
#3621=CARTESIAN_POINT('',(-36.23,27.216,14.));
#3622=CARTESIAN_POINT('',(-58.01,27.216,14.));
#3623=CARTESIAN_POINT('',(-36.23,27.216,14.));
#3624=CARTESIAN_POINT('',(-36.23,27.216,8.));
#3625=CARTESIAN_POINT('',(-36.23,27.216,14.));
#3626=CARTESIAN_POINT('',(-58.01,27.216,8.));
#3627=CARTESIAN_POINT('',(-36.23,27.216,8.));
#3628=CARTESIAN_POINT('',(-58.01,27.216,14.));
#3629=CARTESIAN_POINT('Origin',(-58.01,55.,14.));
#3630=CARTESIAN_POINT('',(-58.01,55.,14.));
#3631=CARTESIAN_POINT('',(-58.01,27.216,14.));
#3632=CARTESIAN_POINT('',(-58.01,55.,8.));
#3633=CARTESIAN_POINT('',(-58.01,27.216,8.));
#3634=CARTESIAN_POINT('',(-58.01,55.,2.));
#3635=CARTESIAN_POINT('Origin',(-36.23,27.216,14.));
#3636=CARTESIAN_POINT('',(-36.23,55.,14.));
#3637=CARTESIAN_POINT('',(-36.23,55.,14.));
#3638=CARTESIAN_POINT('',(-36.23,55.,8.));
#3639=CARTESIAN_POINT('',(-36.23,55.,2.));
#3640=CARTESIAN_POINT('',(-36.23,55.,8.));
#3641=CARTESIAN_POINT('Origin',(8.88178419700125E-15,0.,8.));
#3642=CARTESIAN_POINT('',(73.2,64.9999999999987,8.));
#3643=CARTESIAN_POINT('',(73.2,-32.5000000000003,8.));
#3644=CARTESIAN_POINT('',(36.6000000000004,64.9999999999987,8.));
#3645=CARTESIAN_POINT('',(-31.5999999999996,55.,8.));
#3646=CARTESIAN_POINT('Origin',(-63.2,55.,-10.));
#3647=CARTESIAN_POINT('',(63.2,55.,14.));
#3648=CARTESIAN_POINT('Origin',(7.105427357601E-13,-6.3948846218409E-13,
14.));
#3649=CARTESIAN_POINT('',(73.2,64.9999999999987,14.));
#3650=CARTESIAN_POINT('',(-73.1999999999986,64.9999999999987,14.));
#3651=CARTESIAN_POINT('',(73.2,64.9999999999987,14.));
#3652=CARTESIAN_POINT('Origin',(73.2,-65.,-10.));
#3653=CARTESIAN_POINT('',(73.2,64.9999999999987,-10.));
#3654=CARTESIAN_POINT('Origin',(73.2,64.9999999999987,-10.));
#3655=UNCERTAINTY_MEASURE_WITH_UNIT(LENGTH_MEASURE(0.01),#3659,
'DISTANCE_ACCURACY_VALUE',
'Maximum model space distance between geometric entities at asserted c
onnectivities');
#3656=UNCERTAINTY_MEASURE_WITH_UNIT(LENGTH_MEASURE(0.01),#3659,
'DISTANCE_ACCURACY_VALUE',
'Maximum model space distance between geometric entities at asserted c
onnectivities');
#3657=(
GEOMETRIC_REPRESENTATION_CONTEXT(3)
GLOBAL_UNCERTAINTY_ASSIGNED_CONTEXT((#3655))
GLOBAL_UNIT_ASSIGNED_CONTEXT((#3659,#3660,#3661))
REPRESENTATION_CONTEXT('','3D')
);
#3658=(
GEOMETRIC_REPRESENTATION_CONTEXT(3)
GLOBAL_UNCERTAINTY_ASSIGNED_CONTEXT((#3656))
GLOBAL_UNIT_ASSIGNED_CONTEXT((#3659,#3660,#3661))
REPRESENTATION_CONTEXT('','3D')
);
#3659=(
LENGTH_UNIT()
NAMED_UNIT(*)
SI_UNIT(.MILLI.,.METRE.)
);
#3660=(
NAMED_UNIT(*)
PLANE_ANGLE_UNIT()
SI_UNIT($,.RADIAN.)
);
#3661=(
NAMED_UNIT(*)
SI_UNIT($,.STERADIAN.)
SOLID_ANGLE_UNIT()
);
#3662=SHAPE_DEFINITION_REPRESENTATION(#3663,#3664);
#3663=PRODUCT_DEFINITION_SHAPE('',$,#3666);
#3664=SHAPE_REPRESENTATION('',(#2343),#3657);
#3665=PRODUCT_DEFINITION_CONTEXT('part definition',#3670,'design');
#3666=PRODUCT_DEFINITION('MacroPad (v2~recovered)',
'MacroPad (v2~recovered)',#3667,#3665);
#3667=PRODUCT_DEFINITION_FORMATION('',$,#3672);
#3668=PRODUCT_RELATED_PRODUCT_CATEGORY('MacroPad (v2~recovered)',
'MacroPad (v2~recovered)',(#3672));
#3669=APPLICATION_PROTOCOL_DEFINITION('international standard',
'automotive_design',2009,#3670);
#3670=APPLICATION_CONTEXT(
'Core Data for Automotive Mechanical Design Process');
#3671=PRODUCT_CONTEXT('part definition',#3670,'mechanical');
#3672=PRODUCT('MacroPad (v2~recovered)','MacroPad (v2~recovered)',$,(#3671));
#3673=PRESENTATION_STYLE_ASSIGNMENT((#3688));
#3674=PRESENTATION_STYLE_ASSIGNMENT((#3689));
#3675=PRESENTATION_STYLE_ASSIGNMENT((#3690));
#3676=PRESENTATION_STYLE_ASSIGNMENT((#3691));
#3677=PRESENTATION_STYLE_ASSIGNMENT((#3692));
#3678=PRESENTATION_STYLE_ASSIGNMENT((#3693));
#3679=PRESENTATION_STYLE_ASSIGNMENT((#3694));
#3680=PRESENTATION_STYLE_ASSIGNMENT((#3695));
#3681=PRESENTATION_STYLE_ASSIGNMENT((#3696));
#3682=PRESENTATION_STYLE_ASSIGNMENT((#3697));
#3683=PRESENTATION_STYLE_ASSIGNMENT((#3698));
#3684=PRESENTATION_STYLE_ASSIGNMENT((#3699));
#3685=PRESENTATION_STYLE_ASSIGNMENT((#3700));
#3686=PRESENTATION_STYLE_ASSIGNMENT((#3701));
#3687=PRESENTATION_STYLE_ASSIGNMENT((#3702));
#3688=SURFACE_STYLE_USAGE(.BOTH.,#3703);
#3689=SURFACE_STYLE_USAGE(.BOTH.,#3704);
#3690=SURFACE_STYLE_USAGE(.BOTH.,#3705);
#3691=SURFACE_STYLE_USAGE(.BOTH.,#3706);
#3692=SURFACE_STYLE_USAGE(.BOTH.,#3707);
#3693=SURFACE_STYLE_USAGE(.BOTH.,#3708);
#3694=SURFACE_STYLE_USAGE(.BOTH.,#3709);
#3695=SURFACE_STYLE_USAGE(.BOTH.,#3710);
#3696=SURFACE_STYLE_USAGE(.BOTH.,#3711);
#3697=SURFACE_STYLE_USAGE(.BOTH.,#3712);
#3698=SURFACE_STYLE_USAGE(.BOTH.,#3713);
#3699=SURFACE_STYLE_USAGE(.BOTH.,#3714);
#3700=SURFACE_STYLE_USAGE(.BOTH.,#3715);
#3701=SURFACE_STYLE_USAGE(.BOTH.,#3716);
#3702=SURFACE_STYLE_USAGE(.BOTH.,#3717);
#3703=SURFACE_SIDE_STYLE('',(#3718));
#3704=SURFACE_SIDE_STYLE('',(#3719));
#3705=SURFACE_SIDE_STYLE('',(#3720));
#3706=SURFACE_SIDE_STYLE('',(#3721));
#3707=SURFACE_SIDE_STYLE('',(#3722));
#3708=SURFACE_SIDE_STYLE('',(#3723));
#3709=SURFACE_SIDE_STYLE('',(#3724));
#3710=SURFACE_SIDE_STYLE('',(#3725));
#3711=SURFACE_SIDE_STYLE('',(#3726));
#3712=SURFACE_SIDE_STYLE('',(#3727));
#3713=SURFACE_SIDE_STYLE('',(#3728));
#3714=SURFACE_SIDE_STYLE('',(#3729));
#3715=SURFACE_SIDE_STYLE('',(#3730));
#3716=SURFACE_SIDE_STYLE('',(#3731));
#3717=SURFACE_SIDE_STYLE('',(#3732));
#3718=SURFACE_STYLE_FILL_AREA(#3733);
#3719=SURFACE_STYLE_FILL_AREA(#3734);
#3720=SURFACE_STYLE_FILL_AREA(#3735);
#3721=SURFACE_STYLE_FILL_AREA(#3736);
#3722=SURFACE_STYLE_FILL_AREA(#3737);
#3723=SURFACE_STYLE_FILL_AREA(#3738);
#3724=SURFACE_STYLE_FILL_AREA(#3739);
#3725=SURFACE_STYLE_FILL_AREA(#3740);
#3726=SURFACE_STYLE_FILL_AREA(#3741);
#3727=SURFACE_STYLE_FILL_AREA(#3742);
#3728=SURFACE_STYLE_FILL_AREA(#3743);
#3729=SURFACE_STYLE_FILL_AREA(#3744);
#3730=SURFACE_STYLE_FILL_AREA(#3745);
#3731=SURFACE_STYLE_FILL_AREA(#3746);
#3732=SURFACE_STYLE_FILL_AREA(#3747);
#3733=FILL_AREA_STYLE('Opaque(80,124,105)',(#3748));
#3734=FILL_AREA_STYLE('Opaque(160,160,160)',(#3749));
#3735=FILL_AREA_STYLE('Opaque(69,80,94)',(#3750));
#3736=FILL_AREA_STYLE('Opaque(152,170,175)',(#3751));
#3737=FILL_AREA_STYLE('Opaque(211,212,213)',(#3752));
#3738=FILL_AREA_STYLE('Opaque(5,5,5)',(#3753));
#3739=FILL_AREA_STYLE('Opaque(176,173,173)',(#3754));
#3740=FILL_AREA_STYLE('Opaque(76,76,76)',(#3755));
#3741=FILL_AREA_STYLE('Opaque(191,191,191)',(#3756));
#3742=FILL_AREA_STYLE('Opaque(190,188,186)',(#3757));
#3743=FILL_AREA_STYLE('Opaque(130,116,95)',(#3758));
#3744=FILL_AREA_STYLE('Powder Coat (Black)',(#3759));
#3745=FILL_AREA_STYLE('Copper - Polished',(#3760));
#3746=FILL_AREA_STYLE('ABS (White)',(#3761));
#3747=FILL_AREA_STYLE('Steel - Satin',(#3762));
#3748=FILL_AREA_STYLE_COLOUR('Opaque(80,124,105)',#3763);
#3749=FILL_AREA_STYLE_COLOUR('Opaque(160,160,160)',#3764);
#3750=FILL_AREA_STYLE_COLOUR('Opaque(69,80,94)',#3765);
#3751=FILL_AREA_STYLE_COLOUR('Opaque(152,170,175)',#3766);
#3752=FILL_AREA_STYLE_COLOUR('Opaque(211,212,213)',#3767);
#3753=FILL_AREA_STYLE_COLOUR('Opaque(5,5,5)',#3768);
#3754=FILL_AREA_STYLE_COLOUR('Opaque(176,173,173)',#3769);
#3755=FILL_AREA_STYLE_COLOUR('Opaque(76,76,76)',#3770);
#3756=FILL_AREA_STYLE_COLOUR('Opaque(191,191,191)',#3771);
#3757=FILL_AREA_STYLE_COLOUR('Opaque(190,188,186)',#3772);
#3758=FILL_AREA_STYLE_COLOUR('Opaque(130,116,95)',#3773);
#3759=FILL_AREA_STYLE_COLOUR('Powder Coat (Black)',#3774);
#3760=FILL_AREA_STYLE_COLOUR('Copper - Polished',#3775);
#3761=FILL_AREA_STYLE_COLOUR('ABS (White)',#3776);
#3762=FILL_AREA_STYLE_COLOUR('Steel - Satin',#3777);
#3763=COLOUR_RGB('Opaque(80,124,105)',0.313725490196078,0.486274509803922,
0.411764705882353);
#3764=COLOUR_RGB('Opaque(160,160,160)',0.627450980392157,0.627450980392157,
0.627450980392157);
#3765=COLOUR_RGB('Opaque(69,80,94)',0.270588235294118,0.313725490196078,
0.368627450980392);
#3766=COLOUR_RGB('Opaque(152,170,175)',0.596078431372549,0.666666666666667,
0.686274509803922);
#3767=COLOUR_RGB('Opaque(211,212,213)',0.827450980392157,0.831372549019608,
0.835294117647059);
#3768=COLOUR_RGB('Opaque(5,5,5)',0.0196078431372549,0.0196078431372549,
0.0196078431372549);
#3769=COLOUR_RGB('Opaque(176,173,173)',0.690196078431373,0.67843137254902,
0.67843137254902);
#3770=COLOUR_RGB('Opaque(76,76,76)',0.298039215686275,0.298039215686275,
0.298039215686275);
#3771=COLOUR_RGB('Opaque(191,191,191)',0.749019607843137,0.749019607843137,
0.749019607843137);
#3772=COLOUR_RGB('Opaque(190,188,186)',0.745098039215686,0.737254901960784,
0.729411764705882);
#3773=COLOUR_RGB('Opaque(130,116,95)',0.509803921568627,0.454901960784314,
0.372549019607843);
#3774=COLOUR_RGB('Powder Coat (Black)',0.0980392156862745,0.0980392156862745,
0.0980392156862745);
#3775=COLOUR_RGB('Copper - Polished',0.929411764705882,0.807843137254902,
0.764705882352941);
#3776=COLOUR_RGB('ABS (White)',0.964705882352941,0.964705882352941,0.952941176470588);
#3777=COLOUR_RGB('Steel - Satin',0.627450980392157,0.627450980392157,0.627450980392157);
ENDSEC;
END-ISO-10303-21;
